<?xml version='1.0' encoding='UTF-8' standalone='no'?>
<doxygen xmlns:xsi="http://www.w3.org/2001/XMLSchema-instance" xsi:noNamespaceSchemaLocation="compound.xsd" version="1.8.17">
  <compounddef id="____init_____8py" kind="file" language="Python">
    <compoundname>__init__.py</compoundname>
    <innernamespace refid="namespacegroup5__rwa__3">group5_rwa_3</innernamespace>
    <briefdescription>
    </briefdescription>
    <detaileddescription>
    </detaileddescription>
    <programlisting>
    </programlisting>
    <location file="/home/shubh/ariac_ws/src/group5/group5_rwa_3/include/group5_rwa_3/__init__.py"/>
  </compounddef>
</doxygen>
