<?xml version='1.0' encoding='UTF-8' standalone='no'?>
<doxygen xmlns:xsi="http://www.w3.org/2001/XMLSchema-instance" xsi:noNamespaceSchemaLocation="compound.xsd" version="1.8.17">
  <compounddef id="classgroup5__rwa__3_1_1store__and__submit_1_1AssemblyPartClass" kind="class" language="Python" prot="public">
    <compoundname>group5_rwa_3::store_and_submit::AssemblyPartClass</compoundname>
    <basecompoundref refid="classgroup5__rwa__3_1_1store__and__submit_1_1PartClass" prot="public" virt="non-virtual">group5_rwa_3.store_and_submit.PartClass</basecompoundref>
      <sectiondef kind="public-attrib">
      <memberdef kind="variable" id="classgroup5__rwa__3_1_1store__and__submit_1_1AssemblyPartClass_1a67c059d6261e69989887dc1eda914ce9" prot="public" static="no" mutable="no">
        <type></type>
        <definition>group5_rwa_3.store_and_submit.AssemblyPartClass::pose</definition>
        <argsstring></argsstring>
        <name>pose</name>
        <briefdescription>
        </briefdescription>
        <detaileddescription>
        </detaileddescription>
        <inbodydescription>
        </inbodydescription>
        <location file="/home/shubh/ariac_ws/src/group5/group5_rwa_3/include/group5_rwa_3/store_and_submit.py" line="31" column="1" bodyfile="/home/shubh/ariac_ws/src/group5/group5_rwa_3/include/group5_rwa_3/store_and_submit.py" bodystart="31" bodyend="-1"/>
      </memberdef>
      <memberdef kind="variable" id="classgroup5__rwa__3_1_1store__and__submit_1_1AssemblyPartClass_1aa4f995b476fad25dc89f99dbf56155da" prot="public" static="no" mutable="no">
        <type></type>
        <definition>group5_rwa_3.store_and_submit.AssemblyPartClass::direction</definition>
        <argsstring></argsstring>
        <name>direction</name>
        <briefdescription>
        </briefdescription>
        <detaileddescription>
        </detaileddescription>
        <inbodydescription>
        </inbodydescription>
        <location file="/home/shubh/ariac_ws/src/group5/group5_rwa_3/include/group5_rwa_3/store_and_submit.py" line="32" column="1" bodyfile="/home/shubh/ariac_ws/src/group5/group5_rwa_3/include/group5_rwa_3/store_and_submit.py" bodystart="32" bodyend="-1"/>
      </memberdef>
      </sectiondef>
      <sectiondef kind="public-func">
      <memberdef kind="function" id="classgroup5__rwa__3_1_1store__and__submit_1_1AssemblyPartClass_1ac2108d3428c1bee13acd091399527c24" prot="public" static="no" const="no" explicit="no" inline="no" virt="non-virtual">
        <type>def</type>
        <definition>def group5_rwa_3.store_and_submit.AssemblyPartClass.__init__</definition>
        <argsstring>(self, msg)</argsstring>
        <name>__init__</name>
        <reimplements refid="classgroup5__rwa__3_1_1store__and__submit_1_1PartClass_1a1a3c011012332b1e50da21650f0a3481">__init__</reimplements>
        <param>
          <type>self</type>
          <defname>self</defname>
        </param>
        <param>
          <type>msg</type>
          <defname>msg</defname>
        </param>
        <briefdescription>
        </briefdescription>
        <detaileddescription>
        </detaileddescription>
        <inbodydescription>
        </inbodydescription>
        <location file="/home/shubh/ariac_ws/src/group5/group5_rwa_3/include/group5_rwa_3/store_and_submit.py" line="29" column="1" bodyfile="/home/shubh/ariac_ws/src/group5/group5_rwa_3/include/group5_rwa_3/store_and_submit.py" bodystart="29" bodyend="33"/>
      </memberdef>
      </sectiondef>
    <briefdescription>
    </briefdescription>
    <detaileddescription>
<para><verbatim>Inherit PartClass and create a new class for Assembly order, 
    The same class can be reused for the Combined order
</verbatim> </para>
    </detaileddescription>
    <inheritancegraph>
      <node id="1">
        <label>group5_rwa_3.store_and_submit.AssemblyPartClass</label>
        <link refid="classgroup5__rwa__3_1_1store__and__submit_1_1AssemblyPartClass"/>
        <childnode refid="2" relation="public-inheritance">
        </childnode>
      </node>
      <node id="2">
        <label>group5_rwa_3.store_and_submit.PartClass</label>
        <link refid="classgroup5__rwa__3_1_1store__and__submit_1_1PartClass"/>
      </node>
    </inheritancegraph>
    <collaborationgraph>
      <node id="1">
        <label>group5_rwa_3.store_and_submit.AssemblyPartClass</label>
        <link refid="classgroup5__rwa__3_1_1store__and__submit_1_1AssemblyPartClass"/>
        <childnode refid="2" relation="public-inheritance">
        </childnode>
      </node>
      <node id="2">
        <label>group5_rwa_3.store_and_submit.PartClass</label>
        <link refid="classgroup5__rwa__3_1_1store__and__submit_1_1PartClass"/>
      </node>
    </collaborationgraph>
    <location file="/home/shubh/ariac_ws/src/group5/group5_rwa_3/include/group5_rwa_3/store_and_submit.py" line="25" column="1" bodyfile="/home/shubh/ariac_ws/src/group5/group5_rwa_3/include/group5_rwa_3/store_and_submit.py" bodystart="25" bodyend="34"/>
    <listofallmembers>
      <member refid="classgroup5__rwa__3_1_1store__and__submit_1_1AssemblyPartClass_1ac2108d3428c1bee13acd091399527c24" prot="public" virt="non-virtual"><scope>group5_rwa_3::store_and_submit::AssemblyPartClass</scope><name>__init__</name></member>
      <member refid="classgroup5__rwa__3_1_1store__and__submit_1_1AssemblyPartClass_1aa4f995b476fad25dc89f99dbf56155da" prot="public" virt="non-virtual"><scope>group5_rwa_3::store_and_submit::AssemblyPartClass</scope><name>direction</name></member>
      <member refid="classgroup5__rwa__3_1_1store__and__submit_1_1PartClass_1a9e28f709238fa62e161a6e746473fdbd" prot="public" virt="non-virtual"><scope>group5_rwa_3::store_and_submit::AssemblyPartClass</scope><name>part_color</name></member>
      <member refid="classgroup5__rwa__3_1_1store__and__submit_1_1PartClass_1a87d6faac8c363b018fe0a18f05672065" prot="public" virt="non-virtual"><scope>group5_rwa_3::store_and_submit::AssemblyPartClass</scope><name>part_type</name></member>
      <member refid="classgroup5__rwa__3_1_1store__and__submit_1_1AssemblyPartClass_1a67c059d6261e69989887dc1eda914ce9" prot="public" virt="non-virtual"><scope>group5_rwa_3::store_and_submit::AssemblyPartClass</scope><name>pose</name></member>
    </listofallmembers>
  </compounddef>
</doxygen>
