<?xml version='1.0' encoding='UTF-8' standalone='no'?>
<doxygen xmlns:xsi="http://www.w3.org/2001/XMLSchema-instance" xsi:noNamespaceSchemaLocation="compound.xsd" version="1.8.17">
  <compounddef id="classgroup5__rwa__3_1_1store__and__submit_1_1OrderClass" kind="class" language="Python" prot="public">
    <compoundname>group5_rwa_3::store_and_submit::OrderClass</compoundname>
      <sectiondef kind="public-attrib">
      <memberdef kind="variable" id="classgroup5__rwa__3_1_1store__and__submit_1_1OrderClass_1a019fe3441f33083f5fbf0b2ceb7e8484" prot="public" static="no" mutable="no">
        <type></type>
        <definition>group5_rwa_3.store_and_submit.OrderClass::id</definition>
        <argsstring></argsstring>
        <name>id</name>
        <briefdescription>
        </briefdescription>
        <detaileddescription>
        </detaileddescription>
        <inbodydescription>
        </inbodydescription>
        <location file="/home/shubh/ariac_ws/src/group5/group5_rwa_3/include/group5_rwa_3/store_and_submit.py" line="78" column="1" bodyfile="/home/shubh/ariac_ws/src/group5/group5_rwa_3/include/group5_rwa_3/store_and_submit.py" bodystart="78" bodyend="-1"/>
      </memberdef>
      <memberdef kind="variable" id="classgroup5__rwa__3_1_1store__and__submit_1_1OrderClass_1afafe9baa8b5401e6641b20dace465b85" prot="public" static="no" mutable="no">
        <type></type>
        <definition>group5_rwa_3.store_and_submit.OrderClass::type</definition>
        <argsstring></argsstring>
        <name>type</name>
        <briefdescription>
        </briefdescription>
        <detaileddescription>
        </detaileddescription>
        <inbodydescription>
        </inbodydescription>
        <location file="/home/shubh/ariac_ws/src/group5/group5_rwa_3/include/group5_rwa_3/store_and_submit.py" line="79" column="1" bodyfile="/home/shubh/ariac_ws/src/group5/group5_rwa_3/include/group5_rwa_3/store_and_submit.py" bodystart="79" bodyend="-1"/>
      </memberdef>
      <memberdef kind="variable" id="classgroup5__rwa__3_1_1store__and__submit_1_1OrderClass_1a7526bea5d0266a388ce2b0d09deb99c8" prot="public" static="no" mutable="no">
        <type></type>
        <definition>group5_rwa_3.store_and_submit.OrderClass::priority</definition>
        <argsstring></argsstring>
        <name>priority</name>
        <briefdescription>
        </briefdescription>
        <detaileddescription>
        </detaileddescription>
        <inbodydescription>
        </inbodydescription>
        <location file="/home/shubh/ariac_ws/src/group5/group5_rwa_3/include/group5_rwa_3/store_and_submit.py" line="80" column="1" bodyfile="/home/shubh/ariac_ws/src/group5/group5_rwa_3/include/group5_rwa_3/store_and_submit.py" bodystart="80" bodyend="-1"/>
      </memberdef>
      <memberdef kind="variable" id="classgroup5__rwa__3_1_1store__and__submit_1_1OrderClass_1a09d686f01ceab4d6c5ee3acfbc2041fd" prot="public" static="no" mutable="no">
        <type></type>
        <definition>group5_rwa_3.store_and_submit.OrderClass::task</definition>
        <argsstring></argsstring>
        <name>task</name>
        <briefdescription>
        </briefdescription>
        <detaileddescription>
        </detaileddescription>
        <inbodydescription>
        </inbodydescription>
        <location file="/home/shubh/ariac_ws/src/group5/group5_rwa_3/include/group5_rwa_3/store_and_submit.py" line="82" column="1" bodyfile="/home/shubh/ariac_ws/src/group5/group5_rwa_3/include/group5_rwa_3/store_and_submit.py" bodystart="82" bodyend="-1"/>
      </memberdef>
      </sectiondef>
      <sectiondef kind="public-func">
      <memberdef kind="function" id="classgroup5__rwa__3_1_1store__and__submit_1_1OrderClass_1ac902ea8b63d6b8c7690f51e81d4df27b" prot="public" static="no" const="no" explicit="no" inline="no" virt="non-virtual">
        <type>def</type>
        <definition>def group5_rwa_3.store_and_submit.OrderClass.__init__</definition>
        <argsstring>(self, msg)</argsstring>
        <name>__init__</name>
        <param>
          <type>self</type>
          <defname>self</defname>
        </param>
        <param>
          <type>msg</type>
          <defname>msg</defname>
        </param>
        <briefdescription>
        </briefdescription>
        <detaileddescription>
        </detaileddescription>
        <inbodydescription>
        </inbodydescription>
        <location file="/home/shubh/ariac_ws/src/group5/group5_rwa_3/include/group5_rwa_3/store_and_submit.py" line="77" column="1" bodyfile="/home/shubh/ariac_ws/src/group5/group5_rwa_3/include/group5_rwa_3/store_and_submit.py" bodystart="77" bodyend="90"/>
      </memberdef>
      </sectiondef>
    <briefdescription>
    </briefdescription>
    <detaileddescription>
<para><verbatim>Order class checks the order type and creates the instances for each order type</verbatim> </para>
    </detaileddescription>
    <location file="/home/shubh/ariac_ws/src/group5/group5_rwa_3/include/group5_rwa_3/store_and_submit.py" line="75" column="1" bodyfile="/home/shubh/ariac_ws/src/group5/group5_rwa_3/include/group5_rwa_3/store_and_submit.py" bodystart="75" bodyend="90"/>
    <listofallmembers>
      <member refid="classgroup5__rwa__3_1_1store__and__submit_1_1OrderClass_1ac902ea8b63d6b8c7690f51e81d4df27b" prot="public" virt="non-virtual"><scope>group5_rwa_3::store_and_submit::OrderClass</scope><name>__init__</name></member>
      <member refid="classgroup5__rwa__3_1_1store__and__submit_1_1OrderClass_1a019fe3441f33083f5fbf0b2ceb7e8484" prot="public" virt="non-virtual"><scope>group5_rwa_3::store_and_submit::OrderClass</scope><name>id</name></member>
      <member refid="classgroup5__rwa__3_1_1store__and__submit_1_1OrderClass_1a7526bea5d0266a388ce2b0d09deb99c8" prot="public" virt="non-virtual"><scope>group5_rwa_3::store_and_submit::OrderClass</scope><name>priority</name></member>
      <member refid="classgroup5__rwa__3_1_1store__and__submit_1_1OrderClass_1a09d686f01ceab4d6c5ee3acfbc2041fd" prot="public" virt="non-virtual"><scope>group5_rwa_3::store_and_submit::OrderClass</scope><name>task</name></member>
      <member refid="classgroup5__rwa__3_1_1store__and__submit_1_1OrderClass_1afafe9baa8b5401e6641b20dace465b85" prot="public" virt="non-virtual"><scope>group5_rwa_3::store_and_submit::OrderClass</scope><name>type</name></member>
    </listofallmembers>
  </compounddef>
</doxygen>
