<?xml version='1.0' encoding='UTF-8' standalone='no'?>
<doxygen xmlns:xsi="http://www.w3.org/2001/XMLSchema-instance" xsi:noNamespaceSchemaLocation="compound.xsd" version="1.8.17">
  <compounddef id="classgroup5__rwa__3_1_1store__and__submit_1_1AssemblyTaskClass" kind="class" language="Python" prot="public">
    <compoundname>group5_rwa_3::store_and_submit::AssemblyTaskClass</compoundname>
      <sectiondef kind="public-attrib">
      <memberdef kind="variable" id="classgroup5__rwa__3_1_1store__and__submit_1_1AssemblyTaskClass_1a0aa6168fdba1c92b116884ae534337d3" prot="public" static="no" mutable="no">
        <type></type>
        <definition>group5_rwa_3.store_and_submit.AssemblyTaskClass::agv_numbers</definition>
        <argsstring></argsstring>
        <name>agv_numbers</name>
        <briefdescription>
        </briefdescription>
        <detaileddescription>
        </detaileddescription>
        <inbodydescription>
        </inbodydescription>
        <location file="/home/shubh/ariac_ws/src/group5/group5_rwa_3/include/group5_rwa_3/store_and_submit.py" line="46" column="1" bodyfile="/home/shubh/ariac_ws/src/group5/group5_rwa_3/include/group5_rwa_3/store_and_submit.py" bodystart="46" bodyend="-1"/>
      </memberdef>
      <memberdef kind="variable" id="classgroup5__rwa__3_1_1store__and__submit_1_1AssemblyTaskClass_1a03a2b7b2772b4028e94da67f87c532c0" prot="public" static="no" mutable="no">
        <type></type>
        <definition>group5_rwa_3.store_and_submit.AssemblyTaskClass::station</definition>
        <argsstring></argsstring>
        <name>station</name>
        <briefdescription>
        </briefdescription>
        <detaileddescription>
        </detaileddescription>
        <inbodydescription>
        </inbodydescription>
        <location file="/home/shubh/ariac_ws/src/group5/group5_rwa_3/include/group5_rwa_3/store_and_submit.py" line="47" column="1" bodyfile="/home/shubh/ariac_ws/src/group5/group5_rwa_3/include/group5_rwa_3/store_and_submit.py" bodystart="47" bodyend="-1"/>
      </memberdef>
      <memberdef kind="variable" id="classgroup5__rwa__3_1_1store__and__submit_1_1AssemblyTaskClass_1abac35b9514e21b113bd26c04f053b6e0" prot="public" static="no" mutable="no">
        <type></type>
        <definition>group5_rwa_3.store_and_submit.AssemblyTaskClass::number_of_parts</definition>
        <argsstring></argsstring>
        <name>number_of_parts</name>
        <briefdescription>
        </briefdescription>
        <detaileddescription>
        </detaileddescription>
        <inbodydescription>
        </inbodydescription>
        <location file="/home/shubh/ariac_ws/src/group5/group5_rwa_3/include/group5_rwa_3/store_and_submit.py" line="48" column="1" bodyfile="/home/shubh/ariac_ws/src/group5/group5_rwa_3/include/group5_rwa_3/store_and_submit.py" bodystart="48" bodyend="-1"/>
      </memberdef>
      <memberdef kind="variable" id="classgroup5__rwa__3_1_1store__and__submit_1_1AssemblyTaskClass_1abd070233a2567d4c9177d61fdf1d83e2" prot="public" static="no" mutable="no">
        <type></type>
        <definition>group5_rwa_3.store_and_submit.AssemblyTaskClass::parts</definition>
        <argsstring></argsstring>
        <name>parts</name>
        <briefdescription>
        </briefdescription>
        <detaileddescription>
        </detaileddescription>
        <inbodydescription>
        </inbodydescription>
        <location file="/home/shubh/ariac_ws/src/group5/group5_rwa_3/include/group5_rwa_3/store_and_submit.py" line="49" column="1" bodyfile="/home/shubh/ariac_ws/src/group5/group5_rwa_3/include/group5_rwa_3/store_and_submit.py" bodystart="49" bodyend="-1"/>
      </memberdef>
      </sectiondef>
      <sectiondef kind="public-func">
      <memberdef kind="function" id="classgroup5__rwa__3_1_1store__and__submit_1_1AssemblyTaskClass_1ad1e357a065b3615158e1b29e113d9e3a" prot="public" static="no" const="no" explicit="no" inline="no" virt="non-virtual">
        <type>def</type>
        <definition>def group5_rwa_3.store_and_submit.AssemblyTaskClass.__init__</definition>
        <argsstring>(self, msg)</argsstring>
        <name>__init__</name>
        <param>
          <type>self</type>
          <defname>self</defname>
        </param>
        <param>
          <type>msg</type>
          <defname>msg</defname>
        </param>
        <briefdescription>
        </briefdescription>
        <detaileddescription>
        </detaileddescription>
        <inbodydescription>
        </inbodydescription>
        <location file="/home/shubh/ariac_ws/src/group5/group5_rwa_3/include/group5_rwa_3/store_and_submit.py" line="45" column="1" bodyfile="/home/shubh/ariac_ws/src/group5/group5_rwa_3/include/group5_rwa_3/store_and_submit.py" bodystart="45" bodyend="52"/>
      </memberdef>
      </sectiondef>
    <briefdescription>
    </briefdescription>
    <detaileddescription>
<para><verbatim>Class For Assembly Tasks</verbatim> </para>
    </detaileddescription>
    <location file="/home/shubh/ariac_ws/src/group5/group5_rwa_3/include/group5_rwa_3/store_and_submit.py" line="43" column="1" bodyfile="/home/shubh/ariac_ws/src/group5/group5_rwa_3/include/group5_rwa_3/store_and_submit.py" bodystart="43" bodyend="53"/>
    <listofallmembers>
      <member refid="classgroup5__rwa__3_1_1store__and__submit_1_1AssemblyTaskClass_1ad1e357a065b3615158e1b29e113d9e3a" prot="public" virt="non-virtual"><scope>group5_rwa_3::store_and_submit::AssemblyTaskClass</scope><name>__init__</name></member>
      <member refid="classgroup5__rwa__3_1_1store__and__submit_1_1AssemblyTaskClass_1a0aa6168fdba1c92b116884ae534337d3" prot="public" virt="non-virtual"><scope>group5_rwa_3::store_and_submit::AssemblyTaskClass</scope><name>agv_numbers</name></member>
      <member refid="classgroup5__rwa__3_1_1store__and__submit_1_1AssemblyTaskClass_1abac35b9514e21b113bd26c04f053b6e0" prot="public" virt="non-virtual"><scope>group5_rwa_3::store_and_submit::AssemblyTaskClass</scope><name>number_of_parts</name></member>
      <member refid="classgroup5__rwa__3_1_1store__and__submit_1_1AssemblyTaskClass_1abd070233a2567d4c9177d61fdf1d83e2" prot="public" virt="non-virtual"><scope>group5_rwa_3::store_and_submit::AssemblyTaskClass</scope><name>parts</name></member>
      <member refid="classgroup5__rwa__3_1_1store__and__submit_1_1AssemblyTaskClass_1a03a2b7b2772b4028e94da67f87c532c0" prot="public" virt="non-virtual"><scope>group5_rwa_3::store_and_submit::AssemblyTaskClass</scope><name>station</name></member>
    </listofallmembers>
  </compounddef>
</doxygen>
