<?xml version='1.0' encoding='UTF-8' standalone='no'?>
<doxygen xmlns:xsi="http://www.w3.org/2001/XMLSchema-instance" xsi:noNamespaceSchemaLocation="compound.xsd" version="1.8.17">
  <compounddef id="classgroup5__rwa__3_1_1part__locations_1_1ConveyerPartsClass" kind="class" language="Python" prot="public">
    <compoundname>group5_rwa_3::part_locations::ConveyerPartsClass</compoundname>
      <sectiondef kind="public-attrib">
      <memberdef kind="variable" id="classgroup5__rwa__3_1_1part__locations_1_1ConveyerPartsClass_1ac6d38b7d21de8e4b815f02cedab9ad7a" prot="public" static="no" mutable="no">
        <type></type>
        <definition>group5_rwa_3.part_locations.ConveyerPartsClass::number_of_parts</definition>
        <argsstring></argsstring>
        <name>number_of_parts</name>
        <briefdescription>
        </briefdescription>
        <detaileddescription>
        </detaileddescription>
        <inbodydescription>
        </inbodydescription>
        <location file="/home/shubh/ariac_ws/src/group5/group5_rwa_3/include/group5_rwa_3/part_locations.py" line="36" column="1" bodyfile="/home/shubh/ariac_ws/src/group5/group5_rwa_3/include/group5_rwa_3/part_locations.py" bodystart="36" bodyend="-1"/>
      </memberdef>
      <memberdef kind="variable" id="classgroup5__rwa__3_1_1part__locations_1_1ConveyerPartsClass_1a27fd075d36df2652b2866ac67c3bb357" prot="public" static="no" mutable="no">
        <type></type>
        <definition>group5_rwa_3.part_locations.ConveyerPartsClass::parts</definition>
        <argsstring></argsstring>
        <name>parts</name>
        <briefdescription>
        </briefdescription>
        <detaileddescription>
        </detaileddescription>
        <inbodydescription>
        </inbodydescription>
        <location file="/home/shubh/ariac_ws/src/group5/group5_rwa_3/include/group5_rwa_3/part_locations.py" line="37" column="1" bodyfile="/home/shubh/ariac_ws/src/group5/group5_rwa_3/include/group5_rwa_3/part_locations.py" bodystart="37" bodyend="-1"/>
      </memberdef>
      </sectiondef>
      <sectiondef kind="public-func">
      <memberdef kind="function" id="classgroup5__rwa__3_1_1part__locations_1_1ConveyerPartsClass_1a91571d1a51cebf8dca6401bfb2b28d3a" prot="public" static="no" const="no" explicit="no" inline="no" virt="non-virtual">
        <type>def</type>
        <definition>def group5_rwa_3.part_locations.ConveyerPartsClass.__init__</definition>
        <argsstring>(self, ConveyorParts msg)</argsstring>
        <name>__init__</name>
        <param>
          <type>self</type>
          <defname>self</defname>
        </param>
        <param>
          <type>ConveyorParts</type>
          <declname>msg</declname>
        </param>
        <briefdescription>
        </briefdescription>
        <detaileddescription>
        </detaileddescription>
        <inbodydescription>
        </inbodydescription>
        <location file="/home/shubh/ariac_ws/src/group5/group5_rwa_3/include/group5_rwa_3/part_locations.py" line="35" column="1" bodyfile="/home/shubh/ariac_ws/src/group5/group5_rwa_3/include/group5_rwa_3/part_locations.py" bodystart="35" bodyend="39"/>
      </memberdef>
      </sectiondef>
    <briefdescription>
    </briefdescription>
    <detaileddescription>
    </detaileddescription>
    <location file="/home/shubh/ariac_ws/src/group5/group5_rwa_3/include/group5_rwa_3/part_locations.py" line="34" column="1" bodyfile="/home/shubh/ariac_ws/src/group5/group5_rwa_3/include/group5_rwa_3/part_locations.py" bodystart="34" bodyend="39"/>
    <listofallmembers>
      <member refid="classgroup5__rwa__3_1_1part__locations_1_1ConveyerPartsClass_1a91571d1a51cebf8dca6401bfb2b28d3a" prot="public" virt="non-virtual"><scope>group5_rwa_3::part_locations::ConveyerPartsClass</scope><name>__init__</name></member>
      <member refid="classgroup5__rwa__3_1_1part__locations_1_1ConveyerPartsClass_1ac6d38b7d21de8e4b815f02cedab9ad7a" prot="public" virt="non-virtual"><scope>group5_rwa_3::part_locations::ConveyerPartsClass</scope><name>number_of_parts</name></member>
      <member refid="classgroup5__rwa__3_1_1part__locations_1_1ConveyerPartsClass_1a27fd075d36df2652b2866ac67c3bb357" prot="public" virt="non-virtual"><scope>group5_rwa_3::part_locations::ConveyerPartsClass</scope><name>parts</name></member>
    </listofallmembers>
  </compounddef>
</doxygen>
