<?xml version='1.0' encoding='UTF-8' standalone='no'?>
<doxygen xmlns:xsi="http://www.w3.org/2001/XMLSchema-instance" xsi:noNamespaceSchemaLocation="compound.xsd" version="1.8.17">
  <compounddef id="classgroup5__rwa__3_1_1competition__client_1_1EndCompClient" kind="class" language="Python" prot="public">
    <compoundname>group5_rwa_3::competition_client::EndCompClient</compoundname>
    <basecompoundref prot="public" virt="non-virtual">Node</basecompoundref>
      <sectiondef kind="public-attrib">
      <memberdef kind="variable" id="classgroup5__rwa__3_1_1competition__client_1_1EndCompClient_1aa77773ecc871f17acb6dc607eca4cbfc" prot="public" static="no" mutable="no">
        <type></type>
        <definition>group5_rwa_3.competition_client.EndCompClient::cli</definition>
        <argsstring></argsstring>
        <name>cli</name>
        <briefdescription>
        </briefdescription>
        <detaileddescription>
        </detaileddescription>
        <inbodydescription>
        </inbodydescription>
        <location file="/home/shubh/ariac_ws/src/group5/group5_rwa_3/include/group5_rwa_3/competition_client.py" line="48" column="1" bodyfile="/home/shubh/ariac_ws/src/group5/group5_rwa_3/include/group5_rwa_3/competition_client.py" bodystart="48" bodyend="-1"/>
      </memberdef>
      <memberdef kind="variable" id="classgroup5__rwa__3_1_1competition__client_1_1EndCompClient_1a5098133a4cdfa522d409c9763460f867" prot="public" static="no" mutable="no">
        <type></type>
        <definition>group5_rwa_3.competition_client.EndCompClient::req</definition>
        <argsstring></argsstring>
        <name>req</name>
        <briefdescription>
        </briefdescription>
        <detaileddescription>
        </detaileddescription>
        <inbodydescription>
        </inbodydescription>
        <location file="/home/shubh/ariac_ws/src/group5/group5_rwa_3/include/group5_rwa_3/competition_client.py" line="51" column="1" bodyfile="/home/shubh/ariac_ws/src/group5/group5_rwa_3/include/group5_rwa_3/competition_client.py" bodystart="51" bodyend="-1"/>
      </memberdef>
      <memberdef kind="variable" id="classgroup5__rwa__3_1_1competition__client_1_1EndCompClient_1aa2c7a921cafe9a87c74f1dc9e84cd9b2" prot="public" static="no" mutable="no">
        <type></type>
        <definition>group5_rwa_3.competition_client.EndCompClient::future</definition>
        <argsstring></argsstring>
        <name>future</name>
        <briefdescription>
        </briefdescription>
        <detaileddescription>
        </detaileddescription>
        <inbodydescription>
        </inbodydescription>
        <location file="/home/shubh/ariac_ws/src/group5/group5_rwa_3/include/group5_rwa_3/competition_client.py" line="56" column="1" bodyfile="/home/shubh/ariac_ws/src/group5/group5_rwa_3/include/group5_rwa_3/competition_client.py" bodystart="56" bodyend="-1"/>
      </memberdef>
      </sectiondef>
      <sectiondef kind="public-func">
      <memberdef kind="function" id="classgroup5__rwa__3_1_1competition__client_1_1EndCompClient_1a85b11b907c4856a091ddeab8b9b22cad" prot="public" static="no" const="no" explicit="no" inline="no" virt="non-virtual">
        <type>def</type>
        <definition>def group5_rwa_3.competition_client.EndCompClient.__init__</definition>
        <argsstring>(self)</argsstring>
        <name>__init__</name>
        <param>
          <type>self</type>
          <defname>self</defname>
        </param>
        <briefdescription>
        </briefdescription>
        <detaileddescription>
        </detaileddescription>
        <inbodydescription>
        </inbodydescription>
        <location file="/home/shubh/ariac_ws/src/group5/group5_rwa_3/include/group5_rwa_3/competition_client.py" line="45" column="1" bodyfile="/home/shubh/ariac_ws/src/group5/group5_rwa_3/include/group5_rwa_3/competition_client.py" bodystart="45" bodyend="52"/>
      </memberdef>
      <memberdef kind="function" id="classgroup5__rwa__3_1_1competition__client_1_1EndCompClient_1af1a2a5d508a903e715d56aeb10c7ec08" prot="public" static="no" const="no" explicit="no" inline="no" virt="non-virtual">
        <type>def</type>
        <definition>def group5_rwa_3.competition_client.EndCompClient.send_empty_request</definition>
        <argsstring>(self)</argsstring>
        <name>send_empty_request</name>
        <param>
          <type>self</type>
          <defname>self</defname>
        </param>
        <briefdescription>
        </briefdescription>
        <detaileddescription>
        </detaileddescription>
        <inbodydescription>
        </inbodydescription>
        <location file="/home/shubh/ariac_ws/src/group5/group5_rwa_3/include/group5_rwa_3/competition_client.py" line="53" column="1" bodyfile="/home/shubh/ariac_ws/src/group5/group5_rwa_3/include/group5_rwa_3/competition_client.py" bodystart="53" bodyend="59"/>
      </memberdef>
      </sectiondef>
    <briefdescription>
    </briefdescription>
    <detaileddescription>
<para><verbatim>the client instance responds to Trigger service when the 
topic &apos;/ariac/end_competition&apos; is called. Request made through
&apos;send_empty_request&apos; method is empty
</verbatim> </para>
    </detaileddescription>
    <inheritancegraph>
      <node id="2">
        <label>Node</label>
      </node>
      <node id="1">
        <label>group5_rwa_3.competition_client.EndCompClient</label>
        <link refid="classgroup5__rwa__3_1_1competition__client_1_1EndCompClient"/>
        <childnode refid="2" relation="public-inheritance">
        </childnode>
      </node>
    </inheritancegraph>
    <collaborationgraph>
      <node id="2">
        <label>Node</label>
      </node>
      <node id="1">
        <label>group5_rwa_3.competition_client.EndCompClient</label>
        <link refid="classgroup5__rwa__3_1_1competition__client_1_1EndCompClient"/>
        <childnode refid="2" relation="public-inheritance">
        </childnode>
      </node>
    </collaborationgraph>
    <location file="/home/shubh/ariac_ws/src/group5/group5_rwa_3/include/group5_rwa_3/competition_client.py" line="37" column="1" bodyfile="/home/shubh/ariac_ws/src/group5/group5_rwa_3/include/group5_rwa_3/competition_client.py" bodystart="37" bodyend="59"/>
    <listofallmembers>
      <member refid="classgroup5__rwa__3_1_1competition__client_1_1EndCompClient_1a85b11b907c4856a091ddeab8b9b22cad" prot="public" virt="non-virtual"><scope>group5_rwa_3::competition_client::EndCompClient</scope><name>__init__</name></member>
      <member refid="classgroup5__rwa__3_1_1competition__client_1_1EndCompClient_1aa77773ecc871f17acb6dc607eca4cbfc" prot="public" virt="non-virtual"><scope>group5_rwa_3::competition_client::EndCompClient</scope><name>cli</name></member>
      <member refid="classgroup5__rwa__3_1_1competition__client_1_1EndCompClient_1aa2c7a921cafe9a87c74f1dc9e84cd9b2" prot="public" virt="non-virtual"><scope>group5_rwa_3::competition_client::EndCompClient</scope><name>future</name></member>
      <member refid="classgroup5__rwa__3_1_1competition__client_1_1EndCompClient_1a5098133a4cdfa522d409c9763460f867" prot="public" virt="non-virtual"><scope>group5_rwa_3::competition_client::EndCompClient</scope><name>req</name></member>
      <member refid="classgroup5__rwa__3_1_1competition__client_1_1EndCompClient_1af1a2a5d508a903e715d56aeb10c7ec08" prot="public" virt="non-virtual"><scope>group5_rwa_3::competition_client::EndCompClient</scope><name>send_empty_request</name></member>
    </listofallmembers>
  </compounddef>
</doxygen>
