<?xml version='1.0' encoding='UTF-8' standalone='no'?>
<doxygen xmlns:xsi="http://www.w3.org/2001/XMLSchema-instance" xsi:noNamespaceSchemaLocation="compound.xsd" version="1.8.17">
  <compounddef id="classgroup5__rwa__3_1_1competition__client_1_1StartCompClient" kind="class" language="Python" prot="public">
    <compoundname>group5_rwa_3::competition_client::StartCompClient</compoundname>
    <basecompoundref prot="public" virt="non-virtual">Node</basecompoundref>
      <sectiondef kind="public-attrib">
      <memberdef kind="variable" id="classgroup5__rwa__3_1_1competition__client_1_1StartCompClient_1a473f2d44e7bed63559f807cc096e2382" prot="public" static="no" mutable="no">
        <type></type>
        <definition>group5_rwa_3.competition_client.StartCompClient::cli</definition>
        <argsstring></argsstring>
        <name>cli</name>
        <briefdescription>
        </briefdescription>
        <detaileddescription>
        </detaileddescription>
        <inbodydescription>
        </inbodydescription>
        <location file="/home/shubh/ariac_ws/src/group5/group5_rwa_3/include/group5_rwa_3/competition_client.py" line="25" column="1" bodyfile="/home/shubh/ariac_ws/src/group5/group5_rwa_3/include/group5_rwa_3/competition_client.py" bodystart="25" bodyend="-1"/>
      </memberdef>
      <memberdef kind="variable" id="classgroup5__rwa__3_1_1competition__client_1_1StartCompClient_1a8993e332a8ad56fb16886b8cce8eda22" prot="public" static="no" mutable="no">
        <type></type>
        <definition>group5_rwa_3.competition_client.StartCompClient::req</definition>
        <argsstring></argsstring>
        <name>req</name>
        <briefdescription>
        </briefdescription>
        <detaileddescription>
        </detaileddescription>
        <inbodydescription>
        </inbodydescription>
        <location file="/home/shubh/ariac_ws/src/group5/group5_rwa_3/include/group5_rwa_3/competition_client.py" line="28" column="1" bodyfile="/home/shubh/ariac_ws/src/group5/group5_rwa_3/include/group5_rwa_3/competition_client.py" bodystart="28" bodyend="-1"/>
      </memberdef>
      <memberdef kind="variable" id="classgroup5__rwa__3_1_1competition__client_1_1StartCompClient_1a85739a82d05e9248c351543453768ef7" prot="public" static="no" mutable="no">
        <type></type>
        <definition>group5_rwa_3.competition_client.StartCompClient::future</definition>
        <argsstring></argsstring>
        <name>future</name>
        <briefdescription>
        </briefdescription>
        <detaileddescription>
        </detaileddescription>
        <inbodydescription>
        </inbodydescription>
        <location file="/home/shubh/ariac_ws/src/group5/group5_rwa_3/include/group5_rwa_3/competition_client.py" line="33" column="1" bodyfile="/home/shubh/ariac_ws/src/group5/group5_rwa_3/include/group5_rwa_3/competition_client.py" bodystart="33" bodyend="-1"/>
      </memberdef>
      </sectiondef>
      <sectiondef kind="public-func">
      <memberdef kind="function" id="classgroup5__rwa__3_1_1competition__client_1_1StartCompClient_1a3797f049859515fff4345c819de88cc4" prot="public" static="no" const="no" explicit="no" inline="no" virt="non-virtual">
        <type>def</type>
        <definition>def group5_rwa_3.competition_client.StartCompClient.__init__</definition>
        <argsstring>(self)</argsstring>
        <name>__init__</name>
        <param>
          <type>self</type>
          <defname>self</defname>
        </param>
        <briefdescription>
        </briefdescription>
        <detaileddescription>
        </detaileddescription>
        <inbodydescription>
        </inbodydescription>
        <location file="/home/shubh/ariac_ws/src/group5/group5_rwa_3/include/group5_rwa_3/competition_client.py" line="22" column="1" bodyfile="/home/shubh/ariac_ws/src/group5/group5_rwa_3/include/group5_rwa_3/competition_client.py" bodystart="22" bodyend="29"/>
      </memberdef>
      <memberdef kind="function" id="classgroup5__rwa__3_1_1competition__client_1_1StartCompClient_1aad2b6ea135121a07d5c3a59b38a6b17e" prot="public" static="no" const="no" explicit="no" inline="no" virt="non-virtual">
        <type>def</type>
        <definition>def group5_rwa_3.competition_client.StartCompClient.send_empty_request</definition>
        <argsstring>(self)</argsstring>
        <name>send_empty_request</name>
        <param>
          <type>self</type>
          <defname>self</defname>
        </param>
        <briefdescription>
        </briefdescription>
        <detaileddescription>
        </detaileddescription>
        <inbodydescription>
        </inbodydescription>
        <location file="/home/shubh/ariac_ws/src/group5/group5_rwa_3/include/group5_rwa_3/competition_client.py" line="30" column="1" bodyfile="/home/shubh/ariac_ws/src/group5/group5_rwa_3/include/group5_rwa_3/competition_client.py" bodystart="30" bodyend="36"/>
      </memberdef>
      </sectiondef>
    <briefdescription>
    </briefdescription>
    <detaileddescription>
<para><verbatim>the client instance responds to Trigger service when the topic:
&apos;/ariac/start_competition&apos; is called. Request made through
&apos;send_empty_request&apos; method is empty
</verbatim> </para>
    </detaileddescription>
    <inheritancegraph>
      <node id="2">
        <label>Node</label>
      </node>
      <node id="1">
        <label>group5_rwa_3.competition_client.StartCompClient</label>
        <link refid="classgroup5__rwa__3_1_1competition__client_1_1StartCompClient"/>
        <childnode refid="2" relation="public-inheritance">
        </childnode>
      </node>
    </inheritancegraph>
    <collaborationgraph>
      <node id="2">
        <label>Node</label>
      </node>
      <node id="1">
        <label>group5_rwa_3.competition_client.StartCompClient</label>
        <link refid="classgroup5__rwa__3_1_1competition__client_1_1StartCompClient"/>
        <childnode refid="2" relation="public-inheritance">
        </childnode>
      </node>
    </collaborationgraph>
    <location file="/home/shubh/ariac_ws/src/group5/group5_rwa_3/include/group5_rwa_3/competition_client.py" line="14" column="1" bodyfile="/home/shubh/ariac_ws/src/group5/group5_rwa_3/include/group5_rwa_3/competition_client.py" bodystart="14" bodyend="37"/>
    <listofallmembers>
      <member refid="classgroup5__rwa__3_1_1competition__client_1_1StartCompClient_1a3797f049859515fff4345c819de88cc4" prot="public" virt="non-virtual"><scope>group5_rwa_3::competition_client::StartCompClient</scope><name>__init__</name></member>
      <member refid="classgroup5__rwa__3_1_1competition__client_1_1StartCompClient_1a473f2d44e7bed63559f807cc096e2382" prot="public" virt="non-virtual"><scope>group5_rwa_3::competition_client::StartCompClient</scope><name>cli</name></member>
      <member refid="classgroup5__rwa__3_1_1competition__client_1_1StartCompClient_1a85739a82d05e9248c351543453768ef7" prot="public" virt="non-virtual"><scope>group5_rwa_3::competition_client::StartCompClient</scope><name>future</name></member>
      <member refid="classgroup5__rwa__3_1_1competition__client_1_1StartCompClient_1a8993e332a8ad56fb16886b8cce8eda22" prot="public" virt="non-virtual"><scope>group5_rwa_3::competition_client::StartCompClient</scope><name>req</name></member>
      <member refid="classgroup5__rwa__3_1_1competition__client_1_1StartCompClient_1aad2b6ea135121a07d5c3a59b38a6b17e" prot="public" virt="non-virtual"><scope>group5_rwa_3::competition_client::StartCompClient</scope><name>send_empty_request</name></member>
    </listofallmembers>
  </compounddef>
</doxygen>
