<?xml version='1.0' encoding='UTF-8' standalone='no'?>
<doxygen xmlns:xsi="http://www.w3.org/2001/XMLSchema-instance" xsi:noNamespaceSchemaLocation="compound.xsd" version="1.8.17">
  <compounddef id="classgroup5__rwa__3_1_1store__and__submit_1_1KittingPartClass" kind="class" language="Python" prot="public">
    <compoundname>group5_rwa_3::store_and_submit::KittingPartClass</compoundname>
    <basecompoundref refid="classgroup5__rwa__3_1_1store__and__submit_1_1PartClass" prot="public" virt="non-virtual">group5_rwa_3.store_and_submit.PartClass</basecompoundref>
      <sectiondef kind="public-attrib">
      <memberdef kind="variable" id="classgroup5__rwa__3_1_1store__and__submit_1_1KittingPartClass_1a92c80406c72ec66b7d44a0794c8ac975" prot="public" static="no" mutable="no">
        <type></type>
        <definition>group5_rwa_3.store_and_submit.KittingPartClass::quadrant</definition>
        <argsstring></argsstring>
        <name>quadrant</name>
        <briefdescription>
        </briefdescription>
        <detaileddescription>
        </detaileddescription>
        <inbodydescription>
        </inbodydescription>
        <location file="/home/shubh/ariac_ws/src/group5/group5_rwa_3/include/group5_rwa_3/store_and_submit.py" line="39" column="1" bodyfile="/home/shubh/ariac_ws/src/group5/group5_rwa_3/include/group5_rwa_3/store_and_submit.py" bodystart="39" bodyend="-1"/>
      </memberdef>
      </sectiondef>
      <sectiondef kind="public-func">
      <memberdef kind="function" id="classgroup5__rwa__3_1_1store__and__submit_1_1KittingPartClass_1a447c37818639a1914dbd426b283f7652" prot="public" static="no" const="no" explicit="no" inline="no" virt="non-virtual">
        <type>def</type>
        <definition>def group5_rwa_3.store_and_submit.KittingPartClass.__init__</definition>
        <argsstring>(self, msg)</argsstring>
        <name>__init__</name>
        <reimplements refid="classgroup5__rwa__3_1_1store__and__submit_1_1PartClass_1a1a3c011012332b1e50da21650f0a3481">__init__</reimplements>
        <param>
          <type>self</type>
          <defname>self</defname>
        </param>
        <param>
          <type>msg</type>
          <defname>msg</defname>
        </param>
        <briefdescription>
        </briefdescription>
        <detaileddescription>
        </detaileddescription>
        <inbodydescription>
        </inbodydescription>
        <location file="/home/shubh/ariac_ws/src/group5/group5_rwa_3/include/group5_rwa_3/store_and_submit.py" line="37" column="1" bodyfile="/home/shubh/ariac_ws/src/group5/group5_rwa_3/include/group5_rwa_3/store_and_submit.py" bodystart="37" bodyend="40"/>
      </memberdef>
      </sectiondef>
    <briefdescription>
    </briefdescription>
    <detaileddescription>
<para><verbatim>Inherit PartClass and create a new class for Kitting order, 
</verbatim> </para>
    </detaileddescription>
    <inheritancegraph>
      <node id="2">
        <label>group5_rwa_3.store_and_submit.PartClass</label>
        <link refid="classgroup5__rwa__3_1_1store__and__submit_1_1PartClass"/>
      </node>
      <node id="1">
        <label>group5_rwa_3.store_and_submit.KittingPartClass</label>
        <link refid="classgroup5__rwa__3_1_1store__and__submit_1_1KittingPartClass"/>
        <childnode refid="2" relation="public-inheritance">
        </childnode>
      </node>
    </inheritancegraph>
    <collaborationgraph>
      <node id="2">
        <label>group5_rwa_3.store_and_submit.PartClass</label>
        <link refid="classgroup5__rwa__3_1_1store__and__submit_1_1PartClass"/>
      </node>
      <node id="1">
        <label>group5_rwa_3.store_and_submit.KittingPartClass</label>
        <link refid="classgroup5__rwa__3_1_1store__and__submit_1_1KittingPartClass"/>
        <childnode refid="2" relation="public-inheritance">
        </childnode>
      </node>
    </collaborationgraph>
    <location file="/home/shubh/ariac_ws/src/group5/group5_rwa_3/include/group5_rwa_3/store_and_submit.py" line="34" column="1" bodyfile="/home/shubh/ariac_ws/src/group5/group5_rwa_3/include/group5_rwa_3/store_and_submit.py" bodystart="34" bodyend="43"/>
    <listofallmembers>
      <member refid="classgroup5__rwa__3_1_1store__and__submit_1_1KittingPartClass_1a447c37818639a1914dbd426b283f7652" prot="public" virt="non-virtual"><scope>group5_rwa_3::store_and_submit::KittingPartClass</scope><name>__init__</name></member>
      <member refid="classgroup5__rwa__3_1_1store__and__submit_1_1PartClass_1a9e28f709238fa62e161a6e746473fdbd" prot="public" virt="non-virtual"><scope>group5_rwa_3::store_and_submit::KittingPartClass</scope><name>part_color</name></member>
      <member refid="classgroup5__rwa__3_1_1store__and__submit_1_1PartClass_1a87d6faac8c363b018fe0a18f05672065" prot="public" virt="non-virtual"><scope>group5_rwa_3::store_and_submit::KittingPartClass</scope><name>part_type</name></member>
      <member refid="classgroup5__rwa__3_1_1store__and__submit_1_1KittingPartClass_1a92c80406c72ec66b7d44a0794c8ac975" prot="public" virt="non-virtual"><scope>group5_rwa_3::store_and_submit::KittingPartClass</scope><name>quadrant</name></member>
    </listofallmembers>
  </compounddef>
</doxygen>
