<?xml version='1.0' encoding='UTF-8' standalone='no'?>
<doxygen xmlns:xsi="http://www.w3.org/2001/XMLSchema-instance" xsi:noNamespaceSchemaLocation="compound.xsd" version="1.8.17">
  <compounddef id="classgroup5__rwa__3_1_1part__locations_1_1BinInfoClass" kind="class" language="Python" prot="public">
    <compoundname>group5_rwa_3::part_locations::BinInfoClass</compoundname>
      <sectiondef kind="public-attrib">
      <memberdef kind="variable" id="classgroup5__rwa__3_1_1part__locations_1_1BinInfoClass_1a0da315a74c6c99ad37f890da7fbcb6cf" prot="public" static="no" mutable="no">
        <type></type>
        <definition>group5_rwa_3.part_locations.BinInfoClass::bin_number</definition>
        <argsstring></argsstring>
        <name>bin_number</name>
        <briefdescription>
        </briefdescription>
        <detaileddescription>
        </detaileddescription>
        <inbodydescription>
        </inbodydescription>
        <location file="/home/shubh/ariac_ws/src/group5/group5_rwa_3/include/group5_rwa_3/part_locations.py" line="23" column="1" bodyfile="/home/shubh/ariac_ws/src/group5/group5_rwa_3/include/group5_rwa_3/part_locations.py" bodystart="23" bodyend="-1"/>
      </memberdef>
      <memberdef kind="variable" id="classgroup5__rwa__3_1_1part__locations_1_1BinInfoClass_1ab231efba29dda9878a1b2d39b13d39b8" prot="public" static="no" mutable="no">
        <type></type>
        <definition>group5_rwa_3.part_locations.BinInfoClass::number_of_parts</definition>
        <argsstring></argsstring>
        <name>number_of_parts</name>
        <briefdescription>
        </briefdescription>
        <detaileddescription>
        </detaileddescription>
        <inbodydescription>
        </inbodydescription>
        <location file="/home/shubh/ariac_ws/src/group5/group5_rwa_3/include/group5_rwa_3/part_locations.py" line="24" column="1" bodyfile="/home/shubh/ariac_ws/src/group5/group5_rwa_3/include/group5_rwa_3/part_locations.py" bodystart="24" bodyend="-1"/>
      </memberdef>
      <memberdef kind="variable" id="classgroup5__rwa__3_1_1part__locations_1_1BinInfoClass_1a490312fc55299ec42763ef5cbef47a5d" prot="public" static="no" mutable="no">
        <type></type>
        <definition>group5_rwa_3.part_locations.BinInfoClass::parts</definition>
        <argsstring></argsstring>
        <name>parts</name>
        <briefdescription>
        </briefdescription>
        <detaileddescription>
        </detaileddescription>
        <inbodydescription>
        </inbodydescription>
        <location file="/home/shubh/ariac_ws/src/group5/group5_rwa_3/include/group5_rwa_3/part_locations.py" line="25" column="1" bodyfile="/home/shubh/ariac_ws/src/group5/group5_rwa_3/include/group5_rwa_3/part_locations.py" bodystart="25" bodyend="-1"/>
      </memberdef>
      </sectiondef>
      <sectiondef kind="public-func">
      <memberdef kind="function" id="classgroup5__rwa__3_1_1part__locations_1_1BinInfoClass_1aadb9d97f55ec05ac9d9389ab0e520796" prot="public" static="no" const="no" explicit="no" inline="no" virt="non-virtual">
        <type>def</type>
        <definition>def group5_rwa_3.part_locations.BinInfoClass.__init__</definition>
        <argsstring>(self, BinInfo msg)</argsstring>
        <name>__init__</name>
        <param>
          <type>self</type>
          <defname>self</defname>
        </param>
        <param>
          <type>BinInfo</type>
          <declname>msg</declname>
        </param>
        <briefdescription>
        </briefdescription>
        <detaileddescription>
        </detaileddescription>
        <inbodydescription>
        </inbodydescription>
        <location file="/home/shubh/ariac_ws/src/group5/group5_rwa_3/include/group5_rwa_3/part_locations.py" line="22" column="1" bodyfile="/home/shubh/ariac_ws/src/group5/group5_rwa_3/include/group5_rwa_3/part_locations.py" bodystart="22" bodyend="28"/>
      </memberdef>
      </sectiondef>
    <briefdescription>
    </briefdescription>
    <detaileddescription>
    </detaileddescription>
    <location file="/home/shubh/ariac_ws/src/group5/group5_rwa_3/include/group5_rwa_3/part_locations.py" line="21" column="1" bodyfile="/home/shubh/ariac_ws/src/group5/group5_rwa_3/include/group5_rwa_3/part_locations.py" bodystart="21" bodyend="29"/>
    <listofallmembers>
      <member refid="classgroup5__rwa__3_1_1part__locations_1_1BinInfoClass_1aadb9d97f55ec05ac9d9389ab0e520796" prot="public" virt="non-virtual"><scope>group5_rwa_3::part_locations::BinInfoClass</scope><name>__init__</name></member>
      <member refid="classgroup5__rwa__3_1_1part__locations_1_1BinInfoClass_1a0da315a74c6c99ad37f890da7fbcb6cf" prot="public" virt="non-virtual"><scope>group5_rwa_3::part_locations::BinInfoClass</scope><name>bin_number</name></member>
      <member refid="classgroup5__rwa__3_1_1part__locations_1_1BinInfoClass_1ab231efba29dda9878a1b2d39b13d39b8" prot="public" virt="non-virtual"><scope>group5_rwa_3::part_locations::BinInfoClass</scope><name>number_of_parts</name></member>
      <member refid="classgroup5__rwa__3_1_1part__locations_1_1BinInfoClass_1a490312fc55299ec42763ef5cbef47a5d" prot="public" virt="non-virtual"><scope>group5_rwa_3::part_locations::BinInfoClass</scope><name>parts</name></member>
    </listofallmembers>
  </compounddef>
</doxygen>
