<?xml version='1.0' encoding='UTF-8' standalone='no'?>
<doxygen xmlns:xsi="http://www.w3.org/2001/XMLSchema-instance" xsi:noNamespaceSchemaLocation="compound.xsd" version="1.8.17">
  <compounddef id="classgroup5__rwa__3_1_1store__and__submit_1_1PartClass" kind="class" language="Python" prot="public">
    <compoundname>group5_rwa_3::store_and_submit::PartClass</compoundname>
    <derivedcompoundref refid="classgroup5__rwa__3_1_1store__and__submit_1_1AssemblyPartClass" prot="public" virt="non-virtual">group5_rwa_3.store_and_submit.AssemblyPartClass</derivedcompoundref>
    <derivedcompoundref refid="classgroup5__rwa__3_1_1store__and__submit_1_1KittingPartClass" prot="public" virt="non-virtual">group5_rwa_3.store_and_submit.KittingPartClass</derivedcompoundref>
      <sectiondef kind="public-attrib">
      <memberdef kind="variable" id="classgroup5__rwa__3_1_1store__and__submit_1_1PartClass_1a9e28f709238fa62e161a6e746473fdbd" prot="public" static="no" mutable="no">
        <type></type>
        <definition>group5_rwa_3.store_and_submit.PartClass::part_color</definition>
        <argsstring></argsstring>
        <name>part_color</name>
        <briefdescription>
        </briefdescription>
        <detaileddescription>
        </detaileddescription>
        <inbodydescription>
        </inbodydescription>
        <location file="/home/shubh/ariac_ws/src/group5/group5_rwa_3/include/group5_rwa_3/store_and_submit.py" line="22" column="1" bodyfile="/home/shubh/ariac_ws/src/group5/group5_rwa_3/include/group5_rwa_3/store_and_submit.py" bodystart="22" bodyend="-1"/>
      </memberdef>
      <memberdef kind="variable" id="classgroup5__rwa__3_1_1store__and__submit_1_1PartClass_1a87d6faac8c363b018fe0a18f05672065" prot="public" static="no" mutable="no">
        <type></type>
        <definition>group5_rwa_3.store_and_submit.PartClass::part_type</definition>
        <argsstring></argsstring>
        <name>part_type</name>
        <briefdescription>
        </briefdescription>
        <detaileddescription>
        </detaileddescription>
        <inbodydescription>
        </inbodydescription>
        <location file="/home/shubh/ariac_ws/src/group5/group5_rwa_3/include/group5_rwa_3/store_and_submit.py" line="23" column="1" bodyfile="/home/shubh/ariac_ws/src/group5/group5_rwa_3/include/group5_rwa_3/store_and_submit.py" bodystart="23" bodyend="-1"/>
      </memberdef>
      </sectiondef>
      <sectiondef kind="public-func">
      <memberdef kind="function" id="classgroup5__rwa__3_1_1store__and__submit_1_1PartClass_1a1a3c011012332b1e50da21650f0a3481" prot="public" static="no" const="no" explicit="no" inline="no" virt="non-virtual">
        <type>def</type>
        <definition>def group5_rwa_3.store_and_submit.PartClass.__init__</definition>
        <argsstring>(self, msg)</argsstring>
        <name>__init__</name>
        <reimplementedby refid="classgroup5__rwa__3_1_1store__and__submit_1_1AssemblyPartClass_1ac2108d3428c1bee13acd091399527c24">__init__</reimplementedby>
        <reimplementedby refid="classgroup5__rwa__3_1_1store__and__submit_1_1KittingPartClass_1a447c37818639a1914dbd426b283f7652">__init__</reimplementedby>
        <param>
          <type>self</type>
          <defname>self</defname>
        </param>
        <param>
          <type>msg</type>
          <defname>msg</defname>
        </param>
        <briefdescription>
        </briefdescription>
        <detaileddescription>
        </detaileddescription>
        <inbodydescription>
        </inbodydescription>
        <location file="/home/shubh/ariac_ws/src/group5/group5_rwa_3/include/group5_rwa_3/store_and_submit.py" line="21" column="1" bodyfile="/home/shubh/ariac_ws/src/group5/group5_rwa_3/include/group5_rwa_3/store_and_submit.py" bodystart="21" bodyend="23"/>
      </memberdef>
      </sectiondef>
    <briefdescription>
<para>Part Classes #####. </para>
    </briefdescription>
    <detaileddescription>
<para><verbatim>This is a Parent class. Since, each of the order has attribute 
   color and type we made this as parent class
</verbatim> </para>
    </detaileddescription>
    <inheritancegraph>
      <node id="2">
        <label>group5_rwa_3.store_and_submit.AssemblyPartClass</label>
        <link refid="classgroup5__rwa__3_1_1store__and__submit_1_1AssemblyPartClass"/>
        <childnode refid="1" relation="public-inheritance">
        </childnode>
      </node>
      <node id="1">
        <label>group5_rwa_3.store_and_submit.PartClass</label>
        <link refid="classgroup5__rwa__3_1_1store__and__submit_1_1PartClass"/>
      </node>
      <node id="3">
        <label>group5_rwa_3.store_and_submit.KittingPartClass</label>
        <link refid="classgroup5__rwa__3_1_1store__and__submit_1_1KittingPartClass"/>
        <childnode refid="1" relation="public-inheritance">
        </childnode>
      </node>
    </inheritancegraph>
    <location file="/home/shubh/ariac_ws/src/group5/group5_rwa_3/include/group5_rwa_3/store_and_submit.py" line="17" column="1" bodyfile="/home/shubh/ariac_ws/src/group5/group5_rwa_3/include/group5_rwa_3/store_and_submit.py" bodystart="17" bodyend="25"/>
    <listofallmembers>
      <member refid="classgroup5__rwa__3_1_1store__and__submit_1_1PartClass_1a1a3c011012332b1e50da21650f0a3481" prot="public" virt="non-virtual"><scope>group5_rwa_3::store_and_submit::PartClass</scope><name>__init__</name></member>
      <member refid="classgroup5__rwa__3_1_1store__and__submit_1_1PartClass_1a9e28f709238fa62e161a6e746473fdbd" prot="public" virt="non-virtual"><scope>group5_rwa_3::store_and_submit::PartClass</scope><name>part_color</name></member>
      <member refid="classgroup5__rwa__3_1_1store__and__submit_1_1PartClass_1a87d6faac8c363b018fe0a18f05672065" prot="public" virt="non-virtual"><scope>group5_rwa_3::store_and_submit::PartClass</scope><name>part_type</name></member>
    </listofallmembers>
  </compounddef>
</doxygen>
