<?xml version='1.0' encoding='UTF-8' standalone='no'?>
<doxygen xmlns:xsi="http://www.w3.org/2001/XMLSchema-instance" xsi:noNamespaceSchemaLocation="compound.xsd" version="1.8.17">
  <compounddef id="classgroup5__rwa__3_1_1part__locations_1_1PartLotClass" kind="class" language="Python" prot="public">
    <compoundname>group5_rwa_3::part_locations::PartLotClass</compoundname>
      <sectiondef kind="public-attrib">
      <memberdef kind="variable" id="classgroup5__rwa__3_1_1part__locations_1_1PartLotClass_1afcda29ee1ab1cb8121da4ccffa4c0241" prot="public" static="no" mutable="no">
        <type></type>
        <definition>group5_rwa_3.part_locations.PartLotClass::quantity</definition>
        <argsstring></argsstring>
        <name>quantity</name>
        <briefdescription>
        </briefdescription>
        <detaileddescription>
        </detaileddescription>
        <inbodydescription>
        </inbodydescription>
        <location file="/home/shubh/ariac_ws/src/group5/group5_rwa_3/include/group5_rwa_3/part_locations.py" line="31" column="1" bodyfile="/home/shubh/ariac_ws/src/group5/group5_rwa_3/include/group5_rwa_3/part_locations.py" bodystart="31" bodyend="-1"/>
      </memberdef>
      <memberdef kind="variable" id="classgroup5__rwa__3_1_1part__locations_1_1PartLotClass_1a41dc1876dc3431e11040a028d038a2cb" prot="public" static="no" mutable="no">
        <type></type>
        <definition>group5_rwa_3.part_locations.PartLotClass::part</definition>
        <argsstring></argsstring>
        <name>part</name>
        <briefdescription>
        </briefdescription>
        <detaileddescription>
        </detaileddescription>
        <inbodydescription>
        </inbodydescription>
        <location file="/home/shubh/ariac_ws/src/group5/group5_rwa_3/include/group5_rwa_3/part_locations.py" line="32" column="1" bodyfile="/home/shubh/ariac_ws/src/group5/group5_rwa_3/include/group5_rwa_3/part_locations.py" bodystart="32" bodyend="-1"/>
      </memberdef>
      </sectiondef>
      <sectiondef kind="public-func">
      <memberdef kind="function" id="classgroup5__rwa__3_1_1part__locations_1_1PartLotClass_1a71c8946d560ac0aee6fc008bb9dd6779" prot="public" static="no" const="no" explicit="no" inline="no" virt="non-virtual">
        <type>def</type>
        <definition>def group5_rwa_3.part_locations.PartLotClass.__init__</definition>
        <argsstring>(self, PartLot msg)</argsstring>
        <name>__init__</name>
        <param>
          <type>self</type>
          <defname>self</defname>
        </param>
        <param>
          <type>PartLot</type>
          <declname>msg</declname>
        </param>
        <briefdescription>
        </briefdescription>
        <detaileddescription>
        </detaileddescription>
        <inbodydescription>
        </inbodydescription>
        <location file="/home/shubh/ariac_ws/src/group5/group5_rwa_3/include/group5_rwa_3/part_locations.py" line="30" column="1" bodyfile="/home/shubh/ariac_ws/src/group5/group5_rwa_3/include/group5_rwa_3/part_locations.py" bodystart="30" bodyend="33"/>
      </memberdef>
      </sectiondef>
    <briefdescription>
    </briefdescription>
    <detaileddescription>
    </detaileddescription>
    <location file="/home/shubh/ariac_ws/src/group5/group5_rwa_3/include/group5_rwa_3/part_locations.py" line="29" column="1" bodyfile="/home/shubh/ariac_ws/src/group5/group5_rwa_3/include/group5_rwa_3/part_locations.py" bodystart="29" bodyend="34"/>
    <listofallmembers>
      <member refid="classgroup5__rwa__3_1_1part__locations_1_1PartLotClass_1a71c8946d560ac0aee6fc008bb9dd6779" prot="public" virt="non-virtual"><scope>group5_rwa_3::part_locations::PartLotClass</scope><name>__init__</name></member>
      <member refid="classgroup5__rwa__3_1_1part__locations_1_1PartLotClass_1a41dc1876dc3431e11040a028d038a2cb" prot="public" virt="non-virtual"><scope>group5_rwa_3::part_locations::PartLotClass</scope><name>part</name></member>
      <member refid="classgroup5__rwa__3_1_1part__locations_1_1PartLotClass_1afcda29ee1ab1cb8121da4ccffa4c0241" prot="public" virt="non-virtual"><scope>group5_rwa_3::part_locations::PartLotClass</scope><name>quantity</name></member>
    </listofallmembers>
  </compounddef>
</doxygen>
