<?xml version='1.0' encoding='UTF-8' standalone='no'?>
<doxygen xmlns:xsi="http://www.w3.org/2001/XMLSchema-instance" xsi:noNamespaceSchemaLocation="compound.xsd" version="1.8.17">
  <compounddef id="classgroup5__rwa__3_1_1submit__order__nodes_1_1SubmitStatePublisher" kind="class" language="Python" prot="public">
    <compoundname>group5_rwa_3::submit_order_nodes::SubmitStatePublisher</compoundname>
    <basecompoundref prot="public" virt="non-virtual">Node</basecompoundref>
      <sectiondef kind="public-attrib">
      <memberdef kind="variable" id="classgroup5__rwa__3_1_1submit__order__nodes_1_1SubmitStatePublisher_1a57d11086f671794d5654a547449a2739" prot="public" static="no" mutable="no">
        <type></type>
        <definition>group5_rwa_3.submit_order_nodes.SubmitStatePublisher::data</definition>
        <argsstring></argsstring>
        <name>data</name>
        <briefdescription>
        </briefdescription>
        <detaileddescription>
        </detaileddescription>
        <inbodydescription>
        </inbodydescription>
        <location file="/home/shubh/ariac_ws/src/group5/group5_rwa_3/include/group5_rwa_3/submit_order_nodes.py" line="39" column="1" bodyfile="/home/shubh/ariac_ws/src/group5/group5_rwa_3/include/group5_rwa_3/submit_order_nodes.py" bodystart="39" bodyend="-1"/>
      </memberdef>
      <memberdef kind="variable" id="classgroup5__rwa__3_1_1submit__order__nodes_1_1SubmitStatePublisher_1a14aefa0197a18fc60d26c87416d9dee0" prot="public" static="no" mutable="no">
        <type></type>
        <definition>group5_rwa_3.submit_order_nodes.SubmitStatePublisher::publisher_</definition>
        <argsstring></argsstring>
        <name>publisher_</name>
        <briefdescription>
        </briefdescription>
        <detaileddescription>
        </detaileddescription>
        <inbodydescription>
        </inbodydescription>
        <location file="/home/shubh/ariac_ws/src/group5/group5_rwa_3/include/group5_rwa_3/submit_order_nodes.py" line="40" column="1" bodyfile="/home/shubh/ariac_ws/src/group5/group5_rwa_3/include/group5_rwa_3/submit_order_nodes.py" bodystart="40" bodyend="-1"/>
      </memberdef>
      <memberdef kind="variable" id="classgroup5__rwa__3_1_1submit__order__nodes_1_1SubmitStatePublisher_1a7fea7ba202302b1c588849bbe31579a0" prot="public" static="no" mutable="no">
        <type></type>
        <definition>group5_rwa_3.submit_order_nodes.SubmitStatePublisher::timer</definition>
        <argsstring></argsstring>
        <name>timer</name>
        <briefdescription>
        </briefdescription>
        <detaileddescription>
        </detaileddescription>
        <inbodydescription>
        </inbodydescription>
        <location file="/home/shubh/ariac_ws/src/group5/group5_rwa_3/include/group5_rwa_3/submit_order_nodes.py" line="42" column="1" bodyfile="/home/shubh/ariac_ws/src/group5/group5_rwa_3/include/group5_rwa_3/submit_order_nodes.py" bodystart="42" bodyend="-1"/>
      </memberdef>
      </sectiondef>
      <sectiondef kind="public-func">
      <memberdef kind="function" id="classgroup5__rwa__3_1_1submit__order__nodes_1_1SubmitStatePublisher_1a4287a19a3e93c6038f5e06680c281076" prot="public" static="no" const="no" explicit="no" inline="no" virt="non-virtual">
        <type>def</type>
        <definition>def group5_rwa_3.submit_order_nodes.SubmitStatePublisher.__init__</definition>
        <argsstring>(self, data)</argsstring>
        <name>__init__</name>
        <param>
          <type>self</type>
          <defname>self</defname>
        </param>
        <param>
          <type>data</type>
          <defname>data</defname>
        </param>
        <briefdescription>
        </briefdescription>
        <detaileddescription>
        </detaileddescription>
        <inbodydescription>
        </inbodydescription>
        <location file="/home/shubh/ariac_ws/src/group5/group5_rwa_3/include/group5_rwa_3/submit_order_nodes.py" line="37" column="1" bodyfile="/home/shubh/ariac_ws/src/group5/group5_rwa_3/include/group5_rwa_3/submit_order_nodes.py" bodystart="37" bodyend="43"/>
      </memberdef>
      <memberdef kind="function" id="classgroup5__rwa__3_1_1submit__order__nodes_1_1SubmitStatePublisher_1a16e413cb5175fc49b94664ec84a0b7fa" prot="public" static="no" const="no" explicit="no" inline="no" virt="non-virtual">
        <type>def</type>
        <definition>def group5_rwa_3.submit_order_nodes.SubmitStatePublisher.update_data</definition>
        <argsstring>(self, data_update)</argsstring>
        <name>update_data</name>
        <param>
          <type>self</type>
          <defname>self</defname>
        </param>
        <param>
          <type>data_update</type>
          <defname>data_update</defname>
        </param>
        <briefdescription>
        </briefdescription>
        <detaileddescription>
        </detaileddescription>
        <inbodydescription>
        </inbodydescription>
        <location file="/home/shubh/ariac_ws/src/group5/group5_rwa_3/include/group5_rwa_3/submit_order_nodes.py" line="45" column="1" bodyfile="/home/shubh/ariac_ws/src/group5/group5_rwa_3/include/group5_rwa_3/submit_order_nodes.py" bodystart="45" bodyend="47"/>
      </memberdef>
      <memberdef kind="function" id="classgroup5__rwa__3_1_1submit__order__nodes_1_1SubmitStatePublisher_1a03a43dcb5ce49eb88596b0aca8a6aeae" prot="public" static="no" const="no" explicit="no" inline="no" virt="non-virtual">
        <type>def</type>
        <definition>def group5_rwa_3.submit_order_nodes.SubmitStatePublisher.timer_callback</definition>
        <argsstring>(self)</argsstring>
        <name>timer_callback</name>
        <param>
          <type>self</type>
          <defname>self</defname>
        </param>
        <briefdescription>
        </briefdescription>
        <detaileddescription>
        </detaileddescription>
        <inbodydescription>
        </inbodydescription>
        <location file="/home/shubh/ariac_ws/src/group5/group5_rwa_3/include/group5_rwa_3/submit_order_nodes.py" line="49" column="1" bodyfile="/home/shubh/ariac_ws/src/group5/group5_rwa_3/include/group5_rwa_3/submit_order_nodes.py" bodystart="49" bodyend="53"/>
      </memberdef>
      </sectiondef>
    <briefdescription>
    </briefdescription>
    <detaileddescription>
<para><verbatim>Publisher class - Publishes submission state (True/False) on ROS TOPIC /submit_state
</verbatim> </para>
    </detaileddescription>
    <inheritancegraph>
      <node id="1">
        <label>group5_rwa_3.submit_order_nodes.SubmitStatePublisher</label>
        <link refid="classgroup5__rwa__3_1_1submit__order__nodes_1_1SubmitStatePublisher"/>
        <childnode refid="2" relation="public-inheritance">
        </childnode>
      </node>
      <node id="2">
        <label>Node</label>
      </node>
    </inheritancegraph>
    <collaborationgraph>
      <node id="1">
        <label>group5_rwa_3.submit_order_nodes.SubmitStatePublisher</label>
        <link refid="classgroup5__rwa__3_1_1submit__order__nodes_1_1SubmitStatePublisher"/>
        <childnode refid="2" relation="public-inheritance">
        </childnode>
      </node>
      <node id="2">
        <label>Node</label>
      </node>
    </collaborationgraph>
    <location file="/home/shubh/ariac_ws/src/group5/group5_rwa_3/include/group5_rwa_3/submit_order_nodes.py" line="31" column="1" bodyfile="/home/shubh/ariac_ws/src/group5/group5_rwa_3/include/group5_rwa_3/submit_order_nodes.py" bodystart="31" bodyend="53"/>
    <listofallmembers>
      <member refid="classgroup5__rwa__3_1_1submit__order__nodes_1_1SubmitStatePublisher_1a4287a19a3e93c6038f5e06680c281076" prot="public" virt="non-virtual"><scope>group5_rwa_3::submit_order_nodes::SubmitStatePublisher</scope><name>__init__</name></member>
      <member refid="classgroup5__rwa__3_1_1submit__order__nodes_1_1SubmitStatePublisher_1a57d11086f671794d5654a547449a2739" prot="public" virt="non-virtual"><scope>group5_rwa_3::submit_order_nodes::SubmitStatePublisher</scope><name>data</name></member>
      <member refid="classgroup5__rwa__3_1_1submit__order__nodes_1_1SubmitStatePublisher_1a14aefa0197a18fc60d26c87416d9dee0" prot="public" virt="non-virtual"><scope>group5_rwa_3::submit_order_nodes::SubmitStatePublisher</scope><name>publisher_</name></member>
      <member refid="classgroup5__rwa__3_1_1submit__order__nodes_1_1SubmitStatePublisher_1a7fea7ba202302b1c588849bbe31579a0" prot="public" virt="non-virtual"><scope>group5_rwa_3::submit_order_nodes::SubmitStatePublisher</scope><name>timer</name></member>
      <member refid="classgroup5__rwa__3_1_1submit__order__nodes_1_1SubmitStatePublisher_1a03a43dcb5ce49eb88596b0aca8a6aeae" prot="public" virt="non-virtual"><scope>group5_rwa_3::submit_order_nodes::SubmitStatePublisher</scope><name>timer_callback</name></member>
      <member refid="classgroup5__rwa__3_1_1submit__order__nodes_1_1SubmitStatePublisher_1a16e413cb5175fc49b94664ec84a0b7fa" prot="public" virt="non-virtual"><scope>group5_rwa_3::submit_order_nodes::SubmitStatePublisher</scope><name>update_data</name></member>
    </listofallmembers>
  </compounddef>
</doxygen>
