<?xml version='1.0' encoding='UTF-8' standalone='no'?>
<doxygen xmlns:xsi="http://www.w3.org/2001/XMLSchema-instance" xsi:noNamespaceSchemaLocation="compound.xsd" version="1.8.17">
  <compounddef id="classgroup5__rwa__3_1_1store__and__submit_1_1KittingTaskClass" kind="class" language="Python" prot="public">
    <compoundname>group5_rwa_3::store_and_submit::KittingTaskClass</compoundname>
      <sectiondef kind="public-attrib">
      <memberdef kind="variable" id="classgroup5__rwa__3_1_1store__and__submit_1_1KittingTaskClass_1a97ccd0c1d488613072508fa25e833ec0" prot="public" static="no" mutable="no">
        <type></type>
        <definition>group5_rwa_3.store_and_submit.KittingTaskClass::agv_number</definition>
        <argsstring></argsstring>
        <name>agv_number</name>
        <briefdescription>
        </briefdescription>
        <detaileddescription>
        </detaileddescription>
        <inbodydescription>
        </inbodydescription>
        <location file="/home/shubh/ariac_ws/src/group5/group5_rwa_3/include/group5_rwa_3/store_and_submit.py" line="56" column="1" bodyfile="/home/shubh/ariac_ws/src/group5/group5_rwa_3/include/group5_rwa_3/store_and_submit.py" bodystart="56" bodyend="-1"/>
      </memberdef>
      <memberdef kind="variable" id="classgroup5__rwa__3_1_1store__and__submit_1_1KittingTaskClass_1ac98e69f5b9e70f3b99d30af8e3f0c83a" prot="public" static="no" mutable="no">
        <type></type>
        <definition>group5_rwa_3.store_and_submit.KittingTaskClass::tray_id</definition>
        <argsstring></argsstring>
        <name>tray_id</name>
        <briefdescription>
        </briefdescription>
        <detaileddescription>
        </detaileddescription>
        <inbodydescription>
        </inbodydescription>
        <location file="/home/shubh/ariac_ws/src/group5/group5_rwa_3/include/group5_rwa_3/store_and_submit.py" line="57" column="1" bodyfile="/home/shubh/ariac_ws/src/group5/group5_rwa_3/include/group5_rwa_3/store_and_submit.py" bodystart="57" bodyend="-1"/>
      </memberdef>
      <memberdef kind="variable" id="classgroup5__rwa__3_1_1store__and__submit_1_1KittingTaskClass_1a0bf1d84fd243ff06f0e80afa7134b0d8" prot="public" static="no" mutable="no">
        <type></type>
        <definition>group5_rwa_3.store_and_submit.KittingTaskClass::destination</definition>
        <argsstring></argsstring>
        <name>destination</name>
        <briefdescription>
        </briefdescription>
        <detaileddescription>
        </detaileddescription>
        <inbodydescription>
        </inbodydescription>
        <location file="/home/shubh/ariac_ws/src/group5/group5_rwa_3/include/group5_rwa_3/store_and_submit.py" line="58" column="1" bodyfile="/home/shubh/ariac_ws/src/group5/group5_rwa_3/include/group5_rwa_3/store_and_submit.py" bodystart="58" bodyend="-1"/>
      </memberdef>
      <memberdef kind="variable" id="classgroup5__rwa__3_1_1store__and__submit_1_1KittingTaskClass_1a19477f63915d656ce48312ecc0a8606f" prot="public" static="no" mutable="no">
        <type></type>
        <definition>group5_rwa_3.store_and_submit.KittingTaskClass::number_of_parts</definition>
        <argsstring></argsstring>
        <name>number_of_parts</name>
        <briefdescription>
        </briefdescription>
        <detaileddescription>
        </detaileddescription>
        <inbodydescription>
        </inbodydescription>
        <location file="/home/shubh/ariac_ws/src/group5/group5_rwa_3/include/group5_rwa_3/store_and_submit.py" line="59" column="1" bodyfile="/home/shubh/ariac_ws/src/group5/group5_rwa_3/include/group5_rwa_3/store_and_submit.py" bodystart="59" bodyend="-1"/>
      </memberdef>
      <memberdef kind="variable" id="classgroup5__rwa__3_1_1store__and__submit_1_1KittingTaskClass_1ac3e188a30e3e703dd069f99a0bc83bb0" prot="public" static="no" mutable="no">
        <type></type>
        <definition>group5_rwa_3.store_and_submit.KittingTaskClass::parts</definition>
        <argsstring></argsstring>
        <name>parts</name>
        <briefdescription>
        </briefdescription>
        <detaileddescription>
        </detaileddescription>
        <inbodydescription>
        </inbodydescription>
        <location file="/home/shubh/ariac_ws/src/group5/group5_rwa_3/include/group5_rwa_3/store_and_submit.py" line="60" column="1" bodyfile="/home/shubh/ariac_ws/src/group5/group5_rwa_3/include/group5_rwa_3/store_and_submit.py" bodystart="60" bodyend="-1"/>
      </memberdef>
      </sectiondef>
      <sectiondef kind="public-func">
      <memberdef kind="function" id="classgroup5__rwa__3_1_1store__and__submit_1_1KittingTaskClass_1af3fe6d761a15f9064bd35b16a5144d92" prot="public" static="no" const="no" explicit="no" inline="no" virt="non-virtual">
        <type>def</type>
        <definition>def group5_rwa_3.store_and_submit.KittingTaskClass.__init__</definition>
        <argsstring>(self, msg)</argsstring>
        <name>__init__</name>
        <param>
          <type>self</type>
          <defname>self</defname>
        </param>
        <param>
          <type>msg</type>
          <defname>msg</defname>
        </param>
        <briefdescription>
        </briefdescription>
        <detaileddescription>
        </detaileddescription>
        <inbodydescription>
        </inbodydescription>
        <location file="/home/shubh/ariac_ws/src/group5/group5_rwa_3/include/group5_rwa_3/store_and_submit.py" line="55" column="1" bodyfile="/home/shubh/ariac_ws/src/group5/group5_rwa_3/include/group5_rwa_3/store_and_submit.py" bodystart="55" bodyend="63"/>
      </memberdef>
      </sectiondef>
    <briefdescription>
    </briefdescription>
    <detaileddescription>
<para><verbatim>Class For Kitting Tasks</verbatim> </para>
    </detaileddescription>
    <location file="/home/shubh/ariac_ws/src/group5/group5_rwa_3/include/group5_rwa_3/store_and_submit.py" line="53" column="1" bodyfile="/home/shubh/ariac_ws/src/group5/group5_rwa_3/include/group5_rwa_3/store_and_submit.py" bodystart="53" bodyend="64"/>
    <listofallmembers>
      <member refid="classgroup5__rwa__3_1_1store__and__submit_1_1KittingTaskClass_1af3fe6d761a15f9064bd35b16a5144d92" prot="public" virt="non-virtual"><scope>group5_rwa_3::store_and_submit::KittingTaskClass</scope><name>__init__</name></member>
      <member refid="classgroup5__rwa__3_1_1store__and__submit_1_1KittingTaskClass_1a97ccd0c1d488613072508fa25e833ec0" prot="public" virt="non-virtual"><scope>group5_rwa_3::store_and_submit::KittingTaskClass</scope><name>agv_number</name></member>
      <member refid="classgroup5__rwa__3_1_1store__and__submit_1_1KittingTaskClass_1a0bf1d84fd243ff06f0e80afa7134b0d8" prot="public" virt="non-virtual"><scope>group5_rwa_3::store_and_submit::KittingTaskClass</scope><name>destination</name></member>
      <member refid="classgroup5__rwa__3_1_1store__and__submit_1_1KittingTaskClass_1a19477f63915d656ce48312ecc0a8606f" prot="public" virt="non-virtual"><scope>group5_rwa_3::store_and_submit::KittingTaskClass</scope><name>number_of_parts</name></member>
      <member refid="classgroup5__rwa__3_1_1store__and__submit_1_1KittingTaskClass_1ac3e188a30e3e703dd069f99a0bc83bb0" prot="public" virt="non-virtual"><scope>group5_rwa_3::store_and_submit::KittingTaskClass</scope><name>parts</name></member>
      <member refid="classgroup5__rwa__3_1_1store__and__submit_1_1KittingTaskClass_1ac98e69f5b9e70f3b99d30af8e3f0c83a" prot="public" virt="non-virtual"><scope>group5_rwa_3::store_and_submit::KittingTaskClass</scope><name>tray_id</name></member>
    </listofallmembers>
  </compounddef>
</doxygen>
