<?xml version='1.0' encoding='UTF-8' standalone='no'?>
<doxygen xmlns:xsi="http://www.w3.org/2001/XMLSchema-instance" xsi:noNamespaceSchemaLocation="compound.xsd" version="1.8.17">
  <compounddef id="classgroup5__rwa__3_1_1store__and__submit_1_1CombinedTaskClass" kind="class" language="Python" prot="public">
    <compoundname>group5_rwa_3::store_and_submit::CombinedTaskClass</compoundname>
      <sectiondef kind="public-attrib">
      <memberdef kind="variable" id="classgroup5__rwa__3_1_1store__and__submit_1_1CombinedTaskClass_1aba53a6f7fd900b6973ccbb7aa7502add" prot="public" static="no" mutable="no">
        <type></type>
        <definition>group5_rwa_3.store_and_submit.CombinedTaskClass::station</definition>
        <argsstring></argsstring>
        <name>station</name>
        <briefdescription>
        </briefdescription>
        <detaileddescription>
        </detaileddescription>
        <inbodydescription>
        </inbodydescription>
        <location file="/home/shubh/ariac_ws/src/group5/group5_rwa_3/include/group5_rwa_3/store_and_submit.py" line="67" column="1" bodyfile="/home/shubh/ariac_ws/src/group5/group5_rwa_3/include/group5_rwa_3/store_and_submit.py" bodystart="67" bodyend="-1"/>
      </memberdef>
      <memberdef kind="variable" id="classgroup5__rwa__3_1_1store__and__submit_1_1CombinedTaskClass_1a14df7c82db29acfcb85a52f33831c17e" prot="public" static="no" mutable="no">
        <type></type>
        <definition>group5_rwa_3.store_and_submit.CombinedTaskClass::number_of_parts</definition>
        <argsstring></argsstring>
        <name>number_of_parts</name>
        <briefdescription>
        </briefdescription>
        <detaileddescription>
        </detaileddescription>
        <inbodydescription>
        </inbodydescription>
        <location file="/home/shubh/ariac_ws/src/group5/group5_rwa_3/include/group5_rwa_3/store_and_submit.py" line="68" column="1" bodyfile="/home/shubh/ariac_ws/src/group5/group5_rwa_3/include/group5_rwa_3/store_and_submit.py" bodystart="68" bodyend="-1"/>
      </memberdef>
      <memberdef kind="variable" id="classgroup5__rwa__3_1_1store__and__submit_1_1CombinedTaskClass_1af8cea530371bad2b588c751b81ebfc22" prot="public" static="no" mutable="no">
        <type></type>
        <definition>group5_rwa_3.store_and_submit.CombinedTaskClass::parts</definition>
        <argsstring></argsstring>
        <name>parts</name>
        <briefdescription>
        </briefdescription>
        <detaileddescription>
        </detaileddescription>
        <inbodydescription>
        </inbodydescription>
        <location file="/home/shubh/ariac_ws/src/group5/group5_rwa_3/include/group5_rwa_3/store_and_submit.py" line="69" column="1" bodyfile="/home/shubh/ariac_ws/src/group5/group5_rwa_3/include/group5_rwa_3/store_and_submit.py" bodystart="69" bodyend="-1"/>
      </memberdef>
      </sectiondef>
      <sectiondef kind="public-func">
      <memberdef kind="function" id="classgroup5__rwa__3_1_1store__and__submit_1_1CombinedTaskClass_1a48c112344e63217a141e2ca7e281246e" prot="public" static="no" const="no" explicit="no" inline="no" virt="non-virtual">
        <type>def</type>
        <definition>def group5_rwa_3.store_and_submit.CombinedTaskClass.__init__</definition>
        <argsstring>(self, msg)</argsstring>
        <name>__init__</name>
        <param>
          <type>self</type>
          <defname>self</defname>
        </param>
        <param>
          <type>msg</type>
          <defname>msg</defname>
        </param>
        <briefdescription>
        </briefdescription>
        <detaileddescription>
        </detaileddescription>
        <inbodydescription>
        </inbodydescription>
        <location file="/home/shubh/ariac_ws/src/group5/group5_rwa_3/include/group5_rwa_3/store_and_submit.py" line="66" column="1" bodyfile="/home/shubh/ariac_ws/src/group5/group5_rwa_3/include/group5_rwa_3/store_and_submit.py" bodystart="66" bodyend="72"/>
      </memberdef>
      </sectiondef>
    <briefdescription>
    </briefdescription>
    <detaileddescription>
<para><verbatim>Class For Combined Tasks</verbatim> </para>
    </detaileddescription>
    <location file="/home/shubh/ariac_ws/src/group5/group5_rwa_3/include/group5_rwa_3/store_and_submit.py" line="64" column="1" bodyfile="/home/shubh/ariac_ws/src/group5/group5_rwa_3/include/group5_rwa_3/store_and_submit.py" bodystart="64" bodyend="75"/>
    <listofallmembers>
      <member refid="classgroup5__rwa__3_1_1store__and__submit_1_1CombinedTaskClass_1a48c112344e63217a141e2ca7e281246e" prot="public" virt="non-virtual"><scope>group5_rwa_3::store_and_submit::CombinedTaskClass</scope><name>__init__</name></member>
      <member refid="classgroup5__rwa__3_1_1store__and__submit_1_1CombinedTaskClass_1a14df7c82db29acfcb85a52f33831c17e" prot="public" virt="non-virtual"><scope>group5_rwa_3::store_and_submit::CombinedTaskClass</scope><name>number_of_parts</name></member>
      <member refid="classgroup5__rwa__3_1_1store__and__submit_1_1CombinedTaskClass_1af8cea530371bad2b588c751b81ebfc22" prot="public" virt="non-virtual"><scope>group5_rwa_3::store_and_submit::CombinedTaskClass</scope><name>parts</name></member>
      <member refid="classgroup5__rwa__3_1_1store__and__submit_1_1CombinedTaskClass_1aba53a6f7fd900b6973ccbb7aa7502add" prot="public" virt="non-virtual"><scope>group5_rwa_3::store_and_submit::CombinedTaskClass</scope><name>station</name></member>
    </listofallmembers>
  </compounddef>
</doxygen>
