<?xml version='1.0' encoding='UTF-8' standalone='no'?>
<doxygen xmlns:xsi="http://www.w3.org/2001/XMLSchema-instance" xsi:noNamespaceSchemaLocation="compound.xsd" version="1.8.17">
  <compounddef id="classgroup5__rwa__3_1_1submit__order__nodes_1_1SubmitOrderClient" kind="class" language="Python" prot="public">
    <compoundname>group5_rwa_3::submit_order_nodes::SubmitOrderClient</compoundname>
    <basecompoundref prot="public" virt="non-virtual">Node</basecompoundref>
      <sectiondef kind="public-attrib">
      <memberdef kind="variable" id="classgroup5__rwa__3_1_1submit__order__nodes_1_1SubmitOrderClient_1aef42a3d18ec6cf8c9f1724d78f5e5f8b" prot="public" static="no" mutable="no">
        <type></type>
        <definition>group5_rwa_3.submit_order_nodes.SubmitOrderClient::cli</definition>
        <argsstring></argsstring>
        <name>cli</name>
        <briefdescription>
        </briefdescription>
        <detaileddescription>
        </detaileddescription>
        <inbodydescription>
        </inbodydescription>
        <location file="/home/shubh/ariac_ws/src/group5/group5_rwa_3/include/group5_rwa_3/submit_order_nodes.py" line="18" column="1" bodyfile="/home/shubh/ariac_ws/src/group5/group5_rwa_3/include/group5_rwa_3/submit_order_nodes.py" bodystart="18" bodyend="-1"/>
      </memberdef>
      <memberdef kind="variable" id="classgroup5__rwa__3_1_1submit__order__nodes_1_1SubmitOrderClient_1a4915882abd7ae5bd0b34ae2b7ef259af" prot="public" static="no" mutable="no">
        <type></type>
        <definition>group5_rwa_3.submit_order_nodes.SubmitOrderClient::req</definition>
        <argsstring></argsstring>
        <name>req</name>
        <briefdescription>
        </briefdescription>
        <detaileddescription>
        </detaileddescription>
        <inbodydescription>
        </inbodydescription>
        <location file="/home/shubh/ariac_ws/src/group5/group5_rwa_3/include/group5_rwa_3/submit_order_nodes.py" line="21" column="1" bodyfile="/home/shubh/ariac_ws/src/group5/group5_rwa_3/include/group5_rwa_3/submit_order_nodes.py" bodystart="21" bodyend="-1"/>
      </memberdef>
      <memberdef kind="variable" id="classgroup5__rwa__3_1_1submit__order__nodes_1_1SubmitOrderClient_1a75bcfa86b4201d258487aa16973dd133" prot="public" static="no" mutable="no">
        <type></type>
        <definition>group5_rwa_3.submit_order_nodes.SubmitOrderClient::future</definition>
        <argsstring></argsstring>
        <name>future</name>
        <briefdescription>
        </briefdescription>
        <detaileddescription>
        </detaileddescription>
        <inbodydescription>
        </inbodydescription>
        <location file="/home/shubh/ariac_ws/src/group5/group5_rwa_3/include/group5_rwa_3/submit_order_nodes.py" line="26" column="1" bodyfile="/home/shubh/ariac_ws/src/group5/group5_rwa_3/include/group5_rwa_3/submit_order_nodes.py" bodystart="26" bodyend="-1"/>
      </memberdef>
      </sectiondef>
      <sectiondef kind="public-func">
      <memberdef kind="function" id="classgroup5__rwa__3_1_1submit__order__nodes_1_1SubmitOrderClient_1aa5049d0700e485d4c381a9cb3d3fc2b9" prot="public" static="no" const="no" explicit="no" inline="no" virt="non-virtual">
        <type>def</type>
        <definition>def group5_rwa_3.submit_order_nodes.SubmitOrderClient.__init__</definition>
        <argsstring>(self)</argsstring>
        <name>__init__</name>
        <param>
          <type>self</type>
          <defname>self</defname>
        </param>
        <briefdescription>
        </briefdescription>
        <detaileddescription>
        </detaileddescription>
        <inbodydescription>
        </inbodydescription>
        <location file="/home/shubh/ariac_ws/src/group5/group5_rwa_3/include/group5_rwa_3/submit_order_nodes.py" line="16" column="1" bodyfile="/home/shubh/ariac_ws/src/group5/group5_rwa_3/include/group5_rwa_3/submit_order_nodes.py" bodystart="16" bodyend="22"/>
      </memberdef>
      <memberdef kind="function" id="classgroup5__rwa__3_1_1submit__order__nodes_1_1SubmitOrderClient_1ae636751bd1197c5b96cc53186aff0e30" prot="public" static="no" const="no" explicit="no" inline="no" virt="non-virtual">
        <type>def</type>
        <definition>def group5_rwa_3.submit_order_nodes.SubmitOrderClient.send_request</definition>
        <argsstring>(self, id)</argsstring>
        <name>send_request</name>
        <param>
          <type>self</type>
          <defname>self</defname>
        </param>
        <param>
          <type>id</type>
          <defname>id</defname>
        </param>
        <briefdescription>
        </briefdescription>
        <detaileddescription>
        </detaileddescription>
        <inbodydescription>
        </inbodydescription>
        <location file="/home/shubh/ariac_ws/src/group5/group5_rwa_3/include/group5_rwa_3/submit_order_nodes.py" line="24" column="1" bodyfile="/home/shubh/ariac_ws/src/group5/group5_rwa_3/include/group5_rwa_3/submit_order_nodes.py" bodystart="24" bodyend="30"/>
      </memberdef>
      </sectiondef>
    <briefdescription>
    </briefdescription>
    <detaileddescription>
<para><verbatim>Client class - Submits Order ID on the ROS Topic &apos;/ariac/submit_order&apos;
</verbatim> </para>
    </detaileddescription>
    <inheritancegraph>
      <node id="2">
        <label>Node</label>
      </node>
      <node id="1">
        <label>group5_rwa_3.submit_order_nodes.SubmitOrderClient</label>
        <link refid="classgroup5__rwa__3_1_1submit__order__nodes_1_1SubmitOrderClient"/>
        <childnode refid="2" relation="public-inheritance">
        </childnode>
      </node>
    </inheritancegraph>
    <collaborationgraph>
      <node id="2">
        <label>Node</label>
      </node>
      <node id="1">
        <label>group5_rwa_3.submit_order_nodes.SubmitOrderClient</label>
        <link refid="classgroup5__rwa__3_1_1submit__order__nodes_1_1SubmitOrderClient"/>
        <childnode refid="2" relation="public-inheritance">
        </childnode>
      </node>
    </collaborationgraph>
    <location file="/home/shubh/ariac_ws/src/group5/group5_rwa_3/include/group5_rwa_3/submit_order_nodes.py" line="10" column="1" bodyfile="/home/shubh/ariac_ws/src/group5/group5_rwa_3/include/group5_rwa_3/submit_order_nodes.py" bodystart="10" bodyend="31"/>
    <listofallmembers>
      <member refid="classgroup5__rwa__3_1_1submit__order__nodes_1_1SubmitOrderClient_1aa5049d0700e485d4c381a9cb3d3fc2b9" prot="public" virt="non-virtual"><scope>group5_rwa_3::submit_order_nodes::SubmitOrderClient</scope><name>__init__</name></member>
      <member refid="classgroup5__rwa__3_1_1submit__order__nodes_1_1SubmitOrderClient_1aef42a3d18ec6cf8c9f1724d78f5e5f8b" prot="public" virt="non-virtual"><scope>group5_rwa_3::submit_order_nodes::SubmitOrderClient</scope><name>cli</name></member>
      <member refid="classgroup5__rwa__3_1_1submit__order__nodes_1_1SubmitOrderClient_1a75bcfa86b4201d258487aa16973dd133" prot="public" virt="non-virtual"><scope>group5_rwa_3::submit_order_nodes::SubmitOrderClient</scope><name>future</name></member>
      <member refid="classgroup5__rwa__3_1_1submit__order__nodes_1_1SubmitOrderClient_1a4915882abd7ae5bd0b34ae2b7ef259af" prot="public" virt="non-virtual"><scope>group5_rwa_3::submit_order_nodes::SubmitOrderClient</scope><name>req</name></member>
      <member refid="classgroup5__rwa__3_1_1submit__order__nodes_1_1SubmitOrderClient_1ae636751bd1197c5b96cc53186aff0e30" prot="public" virt="non-virtual"><scope>group5_rwa_3::submit_order_nodes::SubmitOrderClient</scope><name>send_request</name></member>
    </listofallmembers>
  </compounddef>
</doxygen>
