<?xml version='1.0' encoding='UTF-8' standalone='no'?>
<doxygen xmlns:xsi="http://www.w3.org/2001/XMLSchema-instance" xsi:noNamespaceSchemaLocation="compound.xsd" version="1.8.17">
  <compounddef id="classTrackBin" kind="class" language="C++" prot="public">
    <compoundname>TrackBin</compoundname>
    <innerclass refid="structTrackBin_1_1Slot" prot="public">TrackBin::Slot</innerclass>
      <sectiondef kind="public-attrib">
      <memberdef kind="variable" id="classTrackBin_1affef1c6939ab15c03f7c576ae0ab7dc5" prot="public" static="no" mutable="no">
        <type>std::vector&lt; std::vector&lt; <ref refid="structTrackBin_1_1Slot" kindref="compound">Slot</ref> &gt; &gt;</type>
        <definition>std::vector&lt;std::vector&lt;Slot&gt; &gt; TrackBin::slot_status</definition>
        <argsstring></argsstring>
        <name>slot_status</name>
        <briefdescription>
        </briefdescription>
        <detaileddescription>
        </detaileddescription>
        <inbodydescription>
        </inbodydescription>
        <location file="/home/shubh/ariac_ws/src/group5/group5_rwa_3/include/group5_rwa_3/track_bin.hpp" line="14" column="17" bodyfile="/home/shubh/ariac_ws/src/group5/group5_rwa_3/include/group5_rwa_3/track_bin.hpp" bodystart="14" bodyend="-1"/>
      </memberdef>
      </sectiondef>
      <sectiondef kind="public-func">
      <memberdef kind="function" id="classTrackBin_1a8ce6b1fdc973c26b95c3462d55286610" prot="public" static="no" const="no" explicit="no" inline="yes" virt="non-virtual">
        <type></type>
        <definition>TrackBin::TrackBin</definition>
        <argsstring>()</argsstring>
        <name>TrackBin</name>
        <briefdescription>
        </briefdescription>
        <detaileddescription>
        </detaileddescription>
        <inbodydescription>
        </inbodydescription>
        <location file="/home/shubh/ariac_ws/src/group5/group5_rwa_3/include/group5_rwa_3/track_bin.hpp" line="15" column="5" bodyfile="/home/shubh/ariac_ws/src/group5/group5_rwa_3/include/group5_rwa_3/track_bin.hpp" bodystart="15" bodyend="50"/>
      </memberdef>
      <memberdef kind="function" id="classTrackBin_1aa1761b7f605404f9779c45ab7f52eb6b" prot="public" static="no" const="no" explicit="no" inline="yes" virt="non-virtual">
        <type>void</type>
        <definition>void TrackBin::empty_left_slot_status</definition>
        <argsstring>()</argsstring>
        <name>empty_left_slot_status</name>
        <briefdescription>
        </briefdescription>
        <detaileddescription>
        </detaileddescription>
        <inbodydescription>
        </inbodydescription>
        <location file="/home/shubh/ariac_ws/src/group5/group5_rwa_3/include/group5_rwa_3/track_bin.hpp" line="52" column="10" bodyfile="/home/shubh/ariac_ws/src/group5/group5_rwa_3/include/group5_rwa_3/track_bin.hpp" bodystart="52" bodyend="58"/>
      </memberdef>
      <memberdef kind="function" id="classTrackBin_1aabc0bf5382a317779a7f1e775ddae6c2" prot="public" static="no" const="no" explicit="no" inline="yes" virt="non-virtual">
        <type>void</type>
        <definition>void TrackBin::empty_right_slot_status</definition>
        <argsstring>()</argsstring>
        <name>empty_right_slot_status</name>
        <briefdescription>
        </briefdescription>
        <detaileddescription>
        </detaileddescription>
        <inbodydescription>
        </inbodydescription>
        <location file="/home/shubh/ariac_ws/src/group5/group5_rwa_3/include/group5_rwa_3/track_bin.hpp" line="60" column="10" bodyfile="/home/shubh/ariac_ws/src/group5/group5_rwa_3/include/group5_rwa_3/track_bin.hpp" bodystart="60" bodyend="66"/>
      </memberdef>
      <memberdef kind="function" id="classTrackBin_1a912dfdb26c2c1a0edaadf1945b66d339" prot="public" static="no" const="no" explicit="no" inline="yes" virt="non-virtual">
        <type>void</type>
        <definition>void TrackBin::update_left_slot_status</definition>
        <argsstring>(std::vector&lt; std::pair&lt; double, double &gt;&gt; part_locs)</argsstring>
        <name>update_left_slot_status</name>
        <param>
          <type>std::vector&lt; std::pair&lt; double, double &gt;&gt;</type>
          <declname>part_locs</declname>
        </param>
        <briefdescription>
        </briefdescription>
        <detaileddescription>
        </detaileddescription>
        <inbodydescription>
        </inbodydescription>
        <location file="/home/shubh/ariac_ws/src/group5/group5_rwa_3/include/group5_rwa_3/track_bin.hpp" line="68" column="10" bodyfile="/home/shubh/ariac_ws/src/group5/group5_rwa_3/include/group5_rwa_3/track_bin.hpp" bodystart="68" bodyend="88"/>
      </memberdef>
      <memberdef kind="function" id="classTrackBin_1a74ac43dc1f314f9e58b70b1599a15eba" prot="public" static="no" const="no" explicit="no" inline="yes" virt="non-virtual">
        <type>void</type>
        <definition>void TrackBin::update_right_slot_status</definition>
        <argsstring>(std::vector&lt; std::pair&lt; double, double &gt;&gt; part_locs)</argsstring>
        <name>update_right_slot_status</name>
        <param>
          <type>std::vector&lt; std::pair&lt; double, double &gt;&gt;</type>
          <declname>part_locs</declname>
        </param>
        <briefdescription>
        </briefdescription>
        <detaileddescription>
        </detaileddescription>
        <inbodydescription>
        </inbodydescription>
        <location file="/home/shubh/ariac_ws/src/group5/group5_rwa_3/include/group5_rwa_3/track_bin.hpp" line="90" column="10" bodyfile="/home/shubh/ariac_ws/src/group5/group5_rwa_3/include/group5_rwa_3/track_bin.hpp" bodystart="90" bodyend="110"/>
      </memberdef>
      <memberdef kind="function" id="classTrackBin_1a2988012958ab9547d4842c4599f7a692" prot="public" static="no" const="no" explicit="no" inline="yes" virt="non-virtual">
        <type>std::pair&lt; double, double &gt;</type>
        <definition>std::pair&lt;double, double&gt; TrackBin::get_place_pose</definition>
        <argsstring>(int bin_num)</argsstring>
        <name>get_place_pose</name>
        <param>
          <type>int</type>
          <declname>bin_num</declname>
        </param>
        <briefdescription>
        </briefdescription>
        <detaileddescription>
        </detaileddescription>
        <inbodydescription>
        </inbodydescription>
        <location file="/home/shubh/ariac_ws/src/group5/group5_rwa_3/include/group5_rwa_3/track_bin.hpp" line="112" column="15" bodyfile="/home/shubh/ariac_ws/src/group5/group5_rwa_3/include/group5_rwa_3/track_bin.hpp" bodystart="112" bodyend="122"/>
      </memberdef>
      <memberdef kind="function" id="classTrackBin_1af8ad58444b3680a727dd3dec1a4664d7" prot="public" static="no" const="no" explicit="no" inline="yes" virt="non-virtual">
        <type>void</type>
        <definition>void TrackBin::print_slot_status</definition>
        <argsstring>()</argsstring>
        <name>print_slot_status</name>
        <briefdescription>
        </briefdescription>
        <detaileddescription>
        </detaileddescription>
        <inbodydescription>
        </inbodydescription>
        <location file="/home/shubh/ariac_ws/src/group5/group5_rwa_3/include/group5_rwa_3/track_bin.hpp" line="124" column="10" bodyfile="/home/shubh/ariac_ws/src/group5/group5_rwa_3/include/group5_rwa_3/track_bin.hpp" bodystart="124" bodyend="130"/>
      </memberdef>
      </sectiondef>
    <briefdescription>
    </briefdescription>
    <detaileddescription>
    </detaileddescription>
    <location file="/home/shubh/ariac_ws/src/group5/group5_rwa_3/include/group5_rwa_3/track_bin.hpp" line="6" column="15" bodyfile="/home/shubh/ariac_ws/src/group5/group5_rwa_3/include/group5_rwa_3/track_bin.hpp" bodystart="6" bodyend="132"/>
    <listofallmembers>
      <member refid="classTrackBin_1aa1761b7f605404f9779c45ab7f52eb6b" prot="public" virt="non-virtual"><scope>TrackBin</scope><name>empty_left_slot_status</name></member>
      <member refid="classTrackBin_1aabc0bf5382a317779a7f1e775ddae6c2" prot="public" virt="non-virtual"><scope>TrackBin</scope><name>empty_right_slot_status</name></member>
      <member refid="classTrackBin_1a2988012958ab9547d4842c4599f7a692" prot="public" virt="non-virtual"><scope>TrackBin</scope><name>get_place_pose</name></member>
      <member refid="classTrackBin_1af8ad58444b3680a727dd3dec1a4664d7" prot="public" virt="non-virtual"><scope>TrackBin</scope><name>print_slot_status</name></member>
      <member refid="classTrackBin_1affef1c6939ab15c03f7c576ae0ab7dc5" prot="public" virt="non-virtual"><scope>TrackBin</scope><name>slot_status</name></member>
      <member refid="classTrackBin_1a8ce6b1fdc973c26b95c3462d55286610" prot="public" virt="non-virtual"><scope>TrackBin</scope><name>TrackBin</name></member>
      <member refid="classTrackBin_1a912dfdb26c2c1a0edaadf1945b66d339" prot="public" virt="non-virtual"><scope>TrackBin</scope><name>update_left_slot_status</name></member>
      <member refid="classTrackBin_1a74ac43dc1f314f9e58b70b1599a15eba" prot="public" virt="non-virtual"><scope>TrackBin</scope><name>update_right_slot_status</name></member>
    </listofallmembers>
  </compounddef>
</doxygen>
