<?xml version='1.0' encoding='UTF-8' standalone='no'?>
<doxygen xmlns:xsi="http://www.w3.org/2001/XMLSchema-instance" xsi:noNamespaceSchemaLocation="compound.xsd" version="1.8.17">
  <compounddef id="classgroup5__rwa__3_1_1part__locations_1_1BinPartsClass" kind="class" language="Python" prot="public">
    <compoundname>group5_rwa_3::part_locations::BinPartsClass</compoundname>
      <sectiondef kind="public-attrib">
      <memberdef kind="variable" id="classgroup5__rwa__3_1_1part__locations_1_1BinPartsClass_1a9fa185da0292528eec8c9d69d4320dee" prot="public" static="no" mutable="no">
        <type></type>
        <definition>group5_rwa_3.part_locations.BinPartsClass::number_of_bins</definition>
        <argsstring></argsstring>
        <name>number_of_bins</name>
        <briefdescription>
        </briefdescription>
        <detaileddescription>
        </detaileddescription>
        <inbodydescription>
        </inbodydescription>
        <location file="/home/shubh/ariac_ws/src/group5/group5_rwa_3/include/group5_rwa_3/part_locations.py" line="16" column="1" bodyfile="/home/shubh/ariac_ws/src/group5/group5_rwa_3/include/group5_rwa_3/part_locations.py" bodystart="16" bodyend="-1"/>
      </memberdef>
      <memberdef kind="variable" id="classgroup5__rwa__3_1_1part__locations_1_1BinPartsClass_1a9fea504895851f4b35756e754125daf9" prot="public" static="no" mutable="no">
        <type></type>
        <definition>group5_rwa_3.part_locations.BinPartsClass::bins</definition>
        <argsstring></argsstring>
        <name>bins</name>
        <briefdescription>
        </briefdescription>
        <detaileddescription>
        </detaileddescription>
        <inbodydescription>
        </inbodydescription>
        <location file="/home/shubh/ariac_ws/src/group5/group5_rwa_3/include/group5_rwa_3/part_locations.py" line="17" column="1" bodyfile="/home/shubh/ariac_ws/src/group5/group5_rwa_3/include/group5_rwa_3/part_locations.py" bodystart="17" bodyend="-1"/>
      </memberdef>
      </sectiondef>
      <sectiondef kind="public-func">
      <memberdef kind="function" id="classgroup5__rwa__3_1_1part__locations_1_1BinPartsClass_1a53bdccf9a7c8502b152de04fd1268e4c" prot="public" static="no" const="no" explicit="no" inline="no" virt="non-virtual">
        <type>def</type>
        <definition>def group5_rwa_3.part_locations.BinPartsClass.__init__</definition>
        <argsstring>(self, BinParts msg)</argsstring>
        <name>__init__</name>
        <param>
          <type>self</type>
          <defname>self</defname>
        </param>
        <param>
          <type>BinParts</type>
          <declname>msg</declname>
        </param>
        <briefdescription>
        </briefdescription>
        <detaileddescription>
        </detaileddescription>
        <inbodydescription>
        </inbodydescription>
        <location file="/home/shubh/ariac_ws/src/group5/group5_rwa_3/include/group5_rwa_3/part_locations.py" line="15" column="1" bodyfile="/home/shubh/ariac_ws/src/group5/group5_rwa_3/include/group5_rwa_3/part_locations.py" bodystart="15" bodyend="20"/>
      </memberdef>
      </sectiondef>
    <briefdescription>
    </briefdescription>
    <detaileddescription>
    </detaileddescription>
    <location file="/home/shubh/ariac_ws/src/group5/group5_rwa_3/include/group5_rwa_3/part_locations.py" line="14" column="1" bodyfile="/home/shubh/ariac_ws/src/group5/group5_rwa_3/include/group5_rwa_3/part_locations.py" bodystart="14" bodyend="21"/>
    <listofallmembers>
      <member refid="classgroup5__rwa__3_1_1part__locations_1_1BinPartsClass_1a53bdccf9a7c8502b152de04fd1268e4c" prot="public" virt="non-virtual"><scope>group5_rwa_3::part_locations::BinPartsClass</scope><name>__init__</name></member>
      <member refid="classgroup5__rwa__3_1_1part__locations_1_1BinPartsClass_1a9fea504895851f4b35756e754125daf9" prot="public" virt="non-virtual"><scope>group5_rwa_3::part_locations::BinPartsClass</scope><name>bins</name></member>
      <member refid="classgroup5__rwa__3_1_1part__locations_1_1BinPartsClass_1a9fa185da0292528eec8c9d69d4320dee" prot="public" virt="non-virtual"><scope>group5_rwa_3::part_locations::BinPartsClass</scope><name>number_of_bins</name></member>
    </listofallmembers>
  </compounddef>
</doxygen>
