<?xml version='1.0' encoding='UTF-8' standalone='no'?>
<doxygen xmlns:xsi="http://www.w3.org/2001/XMLSchema-instance" xsi:noNamespaceSchemaLocation="compound.xsd" version="1.8.17">
  <compounddef id="competition__client_8py" kind="file" language="Python">
    <compoundname>competition_client.py</compoundname>
    <innerclass refid="classgroup5__rwa__3_1_1competition__client_1_1StartCompClient" prot="public">group5_rwa_3::competition_client::StartCompClient</innerclass>
    <innerclass refid="classgroup5__rwa__3_1_1competition__client_1_1EndCompClient" prot="public">group5_rwa_3::competition_client::EndCompClient</innerclass>
    <innernamespace refid="namespacegroup5__rwa__3_1_1competition__client">group5_rwa_3::competition_client</innernamespace>
    <briefdescription>
    </briefdescription>
    <detaileddescription>
    </detaileddescription>
    <programlisting>
<codeline lineno="1"><highlight class="comment">#!/usr/bin/env<sp/>python3</highlight><highlight class="normal"></highlight></codeline>
<codeline lineno="2"><highlight class="normal"></highlight></codeline>
<codeline lineno="3"><highlight class="normal">__author__<sp/>=<sp/></highlight><highlight class="stringliteral">&apos;jaisharm@umd.edu<sp/>(jai)&apos;</highlight><highlight class="normal"></highlight></codeline>
<codeline lineno="4"><highlight class="normal">__maintainer__<sp/>=<sp/></highlight><highlight class="stringliteral">&apos;jaisharm@umd.edu<sp/>(jai)&apos;</highlight><highlight class="normal"></highlight></codeline>
<codeline lineno="5"><highlight class="normal"></highlight></codeline>
<codeline lineno="6"><highlight class="normal"></highlight><highlight class="stringliteral">&quot;&quot;&quot;</highlight></codeline>
<codeline lineno="7"><highlight class="stringliteral">Holds<sp/>Classes<sp/>to<sp/>Start<sp/>and<sp/>End<sp/>client</highlight></codeline>
<codeline lineno="8"><highlight class="stringliteral">&quot;&quot;&quot;</highlight><highlight class="normal"></highlight></codeline>
<codeline lineno="9"><highlight class="normal"></highlight></codeline>
<codeline lineno="10"><highlight class="normal"></highlight><highlight class="keyword">import</highlight><highlight class="normal"><sp/>rclpy</highlight></codeline>
<codeline lineno="11"><highlight class="normal"></highlight><highlight class="keyword">from</highlight><highlight class="normal"><sp/>rclpy.node<sp/></highlight><highlight class="keyword">import</highlight><highlight class="normal"><sp/>Node</highlight></codeline>
<codeline lineno="12"><highlight class="normal"></highlight><highlight class="keyword">from</highlight><highlight class="normal"><sp/>std_srvs.srv<sp/></highlight><highlight class="keyword">import</highlight><highlight class="normal"><sp/>Trigger</highlight></codeline>
<codeline lineno="13"><highlight class="normal"></highlight></codeline>
<codeline lineno="14" refid="classgroup5__rwa__3_1_1competition__client_1_1StartCompClient" refkind="compound"><highlight class="normal"></highlight><highlight class="keyword">class<sp/></highlight><highlight class="normal"><ref refid="classgroup5__rwa__3_1_1competition__client_1_1StartCompClient" kindref="compound">StartCompClient</ref>(Node):</highlight></codeline>
<codeline lineno="15"><highlight class="normal"><sp/><sp/><sp/><sp/></highlight></codeline>
<codeline lineno="16"><highlight class="normal"><sp/><sp/><sp/><sp/></highlight><highlight class="stringliteral">&apos;&apos;&apos;</highlight></codeline>
<codeline lineno="17"><highlight class="stringliteral"><sp/><sp/><sp/><sp/>the<sp/>client<sp/>instance<sp/>responds<sp/>to<sp/>Trigger<sp/>service<sp/>when<sp/>the<sp/>topic:</highlight></codeline>
<codeline lineno="18"><highlight class="stringliteral"><sp/><sp/><sp/><sp/>&apos;/ariac/start_competition&apos;<sp/>is<sp/>called.<sp/>Request<sp/>made<sp/>through</highlight></codeline>
<codeline lineno="19"><highlight class="stringliteral"><sp/><sp/><sp/><sp/>&apos;send_empty_request&apos;<sp/>method<sp/>is<sp/>empty</highlight></codeline>
<codeline lineno="20"><highlight class="stringliteral"><sp/><sp/><sp/><sp/>&apos;&apos;&apos;</highlight><highlight class="normal"></highlight></codeline>
<codeline lineno="21"><highlight class="normal"></highlight></codeline>
<codeline lineno="22"><highlight class="normal"><sp/><sp/><sp/><sp/></highlight><highlight class="keyword">def<sp/></highlight><highlight class="normal">__init__(self):</highlight></codeline>
<codeline lineno="23"><highlight class="normal"><sp/><sp/><sp/><sp/><sp/><sp/><sp/><sp/>super().__init__(</highlight><highlight class="stringliteral">&apos;start_comp_client&apos;</highlight><highlight class="normal">)</highlight></codeline>
<codeline lineno="24"><highlight class="normal"><sp/><sp/><sp/><sp/><sp/><sp/><sp/><sp/>subscription_topic_name<sp/>=<sp/></highlight><highlight class="stringliteral">&apos;/ariac/start_competition&apos;</highlight><highlight class="normal"></highlight></codeline>
<codeline lineno="25"><highlight class="normal"><sp/><sp/><sp/><sp/><sp/><sp/><sp/><sp/>self.<ref refid="classgroup5__rwa__3_1_1competition__client_1_1StartCompClient_1a473f2d44e7bed63559f807cc096e2382" kindref="member">cli</ref><sp/>=<sp/>self.create_client(Trigger,<sp/>subscription_topic_name)</highlight></codeline>
<codeline lineno="26"><highlight class="normal"><sp/><sp/><sp/><sp/><sp/><sp/><sp/><sp/></highlight><highlight class="keywordflow">while</highlight><highlight class="normal"><sp/></highlight><highlight class="keywordflow">not</highlight><highlight class="normal"><sp/>self.<ref refid="classgroup5__rwa__3_1_1competition__client_1_1StartCompClient_1a473f2d44e7bed63559f807cc096e2382" kindref="member">cli</ref>.wait_for_service(timeout_sec=1.0):<sp/></highlight></codeline>
<codeline lineno="27"><highlight class="normal"><sp/><sp/><sp/><sp/><sp/><sp/><sp/><sp/><sp/><sp/><sp/><sp/>self.get_logger().info(</highlight><highlight class="stringliteral">&apos;service<sp/>not<sp/>available,<sp/>waiting<sp/>again...&apos;</highlight><highlight class="normal">)</highlight></codeline>
<codeline lineno="28"><highlight class="normal"><sp/><sp/><sp/><sp/><sp/><sp/><sp/><sp/>self.<ref refid="classgroup5__rwa__3_1_1competition__client_1_1StartCompClient_1a8993e332a8ad56fb16886b8cce8eda22" kindref="member">req</ref><sp/>=<sp/>Trigger.Request()<sp/><sp/><sp/><sp/><sp/></highlight></codeline>
<codeline lineno="29"><highlight class="normal"></highlight></codeline>
<codeline lineno="30"><highlight class="normal"><sp/><sp/><sp/><sp/></highlight><highlight class="keyword">def<sp/></highlight><highlight class="normal">send_empty_request(self):</highlight></codeline>
<codeline lineno="31"><highlight class="normal"><sp/><sp/><sp/><sp/><sp/><sp/><sp/><sp/>self.get_logger().info(</highlight><highlight class="stringliteral">&apos;Starting<sp/>Competition&apos;</highlight><highlight class="normal">)</highlight></codeline>
<codeline lineno="32"><highlight class="normal"><sp/><sp/><sp/><sp/><sp/><sp/><sp/><sp/>self.get_logger().info(</highlight><highlight class="stringliteral">&quot;<sp/>----------------------------------------------------<sp/>&quot;</highlight><highlight class="normal">)</highlight></codeline>
<codeline lineno="33"><highlight class="normal"><sp/><sp/><sp/><sp/><sp/><sp/><sp/><sp/>self.<ref refid="classgroup5__rwa__3_1_1competition__client_1_1StartCompClient_1a85739a82d05e9248c351543453768ef7" kindref="member">future</ref><sp/>=<sp/>self.<ref refid="classgroup5__rwa__3_1_1competition__client_1_1StartCompClient_1a473f2d44e7bed63559f807cc096e2382" kindref="member">cli</ref>.call_async(self.<ref refid="classgroup5__rwa__3_1_1competition__client_1_1StartCompClient_1a8993e332a8ad56fb16886b8cce8eda22" kindref="member">req</ref>)</highlight></codeline>
<codeline lineno="34"><highlight class="normal"><sp/><sp/><sp/><sp/><sp/><sp/><sp/><sp/>rclpy.spin_until_future_complete(self,<sp/>self.<ref refid="classgroup5__rwa__3_1_1competition__client_1_1StartCompClient_1a85739a82d05e9248c351543453768ef7" kindref="member">future</ref>)</highlight></codeline>
<codeline lineno="35"><highlight class="normal"><sp/><sp/><sp/><sp/><sp/><sp/><sp/><sp/></highlight><highlight class="keywordflow">return</highlight><highlight class="normal"><sp/>self.<ref refid="classgroup5__rwa__3_1_1competition__client_1_1StartCompClient_1a85739a82d05e9248c351543453768ef7" kindref="member">future</ref>.result()</highlight></codeline>
<codeline lineno="36"><highlight class="normal"></highlight></codeline>
<codeline lineno="37" refid="classgroup5__rwa__3_1_1competition__client_1_1EndCompClient" refkind="compound"><highlight class="normal"></highlight><highlight class="keyword">class<sp/></highlight><highlight class="normal"><ref refid="classgroup5__rwa__3_1_1competition__client_1_1EndCompClient" kindref="compound">EndCompClient</ref>(Node):</highlight></codeline>
<codeline lineno="38"><highlight class="normal"><sp/><sp/><sp/><sp/></highlight></codeline>
<codeline lineno="39"><highlight class="normal"><sp/><sp/><sp/><sp/></highlight><highlight class="stringliteral">&apos;&apos;&apos;</highlight></codeline>
<codeline lineno="40"><highlight class="stringliteral"><sp/><sp/><sp/><sp/>the<sp/>client<sp/>instance<sp/>responds<sp/>to<sp/>Trigger<sp/>service<sp/>when<sp/>the<sp/></highlight></codeline>
<codeline lineno="41"><highlight class="stringliteral"><sp/><sp/><sp/><sp/>topic<sp/>&apos;/ariac/end_competition&apos;<sp/>is<sp/>called.<sp/>Request<sp/>made<sp/>through</highlight></codeline>
<codeline lineno="42"><highlight class="stringliteral"><sp/><sp/><sp/><sp/>&apos;send_empty_request&apos;<sp/>method<sp/>is<sp/>empty</highlight></codeline>
<codeline lineno="43"><highlight class="stringliteral"><sp/><sp/><sp/><sp/>&apos;&apos;&apos;</highlight><highlight class="normal"></highlight></codeline>
<codeline lineno="44"><highlight class="normal"></highlight></codeline>
<codeline lineno="45"><highlight class="normal"><sp/><sp/><sp/><sp/></highlight><highlight class="keyword">def<sp/></highlight><highlight class="normal">__init__(self):</highlight></codeline>
<codeline lineno="46"><highlight class="normal"><sp/><sp/><sp/><sp/><sp/><sp/><sp/><sp/>super().__init__(</highlight><highlight class="stringliteral">&apos;end_comp_client&apos;</highlight><highlight class="normal">)</highlight></codeline>
<codeline lineno="47"><highlight class="normal"><sp/><sp/><sp/><sp/><sp/><sp/><sp/><sp/>subscription_topic_name<sp/>=<sp/></highlight><highlight class="stringliteral">&apos;/ariac/end_competition&apos;</highlight><highlight class="normal"></highlight></codeline>
<codeline lineno="48"><highlight class="normal"><sp/><sp/><sp/><sp/><sp/><sp/><sp/><sp/>self.<ref refid="classgroup5__rwa__3_1_1competition__client_1_1EndCompClient_1aa77773ecc871f17acb6dc607eca4cbfc" kindref="member">cli</ref><sp/>=<sp/>self.create_client(Trigger,<sp/>subscription_topic_name)</highlight></codeline>
<codeline lineno="49"><highlight class="normal"><sp/><sp/><sp/><sp/><sp/><sp/><sp/><sp/></highlight><highlight class="keywordflow">while</highlight><highlight class="normal"><sp/></highlight><highlight class="keywordflow">not</highlight><highlight class="normal"><sp/>self.<ref refid="classgroup5__rwa__3_1_1competition__client_1_1EndCompClient_1aa77773ecc871f17acb6dc607eca4cbfc" kindref="member">cli</ref>.wait_for_service(timeout_sec=1.0):<sp/></highlight></codeline>
<codeline lineno="50"><highlight class="normal"><sp/><sp/><sp/><sp/><sp/><sp/><sp/><sp/><sp/><sp/><sp/><sp/>self.get_logger().info(</highlight><highlight class="stringliteral">&apos;service<sp/>not<sp/>available,<sp/>waiting<sp/>again...&apos;</highlight><highlight class="normal">)</highlight></codeline>
<codeline lineno="51"><highlight class="normal"><sp/><sp/><sp/><sp/><sp/><sp/><sp/><sp/>self.<ref refid="classgroup5__rwa__3_1_1competition__client_1_1EndCompClient_1a5098133a4cdfa522d409c9763460f867" kindref="member">req</ref><sp/>=<sp/>Trigger.Request()</highlight></codeline>
<codeline lineno="52"><highlight class="normal"></highlight></codeline>
<codeline lineno="53"><highlight class="normal"><sp/><sp/><sp/><sp/></highlight><highlight class="keyword">def<sp/></highlight><highlight class="normal">send_empty_request(self):</highlight></codeline>
<codeline lineno="54"><highlight class="normal"><sp/><sp/><sp/><sp/><sp/><sp/><sp/><sp/>self.get_logger().info(</highlight><highlight class="stringliteral">&quot;<sp/>----------------------------------------------------<sp/>&quot;</highlight><highlight class="normal">)</highlight></codeline>
<codeline lineno="55"><highlight class="normal"><sp/><sp/><sp/><sp/><sp/><sp/><sp/><sp/>self.get_logger().info(</highlight><highlight class="stringliteral">&apos;Ending<sp/>Competition&apos;</highlight><highlight class="normal">)</highlight></codeline>
<codeline lineno="56"><highlight class="normal"><sp/><sp/><sp/><sp/><sp/><sp/><sp/><sp/>self.<ref refid="classgroup5__rwa__3_1_1competition__client_1_1EndCompClient_1aa2c7a921cafe9a87c74f1dc9e84cd9b2" kindref="member">future</ref><sp/>=<sp/>self.<ref refid="classgroup5__rwa__3_1_1competition__client_1_1EndCompClient_1aa77773ecc871f17acb6dc607eca4cbfc" kindref="member">cli</ref>.call_async(self.<ref refid="classgroup5__rwa__3_1_1competition__client_1_1EndCompClient_1a5098133a4cdfa522d409c9763460f867" kindref="member">req</ref>)</highlight></codeline>
<codeline lineno="57"><highlight class="normal"><sp/><sp/><sp/><sp/><sp/><sp/><sp/><sp/>rclpy.spin_until_future_complete(self,<sp/>self.<ref refid="classgroup5__rwa__3_1_1competition__client_1_1EndCompClient_1aa2c7a921cafe9a87c74f1dc9e84cd9b2" kindref="member">future</ref>)</highlight></codeline>
<codeline lineno="58"><highlight class="normal"><sp/><sp/><sp/><sp/><sp/><sp/><sp/><sp/></highlight><highlight class="keywordflow">return</highlight><highlight class="normal"><sp/>self.<ref refid="classgroup5__rwa__3_1_1competition__client_1_1EndCompClient_1aa2c7a921cafe9a87c74f1dc9e84cd9b2" kindref="member">future</ref>.result()</highlight></codeline>
    </programlisting>
    <location file="/home/shubh/ariac_ws/src/group5/group5_rwa_3/include/group5_rwa_3/competition_client.py"/>
  </compounddef>
</doxygen>
