<?xml version='1.0' encoding='UTF-8' standalone='no'?>
<doxygen xmlns:xsi="http://www.w3.org/2001/XMLSchema-instance" xsi:noNamespaceSchemaLocation="compound.xsd" version="1.8.17">
  <compounddef id="dir_cb535dfc09a535e18ddfebd1dd801c44" kind="dir">
    <compoundname>/home/shubh/ariac_ws/src/group5/group5_rwa_3/include</compoundname>
    <innerdir refid="dir_af3c1ef654f736f83cd526ae007bdd71">/home/shubh/ariac_ws/src/group5/group5_rwa_3/include/group5_rwa_3</innerdir>
    <briefdescription>
    </briefdescription>
    <detaileddescription>
    </detaileddescription>
    <location file="/home/shubh/ariac_ws/src/group5/group5_rwa_3/include/"/>
  </compounddef>
</doxygen>
