<?xml version='1.0' encoding='UTF-8' standalone='no'?>
<doxygen xmlns:xsi="http://www.w3.org/2001/XMLSchema-instance" xsi:noNamespaceSchemaLocation="compound.xsd" version="1.8.17">
  <compounddef id="dir_6a7a8b081b7ce8c21a40be1a3e2b780e" kind="dir">
    <compoundname>/home/shubh/ariac_ws/src/group5/group5_rwa_3</compoundname>
    <innerdir refid="dir_cb535dfc09a535e18ddfebd1dd801c44">/home/shubh/ariac_ws/src/group5/group5_rwa_3/include</innerdir>
    <briefdescription>
    </briefdescription>
    <detaileddescription>
    </detaileddescription>
    <location file="/home/shubh/ariac_ws/src/group5/group5_rwa_3/"/>
  </compounddef>
</doxygen>
