<?xml version='1.0' encoding='UTF-8' standalone='no'?>
<doxygen xmlns:xsi="http://www.w3.org/2001/XMLSchema-instance" xsi:noNamespaceSchemaLocation="compound.xsd" version="1.8.17">
  <compounddef id="dir_58c6be232a4dbb4bceb2c7c04ee23771" kind="dir">
    <compoundname>/home/shubh/ariac_ws</compoundname>
    <innerdir refid="dir_d472ed29bfdc885df23b8567ef8db6ef">/home/shubh/ariac_ws/src</innerdir>
    <briefdescription>
    </briefdescription>
    <detaileddescription>
    </detaileddescription>
    <location file="/home/shubh/ariac_ws/"/>
  </compounddef>
</doxygen>
