<?xml version='1.0' encoding='UTF-8' standalone='no'?>
<doxygen xmlns:xsi="http://www.w3.org/2001/XMLSchema-instance" xsi:noNamespaceSchemaLocation="compound.xsd" version="1.8.17">
  <compounddef id="dir_d472ed29bfdc885df23b8567ef8db6ef" kind="dir">
    <compoundname>/home/shubh/ariac_ws/src</compoundname>
    <innerdir refid="dir_583d7efe43376ece9fd1d72227760085">/home/shubh/ariac_ws/src/group5</innerdir>
    <briefdescription>
    </briefdescription>
    <detaileddescription>
    </detaileddescription>
    <location file="/home/shubh/ariac_ws/src/"/>
  </compounddef>
</doxygen>
