<?xml version='1.0' encoding='UTF-8' standalone='no'?>
<doxygen xmlns:xsi="http://www.w3.org/2001/XMLSchema-instance" xsi:noNamespaceSchemaLocation="compound.xsd" version="1.8.17">
  <compounddef id="dir_af3c1ef654f736f83cd526ae007bdd71" kind="dir">
    <compoundname>/home/shubh/ariac_ws/src/group5/group5_rwa_3/include/group5_rwa_3</compoundname>
    <innerfile refid="____init_____8py">__init__.py</innerfile>
    <innerfile refid="competition__client_8py">competition_client.py</innerfile>
    <innerfile refid="floor__robot_8hpp">floor_robot.hpp</innerfile>
    <innerfile refid="floor__robot__quality_8hpp">floor_robot_quality.hpp</innerfile>
    <innerfile refid="part__locations_8py">part_locations.py</innerfile>
    <innerfile refid="store__and__submit_8py">store_and_submit.py</innerfile>
    <innerfile refid="submit__order__nodes_8py">submit_order_nodes.py</innerfile>
    <innerfile refid="track__bin_8hpp">track_bin.hpp</innerfile>
    <briefdescription>
    </briefdescription>
    <detaileddescription>
    </detaileddescription>
    <location file="/home/shubh/ariac_ws/src/group5/group5_rwa_3/include/group5_rwa_3/"/>
  </compounddef>
</doxygen>
