<?xml version='1.0' encoding='UTF-8' standalone='no'?>
<doxygen xmlns:xsi="http://www.w3.org/2001/XMLSchema-instance" xsi:noNamespaceSchemaLocation="compound.xsd" version="1.8.17">
  <compounddef id="floor__robot_8hpp" kind="file" language="C++">
    <compoundname>floor_robot.hpp</compoundname>
    <includes local="no">rclcpp/qos.hpp</includes>
    <includes local="no">rclcpp/rclcpp.hpp</includes>
    <includes local="no">rclcpp_action/rclcpp_action.hpp</includes>
    <includes local="no">unistd.h</includes>
    <includes local="no">cmath</includes>
    <includes local="no">ament_index_cpp/get_package_share_directory.hpp</includes>
    <includes local="no">moveit/move_group_interface/move_group_interface.h</includes>
    <includes local="no">moveit/planning_scene_interface/planning_scene_interface.h</includes>
    <includes local="no">moveit/trajectory_processing/time_optimal_trajectory_generation.h</includes>
    <includes local="no">moveit_msgs/msg/collision_object.hpp</includes>
    <includes local="no">geometric_shapes/shapes.h</includes>
    <includes local="no">geometric_shapes/shape_operations.h</includes>
    <includes local="no">shape_msgs/msg/mesh.h</includes>
    <includes local="yes">tf2/exceptions.h</includes>
    <includes local="yes">tf2_ros/transform_listener.h</includes>
    <includes local="yes">tf2_ros/buffer.h</includes>
    <includes local="no">kdl/frames.hpp</includes>
    <includes local="no">tf2_kdl/tf2_kdl.h</includes>
    <includes local="no">std_srvs/srv/trigger.hpp</includes>
    <includes local="no">ariac_msgs/msg/order.hpp</includes>
    <includes local="no">ariac_msgs/msg/advanced_logical_camera_image.hpp</includes>
    <includes local="no">ariac_msgs/msg/break_beam_status.hpp</includes>
    <includes local="no">ariac_msgs/msg/kitting_task.hpp</includes>
    <includes local="no">ariac_msgs/msg/kit_tray_pose.hpp</includes>
    <includes local="no">ariac_msgs/msg/vacuum_gripper_state.hpp</includes>
    <includes local="no">ariac_msgs/msg/assembly_state.hpp</includes>
    <includes local="no">ariac_msgs/msg/competition_state.hpp</includes>
    <includes local="no">ariac_msgs/srv/change_gripper.hpp</includes>
    <includes local="no">ariac_msgs/srv/vacuum_gripper_control.hpp</includes>
    <includes local="no">ariac_msgs/srv/perform_quality_check.hpp</includes>
    <includes local="no">ariac_msgs/srv/get_pre_assembly_poses.hpp</includes>
    <includes local="no">ariac_msgs/srv/move_agv.hpp</includes>
    <includes local="no">std_msgs/msg/bool.hpp</includes>
    <includes local="no">std_msgs/msg/string.hpp</includes>
    <includes local="no">string</includes>
    <includes local="no">competitor_interfaces/msg/floor_robot_task.hpp</includes>
    <includes local="no">competitor_interfaces/msg/completed_order.hpp</includes>
    <includes local="no">geometry_msgs/msg/pose.hpp</includes>
    <includes refid="track__bin_8hpp" local="no">track_bin.hpp</includes>
    <incdepgraph>
      <node id="37">
        <label>competitor_interfaces/msg/floor_robot_task.hpp</label>
      </node>
      <node id="31">
        <label>ariac_msgs/srv/perform_quality_check.hpp</label>
      </node>
      <node id="38">
        <label>competitor_interfaces/msg/completed_order.hpp</label>
      </node>
      <node id="12">
        <label>geometric_shapes/shapes.h</label>
      </node>
      <node id="39">
        <label>geometry_msgs/msg/pose.hpp</label>
      </node>
      <node id="4">
        <label>rclcpp_action/rclcpp_action.hpp</label>
      </node>
      <node id="6">
        <label>cmath</label>
      </node>
      <node id="18">
        <label>kdl/frames.hpp</label>
      </node>
      <node id="8">
        <label>moveit/move_group_interface/move_group_interface.h</label>
      </node>
      <node id="26">
        <label>ariac_msgs/msg/vacuum_gripper_state.hpp</label>
      </node>
      <node id="36">
        <label>string</label>
      </node>
      <node id="29">
        <label>ariac_msgs/srv/change_gripper.hpp</label>
      </node>
      <node id="25">
        <label>ariac_msgs/msg/kit_tray_pose.hpp</label>
      </node>
      <node id="3">
        <label>rclcpp/rclcpp.hpp</label>
      </node>
      <node id="30">
        <label>ariac_msgs/srv/vacuum_gripper_control.hpp</label>
      </node>
      <node id="22">
        <label>ariac_msgs/msg/advanced_logical_camera_image.hpp</label>
      </node>
      <node id="15">
        <label>tf2/exceptions.h</label>
      </node>
      <node id="34">
        <label>std_msgs/msg/bool.hpp</label>
      </node>
      <node id="14">
        <label>shape_msgs/msg/mesh.h</label>
      </node>
      <node id="7">
        <label>ament_index_cpp/get_package_share_directory.hpp</label>
      </node>
      <node id="20">
        <label>std_srvs/srv/trigger.hpp</label>
      </node>
      <node id="32">
        <label>ariac_msgs/srv/get_pre_assembly_poses.hpp</label>
      </node>
      <node id="19">
        <label>tf2_kdl/tf2_kdl.h</label>
      </node>
      <node id="5">
        <label>unistd.h</label>
      </node>
      <node id="42">
        <label>vector</label>
      </node>
      <node id="21">
        <label>ariac_msgs/msg/order.hpp</label>
      </node>
      <node id="24">
        <label>ariac_msgs/msg/kitting_task.hpp</label>
      </node>
      <node id="28">
        <label>ariac_msgs/msg/competition_state.hpp</label>
      </node>
      <node id="2">
        <label>rclcpp/qos.hpp</label>
      </node>
      <node id="23">
        <label>ariac_msgs/msg/break_beam_status.hpp</label>
      </node>
      <node id="33">
        <label>ariac_msgs/srv/move_agv.hpp</label>
      </node>
      <node id="41">
        <label>iostream</label>
      </node>
      <node id="13">
        <label>geometric_shapes/shape_operations.h</label>
      </node>
      <node id="1">
        <label>/home/shubh/ariac_ws/src/group5/group5_rwa_3/include/group5_rwa_3/floor_robot.hpp</label>
        <link refid="floor__robot_8hpp"/>
        <childnode refid="2" relation="include">
        </childnode>
        <childnode refid="3" relation="include">
        </childnode>
        <childnode refid="4" relation="include">
        </childnode>
        <childnode refid="5" relation="include">
        </childnode>
        <childnode refid="6" relation="include">
        </childnode>
        <childnode refid="7" relation="include">
        </childnode>
        <childnode refid="8" relation="include">
        </childnode>
        <childnode refid="9" relation="include">
        </childnode>
        <childnode refid="10" relation="include">
        </childnode>
        <childnode refid="11" relation="include">
        </childnode>
        <childnode refid="12" relation="include">
        </childnode>
        <childnode refid="13" relation="include">
        </childnode>
        <childnode refid="14" relation="include">
        </childnode>
        <childnode refid="15" relation="include">
        </childnode>
        <childnode refid="16" relation="include">
        </childnode>
        <childnode refid="17" relation="include">
        </childnode>
        <childnode refid="18" relation="include">
        </childnode>
        <childnode refid="19" relation="include">
        </childnode>
        <childnode refid="20" relation="include">
        </childnode>
        <childnode refid="21" relation="include">
        </childnode>
        <childnode refid="22" relation="include">
        </childnode>
        <childnode refid="23" relation="include">
        </childnode>
        <childnode refid="24" relation="include">
        </childnode>
        <childnode refid="25" relation="include">
        </childnode>
        <childnode refid="26" relation="include">
        </childnode>
        <childnode refid="27" relation="include">
        </childnode>
        <childnode refid="28" relation="include">
        </childnode>
        <childnode refid="29" relation="include">
        </childnode>
        <childnode refid="30" relation="include">
        </childnode>
        <childnode refid="31" relation="include">
        </childnode>
        <childnode refid="32" relation="include">
        </childnode>
        <childnode refid="33" relation="include">
        </childnode>
        <childnode refid="34" relation="include">
        </childnode>
        <childnode refid="35" relation="include">
        </childnode>
        <childnode refid="36" relation="include">
        </childnode>
        <childnode refid="37" relation="include">
        </childnode>
        <childnode refid="38" relation="include">
        </childnode>
        <childnode refid="39" relation="include">
        </childnode>
        <childnode refid="40" relation="include">
        </childnode>
      </node>
      <node id="16">
        <label>tf2_ros/transform_listener.h</label>
      </node>
      <node id="10">
        <label>moveit/trajectory_processing/time_optimal_trajectory_generation.h</label>
      </node>
      <node id="40">
        <label>track_bin.hpp</label>
        <link refid="track__bin_8hpp_source"/>
        <childnode refid="41" relation="include">
        </childnode>
        <childnode refid="42" relation="include">
        </childnode>
        <childnode refid="6" relation="include">
        </childnode>
      </node>
      <node id="17">
        <label>tf2_ros/buffer.h</label>
      </node>
      <node id="27">
        <label>ariac_msgs/msg/assembly_state.hpp</label>
      </node>
      <node id="11">
        <label>moveit_msgs/msg/collision_object.hpp</label>
      </node>
      <node id="35">
        <label>std_msgs/msg/string.hpp</label>
      </node>
      <node id="9">
        <label>moveit/planning_scene_interface/planning_scene_interface.h</label>
      </node>
    </incdepgraph>
    <innerclass refid="classRobot" prot="public">Robot</innerclass>
    <briefdescription>
    </briefdescription>
    <detaileddescription>
    </detaileddescription>
    <programlisting>
<codeline lineno="1"><highlight class="preprocessor">#pragma<sp/>once</highlight><highlight class="normal"></highlight></codeline>
<codeline lineno="2"><highlight class="normal"></highlight></codeline>
<codeline lineno="3"><highlight class="normal"></highlight><highlight class="preprocessor">#include<sp/>&lt;rclcpp/qos.hpp&gt;</highlight><highlight class="normal"></highlight></codeline>
<codeline lineno="4"><highlight class="normal"></highlight><highlight class="preprocessor">#include<sp/>&lt;rclcpp/rclcpp.hpp&gt;</highlight><highlight class="normal"></highlight></codeline>
<codeline lineno="5"><highlight class="normal"></highlight><highlight class="preprocessor">#include<sp/>&lt;rclcpp_action/rclcpp_action.hpp&gt;</highlight><highlight class="normal"></highlight></codeline>
<codeline lineno="6"><highlight class="normal"></highlight></codeline>
<codeline lineno="7"><highlight class="normal"></highlight><highlight class="preprocessor">#include<sp/>&lt;unistd.h&gt;</highlight><highlight class="normal"></highlight></codeline>
<codeline lineno="8"><highlight class="normal"></highlight></codeline>
<codeline lineno="9"><highlight class="normal"></highlight><highlight class="preprocessor">#include<sp/>&lt;cmath&gt;</highlight><highlight class="normal"></highlight></codeline>
<codeline lineno="10"><highlight class="normal"></highlight></codeline>
<codeline lineno="11"><highlight class="normal"></highlight><highlight class="preprocessor">#include<sp/>&lt;ament_index_cpp/get_package_share_directory.hpp&gt;</highlight><highlight class="normal"></highlight></codeline>
<codeline lineno="12"><highlight class="normal"></highlight></codeline>
<codeline lineno="13"><highlight class="normal"></highlight><highlight class="preprocessor">#include<sp/>&lt;moveit/move_group_interface/move_group_interface.h&gt;</highlight><highlight class="normal"></highlight></codeline>
<codeline lineno="14"><highlight class="normal"></highlight><highlight class="preprocessor">#include<sp/>&lt;moveit/planning_scene_interface/planning_scene_interface.h&gt;</highlight><highlight class="normal"></highlight></codeline>
<codeline lineno="15"><highlight class="normal"></highlight><highlight class="preprocessor">#include<sp/>&lt;moveit/trajectory_processing/time_optimal_trajectory_generation.h&gt;</highlight><highlight class="normal"></highlight></codeline>
<codeline lineno="16"><highlight class="normal"></highlight><highlight class="preprocessor">#include<sp/>&lt;moveit_msgs/msg/collision_object.hpp&gt;</highlight><highlight class="normal"></highlight></codeline>
<codeline lineno="17"><highlight class="normal"></highlight></codeline>
<codeline lineno="18"><highlight class="normal"></highlight><highlight class="preprocessor">#include<sp/>&lt;geometric_shapes/shapes.h&gt;</highlight><highlight class="normal"></highlight></codeline>
<codeline lineno="19"><highlight class="normal"></highlight><highlight class="preprocessor">#include<sp/>&lt;geometric_shapes/shape_operations.h&gt;</highlight><highlight class="normal"></highlight></codeline>
<codeline lineno="20"><highlight class="normal"></highlight><highlight class="preprocessor">#include<sp/>&lt;shape_msgs/msg/mesh.h&gt;</highlight><highlight class="normal"></highlight></codeline>
<codeline lineno="21"><highlight class="normal"></highlight></codeline>
<codeline lineno="22"><highlight class="normal"></highlight><highlight class="preprocessor">#include<sp/>&quot;tf2/exceptions.h&quot;</highlight><highlight class="normal"></highlight></codeline>
<codeline lineno="23"><highlight class="normal"></highlight><highlight class="preprocessor">#include<sp/>&quot;tf2_ros/transform_listener.h&quot;</highlight><highlight class="normal"></highlight></codeline>
<codeline lineno="24"><highlight class="normal"></highlight><highlight class="preprocessor">#include<sp/>&quot;tf2_ros/buffer.h&quot;</highlight><highlight class="normal"></highlight></codeline>
<codeline lineno="25"><highlight class="normal"></highlight></codeline>
<codeline lineno="26"><highlight class="normal"></highlight><highlight class="preprocessor">#include<sp/>&lt;kdl/frames.hpp&gt;</highlight><highlight class="normal"></highlight></codeline>
<codeline lineno="27"><highlight class="normal"></highlight><highlight class="preprocessor">#include<sp/>&lt;tf2_kdl/tf2_kdl.h&gt;</highlight><highlight class="normal"></highlight></codeline>
<codeline lineno="28"><highlight class="normal"></highlight></codeline>
<codeline lineno="29"><highlight class="normal"></highlight></codeline>
<codeline lineno="30"><highlight class="normal"></highlight><highlight class="preprocessor">#include<sp/>&lt;std_srvs/srv/trigger.hpp&gt;</highlight><highlight class="normal"></highlight></codeline>
<codeline lineno="31"><highlight class="normal"></highlight></codeline>
<codeline lineno="32"><highlight class="normal"></highlight><highlight class="preprocessor">#include<sp/>&lt;ariac_msgs/msg/order.hpp&gt;</highlight><highlight class="normal"></highlight></codeline>
<codeline lineno="33"><highlight class="normal"></highlight><highlight class="preprocessor">#include<sp/>&lt;ariac_msgs/msg/advanced_logical_camera_image.hpp&gt;</highlight><highlight class="normal"></highlight></codeline>
<codeline lineno="34"><highlight class="normal"></highlight><highlight class="preprocessor">#include<sp/>&lt;ariac_msgs/msg/break_beam_status.hpp&gt;</highlight><highlight class="normal"></highlight></codeline>
<codeline lineno="35"><highlight class="normal"></highlight><highlight class="preprocessor">#include<sp/>&lt;ariac_msgs/msg/kitting_task.hpp&gt;</highlight><highlight class="normal"></highlight></codeline>
<codeline lineno="36"><highlight class="normal"></highlight><highlight class="preprocessor">#include<sp/>&lt;ariac_msgs/msg/kit_tray_pose.hpp&gt;</highlight><highlight class="normal"></highlight></codeline>
<codeline lineno="37"><highlight class="normal"></highlight><highlight class="preprocessor">#include<sp/>&lt;ariac_msgs/msg/vacuum_gripper_state.hpp&gt;</highlight><highlight class="normal"></highlight></codeline>
<codeline lineno="38"><highlight class="normal"></highlight><highlight class="preprocessor">#include<sp/>&lt;ariac_msgs/msg/assembly_state.hpp&gt;</highlight><highlight class="normal"></highlight></codeline>
<codeline lineno="39"><highlight class="normal"></highlight><highlight class="preprocessor">#include<sp/>&lt;ariac_msgs/msg/competition_state.hpp&gt;</highlight><highlight class="normal"></highlight></codeline>
<codeline lineno="40"><highlight class="normal"></highlight></codeline>
<codeline lineno="41"><highlight class="normal"></highlight></codeline>
<codeline lineno="42"><highlight class="normal"></highlight><highlight class="preprocessor">#include<sp/>&lt;ariac_msgs/srv/change_gripper.hpp&gt;</highlight><highlight class="normal"></highlight></codeline>
<codeline lineno="43"><highlight class="normal"></highlight><highlight class="preprocessor">#include<sp/>&lt;ariac_msgs/srv/vacuum_gripper_control.hpp&gt;</highlight><highlight class="normal"></highlight></codeline>
<codeline lineno="44"><highlight class="normal"></highlight><highlight class="preprocessor">#include<sp/>&lt;ariac_msgs/srv/perform_quality_check.hpp&gt;</highlight><highlight class="normal"></highlight></codeline>
<codeline lineno="45"><highlight class="normal"></highlight><highlight class="preprocessor">#include<sp/>&lt;ariac_msgs/srv/get_pre_assembly_poses.hpp&gt;</highlight><highlight class="normal"></highlight></codeline>
<codeline lineno="46"><highlight class="normal"></highlight><highlight class="preprocessor">#include<sp/>&lt;ariac_msgs/srv/move_agv.hpp&gt;</highlight><highlight class="normal"></highlight></codeline>
<codeline lineno="47"><highlight class="normal"></highlight></codeline>
<codeline lineno="48"><highlight class="normal"></highlight><highlight class="preprocessor">#include<sp/>&lt;std_msgs/msg/bool.hpp&gt;</highlight><highlight class="normal"></highlight></codeline>
<codeline lineno="49"><highlight class="normal"></highlight><highlight class="preprocessor">#include<sp/>&lt;std_msgs/msg/string.hpp&gt;</highlight><highlight class="normal"></highlight></codeline>
<codeline lineno="50"><highlight class="normal"></highlight><highlight class="preprocessor">#include<sp/>&lt;string&gt;</highlight><highlight class="normal"></highlight></codeline>
<codeline lineno="51"><highlight class="normal"></highlight></codeline>
<codeline lineno="52"><highlight class="normal"></highlight><highlight class="preprocessor">#include<sp/>&lt;competitor_interfaces/msg/floor_robot_task.hpp&gt;</highlight><highlight class="normal"></highlight></codeline>
<codeline lineno="53"><highlight class="normal"></highlight><highlight class="preprocessor">#include<sp/>&lt;competitor_interfaces/msg/completed_order.hpp&gt;</highlight><highlight class="normal"></highlight></codeline>
<codeline lineno="54"><highlight class="normal"></highlight><highlight class="comment">//<sp/>#include<sp/>&lt;competitor_msgs/msg/robots_status.hpp&gt;</highlight><highlight class="normal"></highlight></codeline>
<codeline lineno="55"><highlight class="normal"></highlight></codeline>
<codeline lineno="56"><highlight class="normal"></highlight><highlight class="preprocessor">#include<sp/>&lt;geometry_msgs/msg/pose.hpp&gt;</highlight><highlight class="normal"></highlight></codeline>
<codeline lineno="57"><highlight class="normal"></highlight></codeline>
<codeline lineno="58"><highlight class="normal"></highlight><highlight class="preprocessor">#include<sp/>&lt;track_bin.hpp&gt;</highlight><highlight class="normal"></highlight></codeline>
<codeline lineno="59"><highlight class="normal"></highlight></codeline>
<codeline lineno="60" refid="classRobot" refkind="compound"><highlight class="normal"></highlight><highlight class="keyword">class<sp/></highlight><highlight class="normal"><ref refid="classRobot" kindref="compound">Robot</ref><sp/>:<sp/></highlight><highlight class="keyword">public</highlight><highlight class="normal"><sp/>rclcpp::Node</highlight></codeline>
<codeline lineno="61"><highlight class="normal">{</highlight></codeline>
<codeline lineno="62"><highlight class="normal"></highlight><highlight class="keyword">public</highlight><highlight class="normal">:</highlight></codeline>
<codeline lineno="64"><highlight class="normal"><sp/><sp/><sp/><sp/><ref refid="classRobot_1a4fc7c70ae20623f05e06f2ecb388b6c4" kindref="member">Robot</ref>();</highlight></codeline>
<codeline lineno="65"><highlight class="normal"></highlight></codeline>
<codeline lineno="66"><highlight class="normal"><sp/><sp/><sp/><sp/>~<ref refid="classRobot" kindref="compound">Robot</ref>();</highlight></codeline>
<codeline lineno="67"><highlight class="normal"></highlight></codeline>
<codeline lineno="68"><highlight class="normal"><sp/><sp/><sp/><sp/></highlight><highlight class="comment">//<sp/>Floor<sp/>Robot<sp/>Public<sp/>Functions</highlight></codeline>
<codeline lineno="72"><highlight class="comment"></highlight><highlight class="normal"><sp/><sp/><sp/><sp/></highlight><highlight class="keywordtype">void</highlight><highlight class="normal"><sp/><ref refid="classRobot_1a49a5a086d236a03d0fbf4eeb0a8f45b6" kindref="member">FloorRobotSendHome</ref>();</highlight></codeline>
<codeline lineno="73"><highlight class="normal"></highlight></codeline>
<codeline lineno="81"><highlight class="normal"><sp/><sp/><sp/><sp/></highlight><highlight class="keywordtype">bool</highlight><highlight class="normal"><sp/><ref refid="classRobot_1aa86748698bd0914942a7620966947cbe" kindref="member">FloorRobotSetGripperState</ref>(</highlight><highlight class="keywordtype">bool</highlight><highlight class="normal"><sp/>enable);</highlight></codeline>
<codeline lineno="82"><highlight class="normal"></highlight></codeline>
<codeline lineno="90"><highlight class="normal"><sp/><sp/><sp/><sp/></highlight><highlight class="keywordtype">bool</highlight><highlight class="normal"><sp/><ref refid="classRobot_1afb76da94121199683dc764b8612a214c" kindref="member">FloorRobotChangeGripper</ref>(std::string<sp/>station,<sp/>std::string<sp/>gripper_type);</highlight></codeline>
<codeline lineno="91"><highlight class="normal"></highlight></codeline>
<codeline lineno="99"><highlight class="normal"><sp/><sp/><sp/><sp/></highlight><highlight class="keywordtype">bool</highlight><highlight class="normal"><sp/><ref refid="classRobot_1a5b4cb22e3064fa9962d8b07d68db6504" kindref="member">FloorRobotPickandPlaceTray</ref>(</highlight><highlight class="keywordtype">int</highlight><highlight class="normal"><sp/>tray_id,<sp/></highlight><highlight class="keywordtype">int</highlight><highlight class="normal"><sp/>agv_num);</highlight></codeline>
<codeline lineno="106"><highlight class="normal"><sp/><sp/><sp/><sp/></highlight><highlight class="keywordtype">bool</highlight><highlight class="normal"><sp/><ref refid="classRobot_1a8ade232c1bf54e8ffa971a2b03accdda" kindref="member">FloorRobotPickBinPart</ref>(ariac_msgs::msg::Part<sp/>part_to_pick);</highlight></codeline>
<codeline lineno="113"><highlight class="normal"><sp/><sp/><sp/><sp/></highlight><highlight class="keywordtype">bool</highlight><highlight class="normal"><sp/><ref refid="classRobot_1a4923b552ee096963a9275a10ebf14dfc" kindref="member">FloorRobotPickConveyorPart</ref>(ariac_msgs::msg::Part<sp/>part_to_pick);</highlight></codeline>
<codeline lineno="120"><highlight class="normal"><sp/><sp/><sp/><sp/></highlight><highlight class="keyword">template</highlight><highlight class="normal">&lt;</highlight><highlight class="keyword">typename</highlight><highlight class="normal"><sp/>T&gt;</highlight></codeline>
<codeline lineno="121"><highlight class="normal"><sp/><sp/><sp/><sp/></highlight><highlight class="keywordtype">void</highlight><highlight class="normal"><sp/><ref refid="classRobot_1af184acccdd08fdb2e189497ca7dff82c" kindref="member">PickUpConveyor</ref>(T<sp/>task);</highlight></codeline>
<codeline lineno="129"><highlight class="normal"><sp/><sp/><sp/><sp/></highlight><highlight class="keywordtype">bool</highlight><highlight class="normal"><sp/><ref refid="classRobot_1a377f02f61f7eede08a3adffe94d8925a" kindref="member">FloorRobotPlacePartOnKitTray</ref>(</highlight><highlight class="keywordtype">int</highlight><highlight class="normal"><sp/>agv_num,<sp/></highlight><highlight class="keywordtype">int</highlight><highlight class="normal"><sp/>quadrant);</highlight></codeline>
<codeline lineno="130"><highlight class="normal"><sp/><sp/><sp/><sp/></highlight><highlight class="comment">//<sp/>Ceiling<sp/>Robot<sp/>Public<sp/>functions</highlight><highlight class="normal"></highlight></codeline>
<codeline lineno="131"><highlight class="normal"><sp/><sp/><sp/><sp/></highlight></codeline>
<codeline lineno="132"><highlight class="normal"><sp/><sp/><sp/><sp/><sp/><sp/></highlight><highlight class="comment">//<sp/>Floor<sp/>Robot<sp/>Public<sp/>Functions</highlight></codeline>
<codeline lineno="137"><highlight class="comment"></highlight><highlight class="normal"><sp/><sp/><sp/><sp/></highlight><highlight class="keywordtype">void</highlight><highlight class="normal"><sp/><ref refid="classRobot_1a4feb070477b8383f93dcc07658d2b4ec" kindref="member">CeilingRobotSendHome</ref>();</highlight></codeline>
<codeline lineno="145"><highlight class="normal"><sp/><sp/><sp/><sp/></highlight><highlight class="keywordtype">bool</highlight><highlight class="normal"><sp/><ref refid="classRobot_1aca2399d4a1d5b1312c12c9a642e98232" kindref="member">CeilingRobotSetGripperState</ref>(</highlight><highlight class="keywordtype">bool</highlight><highlight class="normal"><sp/>enable);</highlight></codeline>
<codeline lineno="152"><highlight class="normal"><sp/><sp/><sp/><sp/></highlight><highlight class="keywordtype">bool</highlight><highlight class="normal"><sp/><ref refid="classRobot_1a8a0b61b0eed1e0429791ae1371325147" kindref="member">LockAGVTray</ref>(</highlight><highlight class="keywordtype">int</highlight><highlight class="normal"><sp/>agv_num);</highlight></codeline>
<codeline lineno="160"><highlight class="normal"><sp/><sp/><sp/><sp/></highlight><highlight class="keywordtype">bool</highlight><highlight class="normal"><sp/><ref refid="classRobot_1a85ff1acb09d38e7bc92d22ed3f1e87ea" kindref="member">MoveAGV</ref>(</highlight><highlight class="keywordtype">int</highlight><highlight class="normal"><sp/>agv_num,<sp/></highlight><highlight class="keywordtype">int</highlight><highlight class="normal"><sp/>destination);</highlight></codeline>
<codeline lineno="165"><highlight class="normal"><sp/><sp/><sp/><sp/></highlight><highlight class="keywordtype">bool</highlight><highlight class="normal"><sp/><ref refid="classRobot_1a8b8a2d6955630598506d17031e49bd1c" kindref="member">CompleteOrders</ref>();</highlight></codeline>
<codeline lineno="171"><highlight class="normal"><sp/><sp/><sp/><sp/></highlight><highlight class="keywordtype">bool</highlight><highlight class="normal"><sp/><ref refid="classRobot_1aa4cac795d5405d2e55619fb7a79787a8" kindref="member">CompleteKittingTask</ref>(ariac_msgs::msg::KittingTask<sp/>task);</highlight></codeline>
<codeline lineno="177"><highlight class="normal"><sp/><sp/><sp/><sp/></highlight><highlight class="keywordtype">bool</highlight><highlight class="normal"><sp/><ref refid="classRobot_1a083fd9af064f3a19e3c85bdc991a2f24" kindref="member">CompleteAssemblyTask</ref>(ariac_msgs::msg::AssemblyTask<sp/>task);</highlight></codeline>
<codeline lineno="184"><highlight class="normal"><sp/><sp/><sp/><sp/></highlight><highlight class="keywordtype">bool</highlight><highlight class="normal"><sp/><ref refid="classRobot_1a0da2cec79736349e0e952573e568ceea" kindref="member">CompleteCombinedTask</ref>(ariac_msgs::msg::CombinedTask<sp/>task);</highlight></codeline>
<codeline lineno="185"><highlight class="normal"><sp/><sp/><sp/></highlight></codeline>
<codeline lineno="189" refid="classRobot_1a9be67781f6ce3b63eb42e7912bfa29a6" refkind="member"><highlight class="normal"><sp/><sp/><sp/><sp/><ref refid="classTrackBin" kindref="compound">TrackBin</ref><sp/><ref refid="classRobot_1a9be67781f6ce3b63eb42e7912bfa29a6" kindref="member">track_bin</ref>;</highlight></codeline>
<codeline lineno="190"><highlight class="normal"></highlight></codeline>
<codeline lineno="191"><highlight class="normal"><sp/><sp/><sp/></highlight></codeline>
<codeline lineno="192"><highlight class="normal"></highlight></codeline>
<codeline lineno="193"><highlight class="normal"><sp/><sp/><sp/><sp/></highlight></codeline>
<codeline lineno="194"><highlight class="normal"><sp/><sp/><sp/><sp/></highlight></codeline>
<codeline lineno="195"><highlight class="normal"></highlight></codeline>
<codeline lineno="196"><highlight class="normal"></highlight><highlight class="keyword">private</highlight><highlight class="normal">:</highlight></codeline>
<codeline lineno="197"><highlight class="normal"><sp/><sp/><sp/><sp/></highlight><highlight class="comment">//<sp/>Robot<sp/>Move<sp/>Functions</highlight><highlight class="normal"></highlight></codeline>
<codeline lineno="198"><highlight class="normal"><sp/><sp/><sp/><sp/></highlight><highlight class="keywordtype">bool</highlight><highlight class="normal"><sp/>FloorRobotMovetoTarget();</highlight></codeline>
<codeline lineno="199"><highlight class="normal"><sp/><sp/><sp/><sp/></highlight><highlight class="keywordtype">bool</highlight><highlight class="normal"><sp/>FloorRobotMoveCartesian(std::vector&lt;geometry_msgs::msg::Pose&gt;<sp/>waypoints,<sp/></highlight><highlight class="keywordtype">double</highlight><highlight class="normal"><sp/>vsf,<sp/></highlight><highlight class="keywordtype">double</highlight><highlight class="normal"><sp/>asf);</highlight></codeline>
<codeline lineno="200"><highlight class="normal"><sp/><sp/><sp/><sp/></highlight><highlight class="keywordtype">void</highlight><highlight class="normal"><sp/>FloorRobotWaitForAttach(</highlight><highlight class="keywordtype">double</highlight><highlight class="normal"><sp/>timeout);</highlight></codeline>
<codeline lineno="201"><highlight class="normal"><sp/><sp/><sp/><sp/></highlight><highlight class="keywordtype">void</highlight><highlight class="normal"><sp/>FloorRobotWaitForAttachConveyor(</highlight><highlight class="keywordtype">double</highlight><highlight class="normal"><sp/>timeout);</highlight></codeline>
<codeline lineno="202"><highlight class="normal"></highlight></codeline>
<codeline lineno="203"><highlight class="normal"><sp/><sp/><sp/><sp/></highlight><highlight class="comment">//<sp/>CeilingRobotMoveFunctions</highlight><highlight class="normal"></highlight></codeline>
<codeline lineno="204"><highlight class="normal"><sp/><sp/><sp/><sp/></highlight><highlight class="keywordtype">bool</highlight><highlight class="normal"><sp/>CeilingRobotMovetoTarget();</highlight></codeline>
<codeline lineno="205"><highlight class="normal"><sp/><sp/><sp/><sp/></highlight><highlight class="keywordtype">bool</highlight><highlight class="normal"><sp/>CeilingRobotMoveCartesian(std::vector&lt;geometry_msgs::msg::Pose&gt;<sp/>waypoints,<sp/></highlight><highlight class="keywordtype">double</highlight><highlight class="normal"><sp/>vsf,<sp/></highlight><highlight class="keywordtype">double</highlight><highlight class="normal"><sp/>asf,<sp/></highlight><highlight class="keywordtype">bool</highlight><highlight class="normal"><sp/>avoid_collisions);</highlight></codeline>
<codeline lineno="206"><highlight class="normal"><sp/><sp/><sp/><sp/></highlight><highlight class="keywordtype">void</highlight><highlight class="normal"><sp/>CeilingRobotWaitForAttach(</highlight><highlight class="keywordtype">double</highlight><highlight class="normal"><sp/>timeout);</highlight></codeline>
<codeline lineno="207"><highlight class="normal"><sp/><sp/><sp/><sp/></highlight><highlight class="keywordtype">bool</highlight><highlight class="normal"><sp/>CeilingRobotWaitForAssemble(</highlight><highlight class="keywordtype">int</highlight><highlight class="normal"><sp/>station,<sp/>ariac_msgs::msg::AssemblyPart<sp/>part);</highlight></codeline>
<codeline lineno="208"><highlight class="normal"><sp/><sp/><sp/><sp/></highlight><highlight class="keywordtype">bool</highlight><highlight class="normal"><sp/>CeilingRobotMoveToAssemblyStation(</highlight><highlight class="keywordtype">int</highlight><highlight class="normal"><sp/>station);</highlight></codeline>
<codeline lineno="209"><highlight class="normal"><sp/><sp/><sp/><sp/></highlight><highlight class="keywordtype">bool</highlight><highlight class="normal"><sp/>CeilingRobotPickAGVPart(ariac_msgs::msg::PartPose<sp/>part);</highlight></codeline>
<codeline lineno="210"><highlight class="normal"><sp/><sp/><sp/><sp/></highlight><highlight class="keywordtype">bool</highlight><highlight class="normal"><sp/>CeilingRobotAssemblePart(</highlight><highlight class="keywordtype">int</highlight><highlight class="normal"><sp/>station,<sp/>ariac_msgs::msg::AssemblyPart<sp/>part);</highlight></codeline>
<codeline lineno="211"><highlight class="normal"><sp/><sp/><sp/><sp/></highlight></codeline>
<codeline lineno="212"><highlight class="normal"><sp/><sp/><sp/><sp/></highlight></codeline>
<codeline lineno="213"><highlight class="normal"><sp/><sp/><sp/><sp/></highlight><highlight class="keywordtype">bool</highlight><highlight class="normal"><sp/>KittingPartQualityCheck(ariac_msgs::msg::KittingTask<sp/>task);</highlight></codeline>
<codeline lineno="214"><highlight class="normal"><sp/><sp/><sp/><sp/></highlight><highlight class="keywordtype">void</highlight><highlight class="normal"><sp/>PrintQualityCheck();</highlight></codeline>
<codeline lineno="215"><highlight class="normal"><sp/><sp/><sp/><sp/></highlight><highlight class="keywordtype">bool</highlight><highlight class="normal"><sp/>FloorRobotPickAGVTrayPart(ariac_msgs::msg::Part<sp/>part_to_pick,<sp/>std::vector&lt;ariac_msgs::msg::PartPose&gt;<sp/>agv_parts,<sp/>geometry_msgs::msg::Pose,<sp/></highlight><highlight class="keywordtype">int</highlight><highlight class="normal"><sp/>agv_num);</highlight></codeline>
<codeline lineno="216"><highlight class="normal"><sp/><sp/><sp/><sp/></highlight><highlight class="keywordtype">bool</highlight><highlight class="normal"><sp/>FloorRobotDisposePart(</highlight><highlight class="keywordtype">int</highlight><highlight class="normal"><sp/>agv_num);</highlight></codeline>
<codeline lineno="217"><highlight class="normal"><sp/><sp/><sp/><sp/></highlight></codeline>
<codeline lineno="218"><highlight class="normal"><sp/><sp/><sp/><sp/>geometry_msgs::msg::Quaternion<sp/>SetRobotOrientation(</highlight><highlight class="keywordtype">double</highlight><highlight class="normal"><sp/>rotation);</highlight></codeline>
<codeline lineno="219"><highlight class="normal"></highlight></codeline>
<codeline lineno="220"><highlight class="normal"><sp/><sp/><sp/><sp/></highlight><highlight class="keywordtype">void</highlight><highlight class="normal"><sp/>LogPose(geometry_msgs::msg::Pose<sp/>p);</highlight></codeline>
<codeline lineno="221"><highlight class="normal"><sp/><sp/><sp/><sp/>geometry_msgs::msg::Pose<sp/>MultiplyPose(geometry_msgs::msg::Pose<sp/>p1,<sp/>geometry_msgs::msg::Pose<sp/>p2);</highlight></codeline>
<codeline lineno="222"><highlight class="normal"><sp/><sp/><sp/><sp/>geometry_msgs::msg::Pose<sp/>BuildPose(</highlight><highlight class="keywordtype">double</highlight><highlight class="normal"><sp/>x,<sp/></highlight><highlight class="keywordtype">double</highlight><highlight class="normal"><sp/>y,<sp/></highlight><highlight class="keywordtype">double</highlight><highlight class="normal"><sp/>z,<sp/>geometry_msgs::msg::Quaternion<sp/>orientation);</highlight></codeline>
<codeline lineno="223"><highlight class="normal"><sp/><sp/><sp/><sp/>geometry_msgs::msg::Pose<sp/>FrameWorldPose(std::string<sp/>frame_id);</highlight></codeline>
<codeline lineno="224"><highlight class="normal"><sp/><sp/><sp/><sp/></highlight><highlight class="keywordtype">double</highlight><highlight class="normal"><sp/>GetYaw(geometry_msgs::msg::Pose<sp/>pose);</highlight></codeline>
<codeline lineno="225"><highlight class="normal"><sp/><sp/><sp/><sp/>geometry_msgs::msg::Quaternion<sp/>QuaternionFromRPY(</highlight><highlight class="keywordtype">double</highlight><highlight class="normal"><sp/>r,<sp/></highlight><highlight class="keywordtype">double</highlight><highlight class="normal"><sp/>p,<sp/></highlight><highlight class="keywordtype">double</highlight><highlight class="normal"><sp/>y);</highlight></codeline>
<codeline lineno="226"><highlight class="normal"></highlight></codeline>
<codeline lineno="227"><highlight class="normal"><sp/><sp/><sp/><sp/></highlight><highlight class="keywordtype">void</highlight><highlight class="normal"><sp/>AddModelToPlanningScene(std::string<sp/>name,<sp/>std::string<sp/>mesh_file,<sp/>geometry_msgs::msg::Pose<sp/>model_pose);</highlight></codeline>
<codeline lineno="228"><highlight class="normal"><sp/><sp/><sp/><sp/></highlight><highlight class="keywordtype">void</highlight><highlight class="normal"><sp/>AddModelsToPlanningScene();</highlight></codeline>
<codeline lineno="229"><highlight class="normal"><sp/><sp/><sp/><sp/></highlight></codeline>
<codeline lineno="230"><highlight class="normal"><sp/><sp/><sp/><sp/></highlight><highlight class="comment">//Callbackgroup</highlight><highlight class="normal"></highlight></codeline>
<codeline lineno="231"><highlight class="normal"><sp/><sp/><sp/><sp/>rclcpp::CallbackGroup::SharedPtr<sp/>client_cb_group_;</highlight></codeline>
<codeline lineno="232"><highlight class="normal"><sp/><sp/><sp/><sp/>rclcpp::CallbackGroup::SharedPtr<sp/>topic_cb_group_;</highlight></codeline>
<codeline lineno="233"><highlight class="normal"></highlight></codeline>
<codeline lineno="234"><highlight class="normal"><sp/><sp/><sp/><sp/></highlight><highlight class="comment">//<sp/>MoveIt<sp/>Interfaces</highlight><highlight class="normal"></highlight></codeline>
<codeline lineno="235"><highlight class="normal"><sp/><sp/><sp/><sp/>moveit::planning_interface::MoveGroupInterface<sp/>floor_robot_;</highlight></codeline>
<codeline lineno="236"><highlight class="normal"><sp/><sp/><sp/><sp/>moveit::planning_interface::MoveGroupInterface<sp/>ceiling_robot_;</highlight></codeline>
<codeline lineno="237"><highlight class="normal"><sp/><sp/><sp/><sp/></highlight></codeline>
<codeline lineno="238"><highlight class="normal"><sp/><sp/><sp/><sp/>moveit::planning_interface::PlanningSceneInterface<sp/>planning_scene_;</highlight></codeline>
<codeline lineno="239"><highlight class="normal"></highlight></codeline>
<codeline lineno="240"><highlight class="normal"><sp/><sp/><sp/><sp/>trajectory_processing::TimeOptimalTrajectoryGeneration<sp/>totg_;</highlight></codeline>
<codeline lineno="241"><highlight class="normal"></highlight></codeline>
<codeline lineno="242"><highlight class="normal"><sp/><sp/><sp/><sp/></highlight><highlight class="comment">//<sp/>TF</highlight><highlight class="normal"></highlight></codeline>
<codeline lineno="243"><highlight class="normal"><sp/><sp/><sp/><sp/>std::unique_ptr&lt;tf2_ros::Buffer&gt;<sp/>tf_buffer<sp/>=<sp/>std::make_unique&lt;tf2_ros::Buffer&gt;(get_clock());</highlight></codeline>
<codeline lineno="244"><highlight class="normal"><sp/><sp/><sp/><sp/>std::shared_ptr&lt;tf2_ros::TransformListener&gt;<sp/>tf_listener<sp/>=<sp/>std::make_shared&lt;tf2_ros::TransformListener&gt;(*tf_buffer);</highlight></codeline>
<codeline lineno="245"><highlight class="normal"></highlight></codeline>
<codeline lineno="246"><highlight class="normal"><sp/><sp/><sp/><sp/></highlight><highlight class="comment">//<sp/>Publishers</highlight></codeline>
<codeline lineno="248" refid="classRobot_1ab49887a310be0956451ea92434b50d97" refkind="member"><highlight class="comment"></highlight><highlight class="normal"><sp/><sp/><sp/><sp/>rclcpp::Publisher&lt;competitor_interfaces::msg::CompletedOrder&gt;::SharedPtr<sp/><ref refid="classRobot_1ab49887a310be0956451ea92434b50d97" kindref="member">completed_order_pub_</ref>;</highlight></codeline>
<codeline lineno="249"><highlight class="normal"></highlight></codeline>
<codeline lineno="250"><highlight class="normal"><sp/><sp/><sp/><sp/></highlight><highlight class="comment">//<sp/>Subscriptions</highlight><highlight class="normal"></highlight></codeline>
<codeline lineno="251"><highlight class="normal"><sp/><sp/><sp/><sp/>rclcpp::Subscription&lt;ariac_msgs::msg::VacuumGripperState&gt;::SharedPtr<sp/>floor_gripper_state_sub_;</highlight></codeline>
<codeline lineno="252"><highlight class="normal"><sp/><sp/><sp/><sp/>rclcpp::Subscription&lt;ariac_msgs::msg::VacuumGripperState&gt;::SharedPtr<sp/>ceiling_gripper_state_sub_;</highlight></codeline>
<codeline lineno="253"><highlight class="normal"><sp/><sp/><sp/><sp/>rclcpp::Subscription&lt;ariac_msgs::msg::CompetitionState&gt;::SharedPtr<sp/>competition_state_sub_;</highlight></codeline>
<codeline lineno="254"><highlight class="normal"></highlight></codeline>
<codeline lineno="255"><highlight class="normal"><sp/><sp/><sp/><sp/>rclcpp::Subscription&lt;ariac_msgs::msg::AdvancedLogicalCameraImage&gt;::SharedPtr<sp/>kts1_camera_sub_;</highlight></codeline>
<codeline lineno="256"><highlight class="normal"><sp/><sp/><sp/><sp/>rclcpp::Subscription&lt;ariac_msgs::msg::AdvancedLogicalCameraImage&gt;::SharedPtr<sp/>kts2_camera_sub_;</highlight></codeline>
<codeline lineno="257"><highlight class="normal"><sp/><sp/><sp/><sp/>rclcpp::Subscription&lt;ariac_msgs::msg::AdvancedLogicalCameraImage&gt;::SharedPtr<sp/>left_bins_camera_sub_;</highlight></codeline>
<codeline lineno="258"><highlight class="normal"><sp/><sp/><sp/><sp/>rclcpp::Subscription&lt;ariac_msgs::msg::AdvancedLogicalCameraImage&gt;::SharedPtr<sp/>right_bins_camera_sub_;</highlight></codeline>
<codeline lineno="259"><highlight class="normal"><sp/><sp/><sp/><sp/>rclcpp::Subscription&lt;competitor_interfaces::msg::FloorRobotTask&gt;::SharedPtr<sp/>floor_robot_task_sub_;</highlight></codeline>
<codeline lineno="260"><highlight class="normal"><sp/><sp/><sp/><sp/>rclcpp::Subscription&lt;ariac_msgs::msg::AdvancedLogicalCameraImage&gt;::SharedPtr<sp/>conveyor_camera_sub_;</highlight></codeline>
<codeline lineno="261"><highlight class="normal"><sp/><sp/><sp/><sp/>rclcpp::Subscription&lt;ariac_msgs::msg::BreakBeamStatus&gt;::SharedPtr<sp/>break_beam_sub_;</highlight></codeline>
<codeline lineno="262"><highlight class="normal"><sp/><sp/><sp/><sp/>rclcpp::Subscription&lt;std_msgs::msg::String&gt;::SharedPtr<sp/>step_sub_;</highlight></codeline>
<codeline lineno="263"><highlight class="normal"></highlight></codeline>
<codeline lineno="264"><highlight class="normal"><sp/><sp/><sp/><sp/><sp/></highlight></codeline>
<codeline lineno="265"><highlight class="normal"><sp/><sp/><sp/><sp/>rclcpp::Subscription&lt;ariac_msgs::msg::AdvancedLogicalCameraImage&gt;::SharedPtr<sp/>agv_1_camera_sub;</highlight></codeline>
<codeline lineno="266"><highlight class="normal"><sp/><sp/><sp/><sp/>rclcpp::Subscription&lt;ariac_msgs::msg::AdvancedLogicalCameraImage&gt;::SharedPtr<sp/>agv_2_camera_sub;</highlight></codeline>
<codeline lineno="267"><highlight class="normal"><sp/><sp/><sp/><sp/>rclcpp::Subscription&lt;ariac_msgs::msg::AdvancedLogicalCameraImage&gt;::SharedPtr<sp/>agv_3_camera_sub;</highlight></codeline>
<codeline lineno="268"><highlight class="normal"><sp/><sp/><sp/><sp/>rclcpp::Subscription&lt;ariac_msgs::msg::AdvancedLogicalCameraImage&gt;::SharedPtr<sp/>agv_4_camera_sub;</highlight></codeline>
<codeline lineno="269"><highlight class="normal"></highlight></codeline>
<codeline lineno="270"><highlight class="normal"></highlight></codeline>
<codeline lineno="271"><highlight class="normal"><sp/><sp/><sp/><sp/>rclcpp::Subscription&lt;ariac_msgs::msg::AssemblyState&gt;::SharedPtr<sp/>as1_state_sub_;</highlight></codeline>
<codeline lineno="272"><highlight class="normal"><sp/><sp/><sp/><sp/>rclcpp::Subscription&lt;ariac_msgs::msg::AssemblyState&gt;::SharedPtr<sp/>as2_state_sub_;</highlight></codeline>
<codeline lineno="273"><highlight class="normal"><sp/><sp/><sp/><sp/>rclcpp::Subscription&lt;ariac_msgs::msg::AssemblyState&gt;::SharedPtr<sp/>as3_state_sub_;</highlight></codeline>
<codeline lineno="274"><highlight class="normal"><sp/><sp/><sp/><sp/>rclcpp::Subscription&lt;ariac_msgs::msg::AssemblyState&gt;::SharedPtr<sp/>as4_state_sub_;</highlight></codeline>
<codeline lineno="275"><highlight class="normal"><sp/><sp/><sp/><sp/></highlight></codeline>
<codeline lineno="276"><highlight class="normal"><sp/><sp/><sp/><sp/></highlight><highlight class="comment">//Assembly<sp/>States<sp/></highlight><highlight class="normal"></highlight></codeline>
<codeline lineno="277"><highlight class="normal"><sp/><sp/><sp/><sp/>std::map&lt;int,<sp/>ariac_msgs::msg::AssemblyState&gt;<sp/>assembly_station_states_;</highlight></codeline>
<codeline lineno="278"><highlight class="normal"></highlight></codeline>
<codeline lineno="279"><highlight class="normal"></highlight></codeline>
<codeline lineno="280"><highlight class="normal"><sp/><sp/><sp/><sp/></highlight><highlight class="comment">//<sp/>Orders<sp/>List</highlight><highlight class="normal"></highlight></codeline>
<codeline lineno="281"><highlight class="normal"><sp/><sp/><sp/><sp/>competitor_interfaces::msg::FloorRobotTask<sp/>current_order_;</highlight></codeline>
<codeline lineno="282"><highlight class="normal"><sp/><sp/><sp/><sp/>std::vector&lt;competitor_interfaces::msg::FloorRobotTask&gt;<sp/>orders_;</highlight></codeline>
<codeline lineno="283"><highlight class="normal"><sp/><sp/><sp/><sp/>std::string<sp/>step;</highlight></codeline>
<codeline lineno="284"><highlight class="normal"><sp/><sp/><sp/><sp/></highlight><highlight class="keywordtype">unsigned</highlight><highlight class="normal"><sp/></highlight><highlight class="keywordtype">int</highlight><highlight class="normal"><sp/>competition_state_;</highlight></codeline>
<codeline lineno="285"><highlight class="normal"></highlight></codeline>
<codeline lineno="286"><highlight class="normal"><sp/><sp/><sp/><sp/></highlight><highlight class="comment">//<sp/>Gripper<sp/>State</highlight><highlight class="normal"></highlight></codeline>
<codeline lineno="287"><highlight class="normal"><sp/><sp/><sp/><sp/>ariac_msgs::msg::VacuumGripperState<sp/>floor_gripper_state_;</highlight></codeline>
<codeline lineno="288"><highlight class="normal"><sp/><sp/><sp/><sp/>ariac_msgs::msg::Part<sp/>floor_robot_attached_part_;</highlight></codeline>
<codeline lineno="289"><highlight class="normal"><sp/><sp/><sp/><sp/>ariac_msgs::msg::VacuumGripperState<sp/>ceiling_gripper_state_;</highlight></codeline>
<codeline lineno="290"><highlight class="normal"><sp/><sp/><sp/><sp/>ariac_msgs::msg::Part<sp/>ceiling_robot_attached_part_;</highlight></codeline>
<codeline lineno="291"><highlight class="normal"></highlight></codeline>
<codeline lineno="292"><highlight class="normal"><sp/><sp/><sp/><sp/></highlight><highlight class="comment">//<sp/>Sensor<sp/>poses</highlight><highlight class="normal"></highlight></codeline>
<codeline lineno="293"><highlight class="normal"><sp/><sp/><sp/><sp/>geometry_msgs::msg::Pose<sp/>kts1_camera_pose_;</highlight></codeline>
<codeline lineno="294"><highlight class="normal"><sp/><sp/><sp/><sp/>geometry_msgs::msg::Pose<sp/>kts2_camera_pose_;</highlight></codeline>
<codeline lineno="295"><highlight class="normal"><sp/><sp/><sp/><sp/>geometry_msgs::msg::Pose<sp/>left_bins_camera_pose_;</highlight></codeline>
<codeline lineno="296"><highlight class="normal"><sp/><sp/><sp/><sp/>geometry_msgs::msg::Pose<sp/>right_bins_camera_pose_;</highlight></codeline>
<codeline lineno="297"><highlight class="normal"><sp/><sp/><sp/><sp/>geometry_msgs::msg::Pose<sp/>conveyor_camera_pose_;</highlight></codeline>
<codeline lineno="298"><highlight class="normal"></highlight></codeline>
<codeline lineno="299"><highlight class="normal"><sp/><sp/><sp/><sp/>geometry_msgs::msg::Pose<sp/>agv_1_camera_pose_;</highlight></codeline>
<codeline lineno="300"><highlight class="normal"><sp/><sp/><sp/><sp/>geometry_msgs::msg::Pose<sp/>agv_2_camera_pose_;</highlight></codeline>
<codeline lineno="301"><highlight class="normal"><sp/><sp/><sp/><sp/>geometry_msgs::msg::Pose<sp/>agv_3_camera_pose_;</highlight></codeline>
<codeline lineno="302"><highlight class="normal"><sp/><sp/><sp/><sp/>geometry_msgs::msg::Pose<sp/>agv_4_camera_pose_;</highlight></codeline>
<codeline lineno="303"><highlight class="normal"></highlight></codeline>
<codeline lineno="304"><highlight class="normal"><sp/><sp/><sp/><sp/></highlight><highlight class="comment">//<sp/>Trays</highlight><highlight class="normal"></highlight></codeline>
<codeline lineno="305"><highlight class="normal"><sp/><sp/><sp/><sp/>std::vector&lt;ariac_msgs::msg::KitTrayPose&gt;<sp/>kts1_trays_;</highlight></codeline>
<codeline lineno="306"><highlight class="normal"><sp/><sp/><sp/><sp/>std::vector&lt;ariac_msgs::msg::KitTrayPose&gt;<sp/>kts2_trays_;</highlight></codeline>
<codeline lineno="307"><highlight class="normal"></highlight></codeline>
<codeline lineno="308"><highlight class="normal"><sp/><sp/><sp/><sp/></highlight><highlight class="comment">//<sp/>Bins</highlight><highlight class="normal"></highlight></codeline>
<codeline lineno="309"><highlight class="normal"><sp/><sp/><sp/><sp/>std::vector&lt;ariac_msgs::msg::PartPose&gt;<sp/>left_bins_parts_;</highlight></codeline>
<codeline lineno="310"><highlight class="normal"><sp/><sp/><sp/><sp/>std::vector&lt;ariac_msgs::msg::PartPose&gt;<sp/>right_bins_parts_;</highlight></codeline>
<codeline lineno="311"><highlight class="normal"></highlight></codeline>
<codeline lineno="312"><highlight class="normal"><sp/><sp/><sp/><sp/></highlight><highlight class="comment">//<sp/>Conveyers</highlight><highlight class="normal"></highlight></codeline>
<codeline lineno="313"><highlight class="normal"><sp/><sp/><sp/><sp/>std::vector&lt;ariac_msgs::msg::PartPose&gt;<sp/>conveyor_camera_parts_;</highlight></codeline>
<codeline lineno="314"><highlight class="normal"><sp/><sp/><sp/><sp/>ariac_msgs::msg::PartPose<sp/>current_conveyor_part;</highlight></codeline>
<codeline lineno="315"><highlight class="normal"></highlight></codeline>
<codeline lineno="316"><highlight class="normal"><sp/><sp/><sp/><sp/></highlight><highlight class="comment">//<sp/>AGVs</highlight><highlight class="normal"></highlight></codeline>
<codeline lineno="317"><highlight class="normal"><sp/><sp/><sp/><sp/>geometry_msgs::msg::Pose<sp/>agv_camera_poses_;</highlight></codeline>
<codeline lineno="318"><highlight class="normal"><sp/><sp/><sp/><sp/>std::vector&lt;ariac_msgs::msg::PartPose&gt;<sp/>agv_camera_parts_;</highlight></codeline>
<codeline lineno="319"><highlight class="normal"></highlight></codeline>
<codeline lineno="320"><highlight class="normal"><sp/><sp/><sp/><sp/>std::vector&lt;ariac_msgs::msg::PartPose&gt;<sp/>agv_1_parts_;</highlight></codeline>
<codeline lineno="321"><highlight class="normal"><sp/><sp/><sp/><sp/>std::vector&lt;ariac_msgs::msg::PartPose&gt;<sp/>agv_2_parts_;</highlight></codeline>
<codeline lineno="322"><highlight class="normal"><sp/><sp/><sp/><sp/>std::vector&lt;ariac_msgs::msg::PartPose&gt;<sp/>agv_3_parts_;</highlight></codeline>
<codeline lineno="323"><highlight class="normal"><sp/><sp/><sp/><sp/>std::vector&lt;ariac_msgs::msg::PartPose&gt;<sp/>agv_4_parts_;</highlight></codeline>
<codeline lineno="324"><highlight class="normal"></highlight></codeline>
<codeline lineno="325"><highlight class="normal"><sp/><sp/><sp/></highlight></codeline>
<codeline lineno="326"><highlight class="normal"></highlight></codeline>
<codeline lineno="327"><highlight class="normal"><sp/><sp/><sp/><sp/></highlight><highlight class="comment">//<sp/>Sensor<sp/>Callbacks</highlight><highlight class="normal"></highlight></codeline>
<codeline lineno="328"><highlight class="normal"><sp/><sp/><sp/><sp/></highlight><highlight class="keywordtype">bool</highlight><highlight class="normal"><sp/>kts1_camera_received_data<sp/>=<sp/></highlight><highlight class="keyword">false</highlight><highlight class="normal">;</highlight></codeline>
<codeline lineno="329"><highlight class="normal"><sp/><sp/><sp/><sp/></highlight><highlight class="keywordtype">bool</highlight><highlight class="normal"><sp/>kts2_camera_received_data<sp/>=<sp/></highlight><highlight class="keyword">false</highlight><highlight class="normal">;</highlight></codeline>
<codeline lineno="330"><highlight class="normal"><sp/><sp/><sp/><sp/></highlight><highlight class="keywordtype">bool</highlight><highlight class="normal"><sp/>left_bins_camera_received_data<sp/>=<sp/></highlight><highlight class="keyword">false</highlight><highlight class="normal">;</highlight></codeline>
<codeline lineno="331"><highlight class="normal"><sp/><sp/><sp/><sp/></highlight><highlight class="keywordtype">bool</highlight><highlight class="normal"><sp/>right_bins_camera_received_data<sp/>=<sp/></highlight><highlight class="keyword">false</highlight><highlight class="normal">;</highlight></codeline>
<codeline lineno="332"><highlight class="normal"><sp/><sp/><sp/><sp/></highlight><highlight class="keywordtype">bool</highlight><highlight class="normal"><sp/>floor_robot_task_received_data_<sp/>=<sp/></highlight><highlight class="keyword">false</highlight><highlight class="normal">;</highlight></codeline>
<codeline lineno="333"><highlight class="normal"><sp/><sp/><sp/><sp/></highlight><highlight class="keywordtype">bool</highlight><highlight class="normal"><sp/>conveyor_camera_received_data_<sp/>=<sp/></highlight><highlight class="keyword">false</highlight><highlight class="normal">;</highlight></codeline>
<codeline lineno="334"><highlight class="normal"></highlight></codeline>
<codeline lineno="335"><highlight class="normal"><sp/><sp/><sp/><sp/></highlight><highlight class="keywordtype">bool</highlight><highlight class="normal"><sp/>agv_1_camera_received_data<sp/>=<sp/></highlight><highlight class="keyword">false</highlight><highlight class="normal">;</highlight></codeline>
<codeline lineno="336"><highlight class="normal"><sp/><sp/><sp/><sp/></highlight><highlight class="keywordtype">bool</highlight><highlight class="normal"><sp/>agv_2_camera_received_data<sp/>=<sp/></highlight><highlight class="keyword">false</highlight><highlight class="normal">;</highlight></codeline>
<codeline lineno="337"><highlight class="normal"><sp/><sp/><sp/><sp/></highlight><highlight class="keywordtype">bool</highlight><highlight class="normal"><sp/>agv_3_camera_received_data<sp/>=<sp/></highlight><highlight class="keyword">false</highlight><highlight class="normal">;</highlight></codeline>
<codeline lineno="338"><highlight class="normal"><sp/><sp/><sp/><sp/></highlight><highlight class="keywordtype">bool</highlight><highlight class="normal"><sp/>agv_4_camera_received_data<sp/>=<sp/></highlight><highlight class="keyword">false</highlight><highlight class="normal">;</highlight></codeline>
<codeline lineno="339"><highlight class="normal"></highlight></codeline>
<codeline lineno="340"><highlight class="normal"><sp/><sp/><sp/><sp/></highlight><highlight class="comment">//<sp/>check<sp/>if<sp/>conveyor<sp/>is<sp/>detecting<sp/>parts</highlight><highlight class="normal"></highlight></codeline>
<codeline lineno="341"><highlight class="normal"><sp/><sp/><sp/><sp/></highlight><highlight class="keywordtype">bool</highlight><highlight class="normal"><sp/>conveyor_part_detected<sp/>=<sp/></highlight><highlight class="keyword">false</highlight><highlight class="normal">;</highlight></codeline>
<codeline lineno="342"><highlight class="normal"></highlight></codeline>
<codeline lineno="343"><highlight class="normal"><sp/><sp/><sp/><sp/></highlight><highlight class="comment">//<sp/>check<sp/>if<sp/>break<sp/>beam<sp/>is<sp/>detected</highlight><highlight class="normal"></highlight></codeline>
<codeline lineno="344"><highlight class="normal"><sp/><sp/><sp/><sp/></highlight><highlight class="keywordtype">bool</highlight><highlight class="normal"><sp/>break_beam_detected<sp/>=<sp/></highlight><highlight class="keyword">false</highlight><highlight class="normal">;</highlight></codeline>
<codeline lineno="345"><highlight class="normal"></highlight></codeline>
<codeline lineno="346"><highlight class="normal"><sp/><sp/><sp/><sp/></highlight><highlight class="comment">//<sp/>check<sp/>if<sp/>conveyor<sp/>parts<sp/>are<sp/>picked</highlight><highlight class="normal"></highlight></codeline>
<codeline lineno="347"><highlight class="normal"><sp/><sp/><sp/><sp/></highlight><highlight class="keywordtype">bool</highlight><highlight class="normal"><sp/>conveyor_parts_picked=<sp/></highlight><highlight class="keyword">false</highlight><highlight class="normal">;</highlight></codeline>
<codeline lineno="348"><highlight class="normal"></highlight></codeline>
<codeline lineno="349"><highlight class="normal"><sp/><sp/><sp/><sp/></highlight><highlight class="keywordtype">void</highlight><highlight class="normal"><sp/>kts1_camera_cb(</highlight><highlight class="keyword">const</highlight><highlight class="normal"><sp/>ariac_msgs::msg::AdvancedLogicalCameraImage::ConstSharedPtr<sp/>msg);</highlight></codeline>
<codeline lineno="350"><highlight class="normal"><sp/><sp/><sp/><sp/></highlight><highlight class="keywordtype">void</highlight><highlight class="normal"><sp/>kts2_camera_cb(</highlight><highlight class="keyword">const</highlight><highlight class="normal"><sp/>ariac_msgs::msg::AdvancedLogicalCameraImage::ConstSharedPtr<sp/>msg);</highlight></codeline>
<codeline lineno="351"><highlight class="normal"><sp/><sp/><sp/><sp/></highlight><highlight class="keywordtype">void</highlight><highlight class="normal"><sp/>left_bins_camera_cb(</highlight><highlight class="keyword">const</highlight><highlight class="normal"><sp/>ariac_msgs::msg::AdvancedLogicalCameraImage::ConstSharedPtr<sp/>msg);</highlight></codeline>
<codeline lineno="352"><highlight class="normal"><sp/><sp/><sp/><sp/></highlight><highlight class="keywordtype">void</highlight><highlight class="normal"><sp/>right_bins_camera_cb(</highlight><highlight class="keyword">const</highlight><highlight class="normal"><sp/>ariac_msgs::msg::AdvancedLogicalCameraImage::ConstSharedPtr<sp/>msg);</highlight></codeline>
<codeline lineno="353"><highlight class="normal"><sp/><sp/><sp/><sp/></highlight><highlight class="keywordtype">void</highlight><highlight class="normal"><sp/>conveyor_camera_cb(</highlight><highlight class="keyword">const</highlight><highlight class="normal"><sp/>ariac_msgs::msg::AdvancedLogicalCameraImage::ConstSharedPtr<sp/>msg);</highlight></codeline>
<codeline lineno="354"><highlight class="normal"><sp/><sp/><sp/><sp/></highlight><highlight class="keywordtype">void</highlight><highlight class="normal"><sp/>break_beam_cb(</highlight><highlight class="keyword">const</highlight><highlight class="normal"><sp/>ariac_msgs::msg::BreakBeamStatus::ConstSharedPtr<sp/>msg);</highlight></codeline>
<codeline lineno="355"><highlight class="normal"><sp/><sp/><sp/><sp/></highlight><highlight class="comment">//<sp/>Competition<sp/>state<sp/>callback</highlight><highlight class="normal"></highlight></codeline>
<codeline lineno="356"><highlight class="normal"><sp/><sp/><sp/><sp/></highlight><highlight class="keywordtype">void</highlight><highlight class="normal"><sp/>competition_state_cb(</highlight><highlight class="keyword">const</highlight><highlight class="normal"><sp/>ariac_msgs::msg::CompetitionState::ConstSharedPtr<sp/>msg);</highlight></codeline>
<codeline lineno="357"><highlight class="normal"><sp/><sp/><sp/><sp/></highlight><highlight class="comment">//<sp/>Gripper<sp/>State<sp/>Callback</highlight><highlight class="normal"></highlight></codeline>
<codeline lineno="358"><highlight class="normal"><sp/><sp/><sp/><sp/></highlight><highlight class="keywordtype">void</highlight><highlight class="normal"><sp/>floor_gripper_state_cb(</highlight><highlight class="keyword">const</highlight><highlight class="normal"><sp/>ariac_msgs::msg::VacuumGripperState::ConstSharedPtr<sp/>msg);</highlight></codeline>
<codeline lineno="359"><highlight class="normal"><sp/><sp/><sp/><sp/></highlight><highlight class="keywordtype">void</highlight><highlight class="normal"><sp/>ceiling_gripper_state_cb(</highlight><highlight class="keyword">const</highlight><highlight class="normal"><sp/>ariac_msgs::msg::VacuumGripperState::ConstSharedPtr<sp/>msg);</highlight></codeline>
<codeline lineno="360"><highlight class="normal"></highlight></codeline>
<codeline lineno="361"><highlight class="normal"><sp/><sp/><sp/><sp/></highlight><highlight class="keywordtype">void</highlight><highlight class="normal"><sp/>agv_1_camera_cb(</highlight><highlight class="keyword">const</highlight><highlight class="normal"><sp/>ariac_msgs::msg::AdvancedLogicalCameraImage::ConstSharedPtr<sp/>msg);</highlight></codeline>
<codeline lineno="362"><highlight class="normal"><sp/><sp/><sp/><sp/></highlight><highlight class="keywordtype">void</highlight><highlight class="normal"><sp/>agv_2_camera_cb(</highlight><highlight class="keyword">const</highlight><highlight class="normal"><sp/>ariac_msgs::msg::AdvancedLogicalCameraImage::ConstSharedPtr<sp/>msg);</highlight></codeline>
<codeline lineno="363"><highlight class="normal"><sp/><sp/><sp/><sp/></highlight><highlight class="keywordtype">void</highlight><highlight class="normal"><sp/>agv_3_camera_cb(</highlight><highlight class="keyword">const</highlight><highlight class="normal"><sp/>ariac_msgs::msg::AdvancedLogicalCameraImage::ConstSharedPtr<sp/>msg);</highlight></codeline>
<codeline lineno="364"><highlight class="normal"><sp/><sp/><sp/><sp/></highlight><highlight class="keywordtype">void</highlight><highlight class="normal"><sp/>agv_4_camera_cb(</highlight><highlight class="keyword">const</highlight><highlight class="normal"><sp/>ariac_msgs::msg::AdvancedLogicalCameraImage::ConstSharedPtr<sp/>msg);</highlight></codeline>
<codeline lineno="365"><highlight class="normal"></highlight></codeline>
<codeline lineno="366"><highlight class="normal"><sp/><sp/><sp/><sp/></highlight><highlight class="keywordtype">void</highlight><highlight class="normal"><sp/>as1_state_cb(</highlight><highlight class="keyword">const</highlight><highlight class="normal"><sp/>ariac_msgs::msg::AssemblyState::ConstSharedPtr<sp/>msg);</highlight></codeline>
<codeline lineno="367"><highlight class="normal"><sp/><sp/><sp/><sp/></highlight><highlight class="keywordtype">void</highlight><highlight class="normal"><sp/>as2_state_cb(</highlight><highlight class="keyword">const</highlight><highlight class="normal"><sp/>ariac_msgs::msg::AssemblyState::ConstSharedPtr<sp/>msg);</highlight></codeline>
<codeline lineno="368"><highlight class="normal"><sp/><sp/><sp/><sp/></highlight><highlight class="keywordtype">void</highlight><highlight class="normal"><sp/>as3_state_cb(</highlight><highlight class="keyword">const</highlight><highlight class="normal"><sp/>ariac_msgs::msg::AssemblyState::ConstSharedPtr<sp/>msg);</highlight></codeline>
<codeline lineno="369"><highlight class="normal"><sp/><sp/><sp/><sp/></highlight><highlight class="keywordtype">void</highlight><highlight class="normal"><sp/>as4_state_cb(</highlight><highlight class="keyword">const</highlight><highlight class="normal"><sp/>ariac_msgs::msg::AssemblyState::ConstSharedPtr<sp/>msg);</highlight></codeline>
<codeline lineno="370"><highlight class="normal"><sp/><sp/><sp/><sp/></highlight><highlight class="comment">//<sp/>Floor<sp/>Robot<sp/>Task<sp/>Callback</highlight><highlight class="normal"></highlight></codeline>
<codeline lineno="371"><highlight class="normal"><sp/><sp/><sp/><sp/></highlight><highlight class="keywordtype">void</highlight><highlight class="normal"><sp/>floor_robot_task_cb(</highlight><highlight class="keyword">const</highlight><highlight class="normal"><sp/>competitor_interfaces::msg::FloorRobotTask::ConstSharedPtr<sp/>msg);</highlight></codeline>
<codeline lineno="372"><highlight class="normal"><sp/><sp/><sp/><sp/></highlight><highlight class="comment">//Step<sp/>callback</highlight><highlight class="normal"></highlight></codeline>
<codeline lineno="373"><highlight class="normal"><sp/><sp/><sp/><sp/></highlight><highlight class="keywordtype">void</highlight><highlight class="normal"><sp/>step_task_cb(</highlight><highlight class="keyword">const</highlight><highlight class="normal"><sp/>std_msgs::msg::String::ConstSharedPtr<sp/>msg);</highlight></codeline>
<codeline lineno="374"><highlight class="normal"><sp/><sp/><sp/></highlight></codeline>
<codeline lineno="375"><highlight class="normal"><sp/><sp/><sp/><sp/></highlight><highlight class="comment">//<sp/>ARIAC<sp/>Services</highlight><highlight class="normal"></highlight></codeline>
<codeline lineno="376"><highlight class="normal"><sp/><sp/><sp/><sp/>rclcpp::Client&lt;ariac_msgs::srv::PerformQualityCheck&gt;::SharedPtr<sp/>quality_checker_;</highlight></codeline>
<codeline lineno="377"><highlight class="normal"><sp/><sp/><sp/><sp/>rclcpp::Client&lt;ariac_msgs::srv::GetPreAssemblyPoses&gt;::SharedPtr<sp/>pre_assembly_poses_getter_;</highlight></codeline>
<codeline lineno="378"><highlight class="normal"><sp/><sp/><sp/><sp/>rclcpp::Client&lt;ariac_msgs::srv::ChangeGripper&gt;::SharedPtr<sp/>floor_robot_tool_changer_;</highlight></codeline>
<codeline lineno="379"><highlight class="normal"><sp/><sp/><sp/><sp/>rclcpp::Client&lt;ariac_msgs::srv::VacuumGripperControl&gt;::SharedPtr<sp/>floor_robot_gripper_enable_;</highlight></codeline>
<codeline lineno="380"><highlight class="normal"><sp/><sp/><sp/><sp/>rclcpp::Client&lt;ariac_msgs::srv::VacuumGripperControl&gt;::SharedPtr<sp/>ceiling_robot_gripper_enable_;</highlight></codeline>
<codeline lineno="381"><highlight class="normal"></highlight></codeline>
<codeline lineno="382"><highlight class="normal"><sp/><sp/><sp/><sp/></highlight><highlight class="comment">//<sp/>Constants</highlight><highlight class="normal"></highlight></codeline>
<codeline lineno="383"><highlight class="normal"><sp/><sp/><sp/><sp/></highlight><highlight class="keywordtype">double</highlight><highlight class="normal"><sp/>kit_tray_thickness_<sp/>=<sp/>0.01;</highlight></codeline>
<codeline lineno="384"><highlight class="normal"><sp/><sp/><sp/><sp/></highlight><highlight class="comment">//<sp/>double<sp/>drop_height_<sp/>=<sp/>0.002;</highlight><highlight class="normal"></highlight></codeline>
<codeline lineno="385"><highlight class="normal"><sp/><sp/><sp/><sp/></highlight><highlight class="keywordtype">double</highlight><highlight class="normal"><sp/>drop_height_<sp/>=<sp/>0.01;</highlight></codeline>
<codeline lineno="386"><highlight class="normal"><sp/><sp/><sp/><sp/></highlight><highlight class="keywordtype">double</highlight><highlight class="normal"><sp/>pick_offset_<sp/>=<sp/>0.003;</highlight></codeline>
<codeline lineno="387"><highlight class="normal"><sp/><sp/><sp/><sp/></highlight><highlight class="keywordtype">double</highlight><highlight class="normal"><sp/>battery_grip_offset_<sp/>=<sp/>-0.05;</highlight></codeline>
<codeline lineno="388"><highlight class="normal"><sp/><sp/><sp/><sp/></highlight></codeline>
<codeline lineno="389"><highlight class="normal"><sp/><sp/><sp/><sp/>std::map&lt;int,<sp/>std::string&gt;<sp/>part_types_<sp/>=<sp/>{</highlight></codeline>
<codeline lineno="390"><highlight class="normal"><sp/><sp/><sp/><sp/><sp/><sp/><sp/><sp/>{ariac_msgs::msg::Part::BATTERY,<sp/></highlight><highlight class="stringliteral">&quot;battery&quot;</highlight><highlight class="normal">},</highlight></codeline>
<codeline lineno="391"><highlight class="normal"><sp/><sp/><sp/><sp/><sp/><sp/><sp/><sp/>{ariac_msgs::msg::Part::PUMP,<sp/></highlight><highlight class="stringliteral">&quot;pump&quot;</highlight><highlight class="normal">},</highlight></codeline>
<codeline lineno="392"><highlight class="normal"><sp/><sp/><sp/><sp/><sp/><sp/><sp/><sp/>{ariac_msgs::msg::Part::REGULATOR,<sp/></highlight><highlight class="stringliteral">&quot;regulator&quot;</highlight><highlight class="normal">},</highlight></codeline>
<codeline lineno="393"><highlight class="normal"><sp/><sp/><sp/><sp/><sp/><sp/><sp/><sp/>{ariac_msgs::msg::Part::SENSOR,<sp/></highlight><highlight class="stringliteral">&quot;sensor&quot;</highlight><highlight class="normal">}};</highlight></codeline>
<codeline lineno="394"><highlight class="normal"></highlight></codeline>
<codeline lineno="395"><highlight class="normal"><sp/><sp/><sp/><sp/>std::map&lt;int,<sp/>std::string&gt;<sp/>part_colors_<sp/>=<sp/>{</highlight></codeline>
<codeline lineno="396"><highlight class="normal"><sp/><sp/><sp/><sp/><sp/><sp/><sp/><sp/>{ariac_msgs::msg::Part::RED,<sp/></highlight><highlight class="stringliteral">&quot;red&quot;</highlight><highlight class="normal">},</highlight></codeline>
<codeline lineno="397"><highlight class="normal"><sp/><sp/><sp/><sp/><sp/><sp/><sp/><sp/>{ariac_msgs::msg::Part::BLUE,<sp/></highlight><highlight class="stringliteral">&quot;blue&quot;</highlight><highlight class="normal">},</highlight></codeline>
<codeline lineno="398"><highlight class="normal"><sp/><sp/><sp/><sp/><sp/><sp/><sp/><sp/>{ariac_msgs::msg::Part::GREEN,<sp/></highlight><highlight class="stringliteral">&quot;green&quot;</highlight><highlight class="normal">},</highlight></codeline>
<codeline lineno="399"><highlight class="normal"><sp/><sp/><sp/><sp/><sp/><sp/><sp/><sp/>{ariac_msgs::msg::Part::ORANGE,<sp/></highlight><highlight class="stringliteral">&quot;orange&quot;</highlight><highlight class="normal">},</highlight></codeline>
<codeline lineno="400"><highlight class="normal"><sp/><sp/><sp/><sp/><sp/><sp/><sp/><sp/>{ariac_msgs::msg::Part::PURPLE,<sp/></highlight><highlight class="stringliteral">&quot;purple&quot;</highlight><highlight class="normal">},</highlight></codeline>
<codeline lineno="401"><highlight class="normal"><sp/><sp/><sp/><sp/>};</highlight></codeline>
<codeline lineno="402"><highlight class="normal"></highlight></codeline>
<codeline lineno="403"><highlight class="normal"><sp/><sp/><sp/><sp/></highlight><highlight class="comment">//<sp/>Part<sp/>heights</highlight><highlight class="normal"></highlight></codeline>
<codeline lineno="404"><highlight class="normal"><sp/><sp/><sp/><sp/>std::map&lt;int,<sp/>double&gt;<sp/>part_heights_<sp/>=<sp/>{</highlight></codeline>
<codeline lineno="405"><highlight class="normal"><sp/><sp/><sp/><sp/><sp/><sp/><sp/><sp/>{ariac_msgs::msg::Part::BATTERY,<sp/>0.04},</highlight></codeline>
<codeline lineno="406"><highlight class="normal"><sp/><sp/><sp/><sp/><sp/><sp/><sp/><sp/>{ariac_msgs::msg::Part::PUMP,<sp/>0.12},</highlight></codeline>
<codeline lineno="407"><highlight class="normal"><sp/><sp/><sp/><sp/><sp/><sp/><sp/><sp/>{ariac_msgs::msg::Part::REGULATOR,<sp/>0.07},</highlight></codeline>
<codeline lineno="408"><highlight class="normal"><sp/><sp/><sp/><sp/><sp/><sp/><sp/><sp/>{ariac_msgs::msg::Part::SENSOR,<sp/>0.07}};</highlight></codeline>
<codeline lineno="409"><highlight class="normal"></highlight></codeline>
<codeline lineno="410"><highlight class="normal"><sp/><sp/><sp/><sp/></highlight><highlight class="comment">//<sp/>Part<sp/>types<sp/>to<sp/>bin</highlight><highlight class="normal"></highlight></codeline>
<codeline lineno="411"><highlight class="normal"><sp/><sp/><sp/><sp/>std::map&lt;int,<sp/>int&gt;<sp/>part_types_bin_<sp/>=<sp/>{</highlight></codeline>
<codeline lineno="412"><highlight class="normal"><sp/><sp/><sp/><sp/><sp/><sp/><sp/><sp/>{ariac_msgs::msg::Part::BATTERY,2},</highlight></codeline>
<codeline lineno="413"><highlight class="normal"><sp/><sp/><sp/><sp/><sp/><sp/><sp/><sp/>{ariac_msgs::msg::Part::PUMP,<sp/>5},</highlight></codeline>
<codeline lineno="414"><highlight class="normal"><sp/><sp/><sp/><sp/><sp/><sp/><sp/><sp/>{ariac_msgs::msg::Part::REGULATOR,<sp/>6},</highlight></codeline>
<codeline lineno="415"><highlight class="normal"><sp/><sp/><sp/><sp/><sp/><sp/><sp/><sp/>{ariac_msgs::msg::Part::SENSOR,<sp/>1}};</highlight></codeline>
<codeline lineno="416"><highlight class="normal"></highlight></codeline>
<codeline lineno="417"><highlight class="normal"><sp/><sp/><sp/><sp/></highlight><highlight class="comment">//<sp/>conveyor<sp/>offset</highlight><highlight class="normal"></highlight></codeline>
<codeline lineno="418"><highlight class="normal"><sp/><sp/><sp/><sp/>std::map&lt;int,<sp/>double&gt;<sp/>conveyer_pick_offset<sp/>=<sp/>{</highlight></codeline>
<codeline lineno="419"><highlight class="normal"><sp/><sp/><sp/><sp/><sp/><sp/><sp/><sp/>{ariac_msgs::msg::Part::PUMP,<sp/>0.05},</highlight></codeline>
<codeline lineno="420"><highlight class="normal"><sp/><sp/><sp/><sp/><sp/><sp/><sp/><sp/>{ariac_msgs::msg::Part::REGULATOR,<sp/>0.01}</highlight></codeline>
<codeline lineno="421"><highlight class="normal"><sp/><sp/><sp/><sp/>};</highlight></codeline>
<codeline lineno="422"><highlight class="normal"></highlight></codeline>
<codeline lineno="423"><highlight class="normal"></highlight></codeline>
<codeline lineno="424"><highlight class="normal"><sp/><sp/><sp/><sp/></highlight><highlight class="comment">//<sp/>Quadrant<sp/>Offsets</highlight><highlight class="normal"></highlight></codeline>
<codeline lineno="425"><highlight class="normal"><sp/><sp/><sp/><sp/>std::map&lt;int,<sp/>std::pair&lt;double,<sp/>double&gt;&gt;<sp/>quad_offsets_<sp/>=<sp/>{</highlight></codeline>
<codeline lineno="426"><highlight class="normal"><sp/><sp/><sp/><sp/><sp/><sp/><sp/><sp/>{ariac_msgs::msg::KittingPart::QUADRANT1,<sp/>std::pair&lt;double,<sp/>double&gt;(-0.08,<sp/>0.12)},</highlight></codeline>
<codeline lineno="427"><highlight class="normal"><sp/><sp/><sp/><sp/><sp/><sp/><sp/><sp/>{ariac_msgs::msg::KittingPart::QUADRANT2,<sp/>std::pair&lt;double,<sp/>double&gt;(0.08,<sp/>0.12)},</highlight></codeline>
<codeline lineno="428"><highlight class="normal"><sp/><sp/><sp/><sp/><sp/><sp/><sp/><sp/>{ariac_msgs::msg::KittingPart::QUADRANT3,<sp/>std::pair&lt;double,<sp/>double&gt;(-0.08,<sp/>-0.12)},</highlight></codeline>
<codeline lineno="429"><highlight class="normal"><sp/><sp/><sp/><sp/><sp/><sp/><sp/><sp/>{ariac_msgs::msg::KittingPart::QUADRANT4,<sp/>std::pair&lt;double,<sp/>double&gt;(0.08,<sp/>-0.12)},</highlight></codeline>
<codeline lineno="430"><highlight class="normal"><sp/><sp/><sp/><sp/>};</highlight></codeline>
<codeline lineno="431"><highlight class="normal"></highlight></codeline>
<codeline lineno="432"><highlight class="normal"><sp/><sp/><sp/><sp/>std::map&lt;std::string,<sp/>double&gt;<sp/>rail_positions_<sp/>=<sp/>{</highlight></codeline>
<codeline lineno="433"><highlight class="normal"><sp/><sp/><sp/><sp/><sp/><sp/><sp/><sp/>{</highlight><highlight class="stringliteral">&quot;agv1&quot;</highlight><highlight class="normal">,<sp/>-4.5},</highlight></codeline>
<codeline lineno="434"><highlight class="normal"><sp/><sp/><sp/><sp/><sp/><sp/><sp/><sp/>{</highlight><highlight class="stringliteral">&quot;agv2&quot;</highlight><highlight class="normal">,<sp/>-1.2},</highlight></codeline>
<codeline lineno="435"><highlight class="normal"><sp/><sp/><sp/><sp/><sp/><sp/><sp/><sp/>{</highlight><highlight class="stringliteral">&quot;agv3&quot;</highlight><highlight class="normal">,<sp/>1.2},</highlight></codeline>
<codeline lineno="436"><highlight class="normal"><sp/><sp/><sp/><sp/><sp/><sp/><sp/><sp/>{</highlight><highlight class="stringliteral">&quot;agv4&quot;</highlight><highlight class="normal">,<sp/>4.5},</highlight></codeline>
<codeline lineno="437"><highlight class="normal"><sp/><sp/><sp/><sp/><sp/><sp/><sp/><sp/>{</highlight><highlight class="stringliteral">&quot;left_bins&quot;</highlight><highlight class="normal">,<sp/>3},</highlight></codeline>
<codeline lineno="438"><highlight class="normal"><sp/><sp/><sp/><sp/><sp/><sp/><sp/><sp/>{</highlight><highlight class="stringliteral">&quot;right_bins&quot;</highlight><highlight class="normal">,<sp/>-3}};</highlight></codeline>
<codeline lineno="439"><highlight class="normal"></highlight></codeline>
<codeline lineno="440"><highlight class="normal"><sp/><sp/><sp/><sp/></highlight><highlight class="comment">//<sp/>Joint<sp/>value<sp/>targets<sp/>for<sp/>kitting<sp/>stations</highlight><highlight class="normal"></highlight></codeline>
<codeline lineno="441"><highlight class="normal"><sp/><sp/><sp/><sp/>std::map&lt;std::string,<sp/>double&gt;<sp/>floor_kts1_js_<sp/>=<sp/>{</highlight></codeline>
<codeline lineno="442"><highlight class="normal"><sp/><sp/><sp/><sp/><sp/><sp/><sp/><sp/>{</highlight><highlight class="stringliteral">&quot;linear_actuator_joint&quot;</highlight><highlight class="normal">,<sp/>4.0},</highlight></codeline>
<codeline lineno="443"><highlight class="normal"><sp/><sp/><sp/><sp/><sp/><sp/><sp/><sp/>{</highlight><highlight class="stringliteral">&quot;floor_shoulder_pan_joint&quot;</highlight><highlight class="normal">,<sp/>1.57},</highlight></codeline>
<codeline lineno="444"><highlight class="normal"><sp/><sp/><sp/><sp/><sp/><sp/><sp/><sp/>{</highlight><highlight class="stringliteral">&quot;floor_shoulder_lift_joint&quot;</highlight><highlight class="normal">,<sp/>-1.57},</highlight></codeline>
<codeline lineno="445"><highlight class="normal"><sp/><sp/><sp/><sp/><sp/><sp/><sp/><sp/>{</highlight><highlight class="stringliteral">&quot;floor_elbow_joint&quot;</highlight><highlight class="normal">,<sp/>1.57},</highlight></codeline>
<codeline lineno="446"><highlight class="normal"><sp/><sp/><sp/><sp/><sp/><sp/><sp/><sp/>{</highlight><highlight class="stringliteral">&quot;floor_wrist_1_joint&quot;</highlight><highlight class="normal">,<sp/>-1.57},</highlight></codeline>
<codeline lineno="447"><highlight class="normal"><sp/><sp/><sp/><sp/><sp/><sp/><sp/><sp/>{</highlight><highlight class="stringliteral">&quot;floor_wrist_2_joint&quot;</highlight><highlight class="normal">,<sp/>-1.57},</highlight></codeline>
<codeline lineno="448"><highlight class="normal"><sp/><sp/><sp/><sp/><sp/><sp/><sp/><sp/>{</highlight><highlight class="stringliteral">&quot;floor_wrist_3_joint&quot;</highlight><highlight class="normal">,<sp/>0.0}};</highlight></codeline>
<codeline lineno="449"><highlight class="normal"></highlight></codeline>
<codeline lineno="450"><highlight class="normal"><sp/><sp/><sp/><sp/>std::map&lt;std::string,<sp/>double&gt;<sp/>floor_kts2_js_<sp/>=<sp/>{</highlight></codeline>
<codeline lineno="451"><highlight class="normal"><sp/><sp/><sp/><sp/><sp/><sp/><sp/><sp/>{</highlight><highlight class="stringliteral">&quot;linear_actuator_joint&quot;</highlight><highlight class="normal">,<sp/>-4.0},</highlight></codeline>
<codeline lineno="452"><highlight class="normal"><sp/><sp/><sp/><sp/><sp/><sp/><sp/><sp/>{</highlight><highlight class="stringliteral">&quot;floor_shoulder_pan_joint&quot;</highlight><highlight class="normal">,<sp/>-1.57},</highlight></codeline>
<codeline lineno="453"><highlight class="normal"><sp/><sp/><sp/><sp/><sp/><sp/><sp/><sp/>{</highlight><highlight class="stringliteral">&quot;floor_shoulder_lift_joint&quot;</highlight><highlight class="normal">,<sp/>-1.57},</highlight></codeline>
<codeline lineno="454"><highlight class="normal"><sp/><sp/><sp/><sp/><sp/><sp/><sp/><sp/>{</highlight><highlight class="stringliteral">&quot;floor_elbow_joint&quot;</highlight><highlight class="normal">,<sp/>1.57},</highlight></codeline>
<codeline lineno="455"><highlight class="normal"><sp/><sp/><sp/><sp/><sp/><sp/><sp/><sp/>{</highlight><highlight class="stringliteral">&quot;floor_wrist_1_joint&quot;</highlight><highlight class="normal">,<sp/>-1.57},</highlight></codeline>
<codeline lineno="456"><highlight class="normal"><sp/><sp/><sp/><sp/><sp/><sp/><sp/><sp/>{</highlight><highlight class="stringliteral">&quot;floor_wrist_2_joint&quot;</highlight><highlight class="normal">,<sp/>-1.57},</highlight></codeline>
<codeline lineno="457"><highlight class="normal"><sp/><sp/><sp/><sp/><sp/><sp/><sp/><sp/>{</highlight><highlight class="stringliteral">&quot;floor_wrist_3_joint&quot;</highlight><highlight class="normal">,<sp/>0.0}};</highlight></codeline>
<codeline lineno="458"><highlight class="normal"></highlight></codeline>
<codeline lineno="459"><highlight class="normal"><sp/><sp/><sp/><sp/>std::map&lt;std::string,<sp/>double&gt;<sp/>ceiling_as1_js_<sp/>=<sp/>{</highlight></codeline>
<codeline lineno="460"><highlight class="normal"><sp/><sp/><sp/><sp/><sp/><sp/><sp/><sp/>{</highlight><highlight class="stringliteral">&quot;gantry_x_axis_joint&quot;</highlight><highlight class="normal">,<sp/>1},</highlight></codeline>
<codeline lineno="461"><highlight class="normal"><sp/><sp/><sp/><sp/><sp/><sp/><sp/><sp/>{</highlight><highlight class="stringliteral">&quot;gantry_y_axis_joint&quot;</highlight><highlight class="normal">,<sp/>-3},</highlight></codeline>
<codeline lineno="462"><highlight class="normal"><sp/><sp/><sp/><sp/><sp/><sp/><sp/><sp/>{</highlight><highlight class="stringliteral">&quot;gantry_rotation_joint&quot;</highlight><highlight class="normal">,<sp/>1.571},</highlight></codeline>
<codeline lineno="463"><highlight class="normal"><sp/><sp/><sp/><sp/><sp/><sp/><sp/><sp/>{</highlight><highlight class="stringliteral">&quot;ceiling_shoulder_pan_joint&quot;</highlight><highlight class="normal">,<sp/>0},</highlight></codeline>
<codeline lineno="464"><highlight class="normal"><sp/><sp/><sp/><sp/><sp/><sp/><sp/><sp/>{</highlight><highlight class="stringliteral">&quot;ceiling_shoulder_lift_joint&quot;</highlight><highlight class="normal">,<sp/>-2.37},</highlight></codeline>
<codeline lineno="465"><highlight class="normal"><sp/><sp/><sp/><sp/><sp/><sp/><sp/><sp/>{</highlight><highlight class="stringliteral">&quot;ceiling_elbow_joint&quot;</highlight><highlight class="normal">,<sp/>2.37},</highlight></codeline>
<codeline lineno="466"><highlight class="normal"><sp/><sp/><sp/><sp/><sp/><sp/><sp/><sp/>{</highlight><highlight class="stringliteral">&quot;ceiling_wrist_1_joint&quot;</highlight><highlight class="normal">,<sp/>3.14},</highlight></codeline>
<codeline lineno="467"><highlight class="normal"><sp/><sp/><sp/><sp/><sp/><sp/><sp/><sp/>{</highlight><highlight class="stringliteral">&quot;ceiling_wrist_2_joint&quot;</highlight><highlight class="normal">,<sp/>-1.57},</highlight></codeline>
<codeline lineno="468"><highlight class="normal"><sp/><sp/><sp/><sp/><sp/><sp/><sp/><sp/>{</highlight><highlight class="stringliteral">&quot;ceiling_wrist_3_joint&quot;</highlight><highlight class="normal">,<sp/>0}</highlight></codeline>
<codeline lineno="469"><highlight class="normal"><sp/><sp/><sp/><sp/>};</highlight></codeline>
<codeline lineno="470"><highlight class="normal"></highlight></codeline>
<codeline lineno="471"><highlight class="normal"><sp/><sp/><sp/><sp/>std::map&lt;std::string,<sp/>double&gt;<sp/>ceiling_as2_js_<sp/>=<sp/>{</highlight></codeline>
<codeline lineno="472"><highlight class="normal"><sp/><sp/><sp/><sp/><sp/><sp/><sp/><sp/>{</highlight><highlight class="stringliteral">&quot;gantry_x_axis_joint&quot;</highlight><highlight class="normal">,<sp/>-4},</highlight></codeline>
<codeline lineno="473"><highlight class="normal"><sp/><sp/><sp/><sp/><sp/><sp/><sp/><sp/>{</highlight><highlight class="stringliteral">&quot;gantry_y_axis_joint&quot;</highlight><highlight class="normal">,<sp/>-3},</highlight></codeline>
<codeline lineno="474"><highlight class="normal"><sp/><sp/><sp/><sp/><sp/><sp/><sp/><sp/>{</highlight><highlight class="stringliteral">&quot;gantry_rotation_joint&quot;</highlight><highlight class="normal">,<sp/>1.571},</highlight></codeline>
<codeline lineno="475"><highlight class="normal"><sp/><sp/><sp/><sp/><sp/><sp/><sp/><sp/>{</highlight><highlight class="stringliteral">&quot;ceiling_shoulder_pan_joint&quot;</highlight><highlight class="normal">,<sp/>0},</highlight></codeline>
<codeline lineno="476"><highlight class="normal"><sp/><sp/><sp/><sp/><sp/><sp/><sp/><sp/>{</highlight><highlight class="stringliteral">&quot;ceiling_shoulder_lift_joint&quot;</highlight><highlight class="normal">,<sp/>-2.37},</highlight></codeline>
<codeline lineno="477"><highlight class="normal"><sp/><sp/><sp/><sp/><sp/><sp/><sp/><sp/>{</highlight><highlight class="stringliteral">&quot;ceiling_elbow_joint&quot;</highlight><highlight class="normal">,<sp/>2.37},</highlight></codeline>
<codeline lineno="478"><highlight class="normal"><sp/><sp/><sp/><sp/><sp/><sp/><sp/><sp/>{</highlight><highlight class="stringliteral">&quot;ceiling_wrist_1_joint&quot;</highlight><highlight class="normal">,<sp/>3.14},</highlight></codeline>
<codeline lineno="479"><highlight class="normal"><sp/><sp/><sp/><sp/><sp/><sp/><sp/><sp/>{</highlight><highlight class="stringliteral">&quot;ceiling_wrist_2_joint&quot;</highlight><highlight class="normal">,<sp/>-1.57},</highlight></codeline>
<codeline lineno="480"><highlight class="normal"><sp/><sp/><sp/><sp/><sp/><sp/><sp/><sp/>{</highlight><highlight class="stringliteral">&quot;ceiling_wrist_3_joint&quot;</highlight><highlight class="normal">,<sp/>0}</highlight></codeline>
<codeline lineno="481"><highlight class="normal"><sp/><sp/><sp/><sp/>};</highlight></codeline>
<codeline lineno="482"><highlight class="normal"></highlight></codeline>
<codeline lineno="483"><highlight class="normal"><sp/><sp/><sp/><sp/>std::map&lt;std::string,<sp/>double&gt;<sp/>ceiling_as3_js_<sp/>=<sp/>{</highlight></codeline>
<codeline lineno="484"><highlight class="normal"><sp/><sp/><sp/><sp/><sp/><sp/><sp/><sp/>{</highlight><highlight class="stringliteral">&quot;gantry_x_axis_joint&quot;</highlight><highlight class="normal">,<sp/>1},</highlight></codeline>
<codeline lineno="485"><highlight class="normal"><sp/><sp/><sp/><sp/><sp/><sp/><sp/><sp/>{</highlight><highlight class="stringliteral">&quot;gantry_y_axis_joint&quot;</highlight><highlight class="normal">,<sp/>3},</highlight></codeline>
<codeline lineno="486"><highlight class="normal"><sp/><sp/><sp/><sp/><sp/><sp/><sp/><sp/>{</highlight><highlight class="stringliteral">&quot;gantry_rotation_joint&quot;</highlight><highlight class="normal">,<sp/>1.571},</highlight></codeline>
<codeline lineno="487"><highlight class="normal"><sp/><sp/><sp/><sp/><sp/><sp/><sp/><sp/>{</highlight><highlight class="stringliteral">&quot;ceiling_shoulder_pan_joint&quot;</highlight><highlight class="normal">,<sp/>0},</highlight></codeline>
<codeline lineno="488"><highlight class="normal"><sp/><sp/><sp/><sp/><sp/><sp/><sp/><sp/>{</highlight><highlight class="stringliteral">&quot;ceiling_shoulder_lift_joint&quot;</highlight><highlight class="normal">,<sp/>-2.37},</highlight></codeline>
<codeline lineno="489"><highlight class="normal"><sp/><sp/><sp/><sp/><sp/><sp/><sp/><sp/>{</highlight><highlight class="stringliteral">&quot;ceiling_elbow_joint&quot;</highlight><highlight class="normal">,<sp/>2.37},</highlight></codeline>
<codeline lineno="490"><highlight class="normal"><sp/><sp/><sp/><sp/><sp/><sp/><sp/><sp/>{</highlight><highlight class="stringliteral">&quot;ceiling_wrist_1_joint&quot;</highlight><highlight class="normal">,<sp/>3.14},</highlight></codeline>
<codeline lineno="491"><highlight class="normal"><sp/><sp/><sp/><sp/><sp/><sp/><sp/><sp/>{</highlight><highlight class="stringliteral">&quot;ceiling_wrist_2_joint&quot;</highlight><highlight class="normal">,<sp/>-1.57},</highlight></codeline>
<codeline lineno="492"><highlight class="normal"><sp/><sp/><sp/><sp/><sp/><sp/><sp/><sp/>{</highlight><highlight class="stringliteral">&quot;ceiling_wrist_3_joint&quot;</highlight><highlight class="normal">,<sp/>0}</highlight></codeline>
<codeline lineno="493"><highlight class="normal"><sp/><sp/><sp/><sp/>};</highlight></codeline>
<codeline lineno="494"><highlight class="normal"></highlight></codeline>
<codeline lineno="495"><highlight class="normal"><sp/><sp/><sp/><sp/>std::map&lt;std::string,<sp/>double&gt;<sp/>ceiling_as4_js_<sp/>=<sp/>{</highlight></codeline>
<codeline lineno="496"><highlight class="normal"><sp/><sp/><sp/><sp/><sp/><sp/><sp/><sp/>{</highlight><highlight class="stringliteral">&quot;gantry_x_axis_joint&quot;</highlight><highlight class="normal">,<sp/>-4},</highlight></codeline>
<codeline lineno="497"><highlight class="normal"><sp/><sp/><sp/><sp/><sp/><sp/><sp/><sp/>{</highlight><highlight class="stringliteral">&quot;gantry_y_axis_joint&quot;</highlight><highlight class="normal">,<sp/>3},</highlight></codeline>
<codeline lineno="498"><highlight class="normal"><sp/><sp/><sp/><sp/><sp/><sp/><sp/><sp/>{</highlight><highlight class="stringliteral">&quot;gantry_rotation_joint&quot;</highlight><highlight class="normal">,<sp/>1.571},</highlight></codeline>
<codeline lineno="499"><highlight class="normal"><sp/><sp/><sp/><sp/><sp/><sp/><sp/><sp/>{</highlight><highlight class="stringliteral">&quot;ceiling_shoulder_pan_joint&quot;</highlight><highlight class="normal">,<sp/>0},</highlight></codeline>
<codeline lineno="500"><highlight class="normal"><sp/><sp/><sp/><sp/><sp/><sp/><sp/><sp/>{</highlight><highlight class="stringliteral">&quot;ceiling_shoulder_lift_joint&quot;</highlight><highlight class="normal">,<sp/>-2.37},</highlight></codeline>
<codeline lineno="501"><highlight class="normal"><sp/><sp/><sp/><sp/><sp/><sp/><sp/><sp/>{</highlight><highlight class="stringliteral">&quot;ceiling_elbow_joint&quot;</highlight><highlight class="normal">,<sp/>2.37},</highlight></codeline>
<codeline lineno="502"><highlight class="normal"><sp/><sp/><sp/><sp/><sp/><sp/><sp/><sp/>{</highlight><highlight class="stringliteral">&quot;ceiling_wrist_1_joint&quot;</highlight><highlight class="normal">,<sp/>3.14},</highlight></codeline>
<codeline lineno="503"><highlight class="normal"><sp/><sp/><sp/><sp/><sp/><sp/><sp/><sp/>{</highlight><highlight class="stringliteral">&quot;ceiling_wrist_2_joint&quot;</highlight><highlight class="normal">,<sp/>-1.57},</highlight></codeline>
<codeline lineno="504"><highlight class="normal"><sp/><sp/><sp/><sp/><sp/><sp/><sp/><sp/>{</highlight><highlight class="stringliteral">&quot;ceiling_wrist_3_joint&quot;</highlight><highlight class="normal">,<sp/>0}</highlight></codeline>
<codeline lineno="505"><highlight class="normal"><sp/><sp/><sp/><sp/>};</highlight></codeline>
<codeline lineno="506"><highlight class="normal"><sp/><sp/><sp/><sp/></highlight></codeline>
<codeline lineno="507"><highlight class="normal"><sp/><sp/><sp/><sp/></highlight><highlight class="comment">//<sp/>Joint<sp/>value<sp/>targets<sp/>for<sp/>Part<sp/>Disposal</highlight><highlight class="normal"></highlight></codeline>
<codeline lineno="508"><highlight class="normal"><sp/><sp/><sp/><sp/>std::map&lt;std::string,<sp/>double&gt;<sp/>center_disposal_bin_js<sp/>=<sp/>{</highlight></codeline>
<codeline lineno="509"><highlight class="normal"><sp/><sp/><sp/><sp/><sp/><sp/><sp/><sp/>{</highlight><highlight class="stringliteral">&quot;linear_actuator_joint&quot;</highlight><highlight class="normal">,<sp/>0.0},</highlight></codeline>
<codeline lineno="510"><highlight class="normal"><sp/><sp/><sp/><sp/><sp/><sp/><sp/><sp/>{</highlight><highlight class="stringliteral">&quot;floor_shoulder_pan_joint&quot;</highlight><highlight class="normal">,<sp/>0.0},</highlight></codeline>
<codeline lineno="511"><highlight class="normal"><sp/><sp/><sp/><sp/><sp/><sp/><sp/><sp/>{</highlight><highlight class="stringliteral">&quot;floor_shoulder_lift_joint&quot;</highlight><highlight class="normal">,<sp/>-1.17},</highlight></codeline>
<codeline lineno="512"><highlight class="normal"><sp/><sp/><sp/><sp/><sp/><sp/><sp/><sp/>{</highlight><highlight class="stringliteral">&quot;floor_elbow_joint&quot;</highlight><highlight class="normal">,<sp/>1.57},</highlight></codeline>
<codeline lineno="513"><highlight class="normal"><sp/><sp/><sp/><sp/><sp/><sp/><sp/><sp/>{</highlight><highlight class="stringliteral">&quot;floor_wrist_1_joint&quot;</highlight><highlight class="normal">,<sp/>-1.95},</highlight></codeline>
<codeline lineno="514"><highlight class="normal"><sp/><sp/><sp/><sp/><sp/><sp/><sp/><sp/>{</highlight><highlight class="stringliteral">&quot;floor_wrist_2_joint&quot;</highlight><highlight class="normal">,<sp/>-1.57},</highlight></codeline>
<codeline lineno="515"><highlight class="normal"><sp/><sp/><sp/><sp/><sp/><sp/><sp/><sp/>{</highlight><highlight class="stringliteral">&quot;floor_wrist_3_joint&quot;</highlight><highlight class="normal">,<sp/>0.0}</highlight></codeline>
<codeline lineno="516"><highlight class="normal"><sp/><sp/><sp/><sp/>};</highlight></codeline>
<codeline lineno="517"><highlight class="normal"></highlight></codeline>
<codeline lineno="518"><highlight class="normal"><sp/><sp/><sp/><sp/>std::map&lt;std::string,<sp/>double&gt;<sp/>left_disposal_bin_js<sp/>=<sp/>{</highlight></codeline>
<codeline lineno="519"><highlight class="normal"><sp/><sp/><sp/><sp/><sp/><sp/><sp/><sp/>{</highlight><highlight class="stringliteral">&quot;linear_actuator_joint&quot;</highlight><highlight class="normal">,<sp/>4.40},</highlight></codeline>
<codeline lineno="520"><highlight class="normal"><sp/><sp/><sp/><sp/><sp/><sp/><sp/><sp/>{</highlight><highlight class="stringliteral">&quot;floor_shoulder_pan_joint&quot;</highlight><highlight class="normal">,<sp/>2.55},</highlight></codeline>
<codeline lineno="521"><highlight class="normal"><sp/><sp/><sp/><sp/><sp/><sp/><sp/><sp/>{</highlight><highlight class="stringliteral">&quot;floor_shoulder_lift_joint&quot;</highlight><highlight class="normal">,<sp/>-1.45},</highlight></codeline>
<codeline lineno="522"><highlight class="normal"><sp/><sp/><sp/><sp/><sp/><sp/><sp/><sp/>{</highlight><highlight class="stringliteral">&quot;floor_elbow_joint&quot;</highlight><highlight class="normal">,<sp/>1.57},</highlight></codeline>
<codeline lineno="523"><highlight class="normal"><sp/><sp/><sp/><sp/><sp/><sp/><sp/><sp/>{</highlight><highlight class="stringliteral">&quot;floor_wrist_1_joint&quot;</highlight><highlight class="normal">,<sp/>-1.65},</highlight></codeline>
<codeline lineno="524"><highlight class="normal"><sp/><sp/><sp/><sp/><sp/><sp/><sp/><sp/>{</highlight><highlight class="stringliteral">&quot;floor_wrist_2_joint&quot;</highlight><highlight class="normal">,<sp/>-1.57},</highlight></codeline>
<codeline lineno="525"><highlight class="normal"><sp/><sp/><sp/><sp/><sp/><sp/><sp/><sp/>{</highlight><highlight class="stringliteral">&quot;floor_wrist_3_joint&quot;</highlight><highlight class="normal">,<sp/>0.0}</highlight></codeline>
<codeline lineno="526"><highlight class="normal"><sp/><sp/><sp/><sp/>};</highlight></codeline>
<codeline lineno="527"><highlight class="normal"></highlight></codeline>
<codeline lineno="528"><highlight class="normal"><sp/><sp/><sp/><sp/>std::map&lt;std::string,<sp/>double&gt;<sp/>right_disposal_bin_js<sp/>=<sp/>{</highlight></codeline>
<codeline lineno="529"><highlight class="normal"><sp/><sp/><sp/><sp/><sp/><sp/><sp/><sp/>{</highlight><highlight class="stringliteral">&quot;linear_actuator_joint&quot;</highlight><highlight class="normal">,<sp/>-4.40},</highlight></codeline>
<codeline lineno="530"><highlight class="normal"><sp/><sp/><sp/><sp/><sp/><sp/><sp/><sp/>{</highlight><highlight class="stringliteral">&quot;floor_shoulder_pan_joint&quot;</highlight><highlight class="normal">,<sp/>-2.95},</highlight></codeline>
<codeline lineno="531"><highlight class="normal"><sp/><sp/><sp/><sp/><sp/><sp/><sp/><sp/>{</highlight><highlight class="stringliteral">&quot;floor_shoulder_lift_joint&quot;</highlight><highlight class="normal">,<sp/>-1.45},</highlight></codeline>
<codeline lineno="532"><highlight class="normal"><sp/><sp/><sp/><sp/><sp/><sp/><sp/><sp/>{</highlight><highlight class="stringliteral">&quot;floor_elbow_joint&quot;</highlight><highlight class="normal">,<sp/>1.57},</highlight></codeline>
<codeline lineno="533"><highlight class="normal"><sp/><sp/><sp/><sp/><sp/><sp/><sp/><sp/>{</highlight><highlight class="stringliteral">&quot;floor_wrist_1_joint&quot;</highlight><highlight class="normal">,<sp/>-1.65},</highlight></codeline>
<codeline lineno="534"><highlight class="normal"><sp/><sp/><sp/><sp/><sp/><sp/><sp/><sp/>{</highlight><highlight class="stringliteral">&quot;floor_wrist_2_joint&quot;</highlight><highlight class="normal">,<sp/>-1.57},</highlight></codeline>
<codeline lineno="535"><highlight class="normal"><sp/><sp/><sp/><sp/><sp/><sp/><sp/><sp/>{</highlight><highlight class="stringliteral">&quot;floor_wrist_3_joint&quot;</highlight><highlight class="normal">,<sp/>0.0}</highlight></codeline>
<codeline lineno="536"><highlight class="normal"><sp/><sp/><sp/><sp/>};</highlight></codeline>
<codeline lineno="537"><highlight class="normal"></highlight></codeline>
<codeline lineno="538"><highlight class="normal"></highlight></codeline>
<codeline lineno="539"><highlight class="normal">};</highlight></codeline>
    </programlisting>
    <location file="/home/shubh/ariac_ws/src/group5/group5_rwa_3/include/group5_rwa_3/floor_robot.hpp"/>
  </compounddef>
</doxygen>
