<?xml version='1.0' encoding='UTF-8' standalone='no'?>
<doxygen xmlns:xsi="http://www.w3.org/2001/XMLSchema-instance" xsi:noNamespaceSchemaLocation="compound.xsd" version="1.8.17">
  <compounddef id="floor__robot__quality_8hpp" kind="file" language="C++">
    <compoundname>floor_robot_quality.hpp</compoundname>
    <includes local="no">rclcpp/qos.hpp</includes>
    <includes local="no">rclcpp/rclcpp.hpp</includes>
    <includes local="no">rclcpp_action/rclcpp_action.hpp</includes>
    <includes local="no">unistd.h</includes>
    <includes local="no">cmath</includes>
    <includes local="no">ament_index_cpp/get_package_share_directory.hpp</includes>
    <includes local="no">moveit/move_group_interface/move_group_interface.h</includes>
    <includes local="no">moveit/planning_scene_interface/planning_scene_interface.h</includes>
    <includes local="no">moveit/trajectory_processing/time_optimal_trajectory_generation.h</includes>
    <includes local="no">moveit_msgs/msg/collision_object.hpp</includes>
    <includes local="no">geometric_shapes/shapes.h</includes>
    <includes local="no">geometric_shapes/shape_operations.h</includes>
    <includes local="no">shape_msgs/msg/mesh.h</includes>
    <includes local="yes">tf2/exceptions.h</includes>
    <includes local="yes">tf2_ros/transform_listener.h</includes>
    <includes local="yes">tf2_ros/buffer.h</includes>
    <includes local="no">kdl/frames.hpp</includes>
    <includes local="no">tf2_kdl/tf2_kdl.h</includes>
    <includes local="no">ariac_msgs/msg/order.hpp</includes>
    <includes local="no">ariac_msgs/msg/advanced_logical_camera_image.hpp</includes>
    <includes local="no">ariac_msgs/msg/break_beam_status.hpp</includes>
    <includes local="no">ariac_msgs/msg/kitting_task.hpp</includes>
    <includes local="no">ariac_msgs/msg/kit_tray_pose.hpp</includes>
    <includes local="no">ariac_msgs/msg/vacuum_gripper_state.hpp</includes>
    <includes local="no">ariac_msgs/msg/competition_state.hpp</includes>
    <includes local="no">ariac_msgs/srv/change_gripper.hpp</includes>
    <includes local="no">ariac_msgs/srv/vacuum_gripper_control.hpp</includes>
    <includes local="no">ariac_msgs/srv/perform_quality_check.hpp</includes>
    <includes local="no">std_msgs/msg/bool.hpp</includes>
    <includes local="no">competitor_interfaces/msg/floor_robot_task.hpp</includes>
    <includes local="no">competitor_interfaces/msg/completed_order.hpp</includes>
    <includes local="no">geometry_msgs/msg/pose.hpp</includes>
    <incdepgraph>
      <node id="31">
        <label>competitor_interfaces/msg/floor_robot_task.hpp</label>
      </node>
      <node id="29">
        <label>ariac_msgs/srv/perform_quality_check.hpp</label>
      </node>
      <node id="32">
        <label>competitor_interfaces/msg/completed_order.hpp</label>
      </node>
      <node id="12">
        <label>geometric_shapes/shapes.h</label>
      </node>
      <node id="33">
        <label>geometry_msgs/msg/pose.hpp</label>
      </node>
      <node id="4">
        <label>rclcpp_action/rclcpp_action.hpp</label>
      </node>
      <node id="6">
        <label>cmath</label>
      </node>
      <node id="18">
        <label>kdl/frames.hpp</label>
      </node>
      <node id="8">
        <label>moveit/move_group_interface/move_group_interface.h</label>
      </node>
      <node id="25">
        <label>ariac_msgs/msg/vacuum_gripper_state.hpp</label>
      </node>
      <node id="27">
        <label>ariac_msgs/srv/change_gripper.hpp</label>
      </node>
      <node id="24">
        <label>ariac_msgs/msg/kit_tray_pose.hpp</label>
      </node>
      <node id="3">
        <label>rclcpp/rclcpp.hpp</label>
      </node>
      <node id="28">
        <label>ariac_msgs/srv/vacuum_gripper_control.hpp</label>
      </node>
      <node id="21">
        <label>ariac_msgs/msg/advanced_logical_camera_image.hpp</label>
      </node>
      <node id="15">
        <label>tf2/exceptions.h</label>
      </node>
      <node id="30">
        <label>std_msgs/msg/bool.hpp</label>
      </node>
      <node id="14">
        <label>shape_msgs/msg/mesh.h</label>
      </node>
      <node id="7">
        <label>ament_index_cpp/get_package_share_directory.hpp</label>
      </node>
      <node id="19">
        <label>tf2_kdl/tf2_kdl.h</label>
      </node>
      <node id="5">
        <label>unistd.h</label>
      </node>
      <node id="1">
        <label>/home/shubh/ariac_ws/src/group5/group5_rwa_3/include/group5_rwa_3/floor_robot_quality.hpp</label>
        <link refid="floor__robot__quality_8hpp"/>
        <childnode refid="2" relation="include">
        </childnode>
        <childnode refid="3" relation="include">
        </childnode>
        <childnode refid="4" relation="include">
        </childnode>
        <childnode refid="5" relation="include">
        </childnode>
        <childnode refid="6" relation="include">
        </childnode>
        <childnode refid="7" relation="include">
        </childnode>
        <childnode refid="8" relation="include">
        </childnode>
        <childnode refid="9" relation="include">
        </childnode>
        <childnode refid="10" relation="include">
        </childnode>
        <childnode refid="11" relation="include">
        </childnode>
        <childnode refid="12" relation="include">
        </childnode>
        <childnode refid="13" relation="include">
        </childnode>
        <childnode refid="14" relation="include">
        </childnode>
        <childnode refid="15" relation="include">
        </childnode>
        <childnode refid="16" relation="include">
        </childnode>
        <childnode refid="17" relation="include">
        </childnode>
        <childnode refid="18" relation="include">
        </childnode>
        <childnode refid="19" relation="include">
        </childnode>
        <childnode refid="20" relation="include">
        </childnode>
        <childnode refid="21" relation="include">
        </childnode>
        <childnode refid="22" relation="include">
        </childnode>
        <childnode refid="23" relation="include">
        </childnode>
        <childnode refid="24" relation="include">
        </childnode>
        <childnode refid="25" relation="include">
        </childnode>
        <childnode refid="26" relation="include">
        </childnode>
        <childnode refid="27" relation="include">
        </childnode>
        <childnode refid="28" relation="include">
        </childnode>
        <childnode refid="29" relation="include">
        </childnode>
        <childnode refid="30" relation="include">
        </childnode>
        <childnode refid="31" relation="include">
        </childnode>
        <childnode refid="32" relation="include">
        </childnode>
        <childnode refid="33" relation="include">
        </childnode>
      </node>
      <node id="20">
        <label>ariac_msgs/msg/order.hpp</label>
      </node>
      <node id="23">
        <label>ariac_msgs/msg/kitting_task.hpp</label>
      </node>
      <node id="26">
        <label>ariac_msgs/msg/competition_state.hpp</label>
      </node>
      <node id="2">
        <label>rclcpp/qos.hpp</label>
      </node>
      <node id="22">
        <label>ariac_msgs/msg/break_beam_status.hpp</label>
      </node>
      <node id="13">
        <label>geometric_shapes/shape_operations.h</label>
      </node>
      <node id="16">
        <label>tf2_ros/transform_listener.h</label>
      </node>
      <node id="10">
        <label>moveit/trajectory_processing/time_optimal_trajectory_generation.h</label>
      </node>
      <node id="17">
        <label>tf2_ros/buffer.h</label>
      </node>
      <node id="11">
        <label>moveit_msgs/msg/collision_object.hpp</label>
      </node>
      <node id="9">
        <label>moveit/planning_scene_interface/planning_scene_interface.h</label>
      </node>
    </incdepgraph>
    <innerclass refid="classFloorRobot" prot="public">FloorRobot</innerclass>
    <briefdescription>
    </briefdescription>
    <detaileddescription>
    </detaileddescription>
    <programlisting>
<codeline lineno="1"><highlight class="preprocessor">#pragma<sp/>once</highlight><highlight class="normal"></highlight></codeline>
<codeline lineno="2"><highlight class="normal"></highlight></codeline>
<codeline lineno="3"><highlight class="normal"></highlight><highlight class="preprocessor">#include<sp/>&lt;rclcpp/qos.hpp&gt;</highlight><highlight class="normal"></highlight></codeline>
<codeline lineno="4"><highlight class="normal"></highlight><highlight class="preprocessor">#include<sp/>&lt;rclcpp/rclcpp.hpp&gt;</highlight><highlight class="normal"></highlight></codeline>
<codeline lineno="5"><highlight class="normal"></highlight><highlight class="preprocessor">#include<sp/>&lt;rclcpp_action/rclcpp_action.hpp&gt;</highlight><highlight class="normal"></highlight></codeline>
<codeline lineno="6"><highlight class="normal"></highlight></codeline>
<codeline lineno="7"><highlight class="normal"></highlight><highlight class="preprocessor">#include<sp/>&lt;unistd.h&gt;</highlight><highlight class="normal"></highlight></codeline>
<codeline lineno="8"><highlight class="normal"></highlight></codeline>
<codeline lineno="9"><highlight class="normal"></highlight><highlight class="preprocessor">#include<sp/>&lt;cmath&gt;</highlight><highlight class="normal"></highlight></codeline>
<codeline lineno="10"><highlight class="normal"></highlight></codeline>
<codeline lineno="11"><highlight class="normal"></highlight><highlight class="preprocessor">#include<sp/>&lt;ament_index_cpp/get_package_share_directory.hpp&gt;</highlight><highlight class="normal"></highlight></codeline>
<codeline lineno="12"><highlight class="normal"></highlight></codeline>
<codeline lineno="13"><highlight class="normal"></highlight><highlight class="preprocessor">#include<sp/>&lt;moveit/move_group_interface/move_group_interface.h&gt;</highlight><highlight class="normal"></highlight></codeline>
<codeline lineno="14"><highlight class="normal"></highlight><highlight class="preprocessor">#include<sp/>&lt;moveit/planning_scene_interface/planning_scene_interface.h&gt;</highlight><highlight class="normal"></highlight></codeline>
<codeline lineno="15"><highlight class="normal"></highlight><highlight class="preprocessor">#include<sp/>&lt;moveit/trajectory_processing/time_optimal_trajectory_generation.h&gt;</highlight><highlight class="normal"></highlight></codeline>
<codeline lineno="16"><highlight class="normal"></highlight><highlight class="preprocessor">#include<sp/>&lt;moveit_msgs/msg/collision_object.hpp&gt;</highlight><highlight class="normal"></highlight></codeline>
<codeline lineno="17"><highlight class="normal"></highlight></codeline>
<codeline lineno="18"><highlight class="normal"></highlight><highlight class="preprocessor">#include<sp/>&lt;geometric_shapes/shapes.h&gt;</highlight><highlight class="normal"></highlight></codeline>
<codeline lineno="19"><highlight class="normal"></highlight><highlight class="preprocessor">#include<sp/>&lt;geometric_shapes/shape_operations.h&gt;</highlight><highlight class="normal"></highlight></codeline>
<codeline lineno="20"><highlight class="normal"></highlight><highlight class="preprocessor">#include<sp/>&lt;shape_msgs/msg/mesh.h&gt;</highlight><highlight class="normal"></highlight></codeline>
<codeline lineno="21"><highlight class="normal"></highlight></codeline>
<codeline lineno="22"><highlight class="normal"></highlight><highlight class="preprocessor">#include<sp/>&quot;tf2/exceptions.h&quot;</highlight><highlight class="normal"></highlight></codeline>
<codeline lineno="23"><highlight class="normal"></highlight><highlight class="preprocessor">#include<sp/>&quot;tf2_ros/transform_listener.h&quot;</highlight><highlight class="normal"></highlight></codeline>
<codeline lineno="24"><highlight class="normal"></highlight><highlight class="preprocessor">#include<sp/>&quot;tf2_ros/buffer.h&quot;</highlight><highlight class="normal"></highlight></codeline>
<codeline lineno="25"><highlight class="normal"></highlight></codeline>
<codeline lineno="26"><highlight class="normal"></highlight><highlight class="preprocessor">#include<sp/>&lt;kdl/frames.hpp&gt;</highlight><highlight class="normal"></highlight></codeline>
<codeline lineno="27"><highlight class="normal"></highlight><highlight class="preprocessor">#include<sp/>&lt;tf2_kdl/tf2_kdl.h&gt;</highlight><highlight class="normal"></highlight></codeline>
<codeline lineno="28"><highlight class="normal"></highlight></codeline>
<codeline lineno="29"><highlight class="normal"></highlight><highlight class="preprocessor">#include<sp/>&lt;ariac_msgs/msg/order.hpp&gt;</highlight><highlight class="normal"></highlight></codeline>
<codeline lineno="30"><highlight class="normal"></highlight><highlight class="preprocessor">#include<sp/>&lt;ariac_msgs/msg/advanced_logical_camera_image.hpp&gt;</highlight><highlight class="normal"></highlight></codeline>
<codeline lineno="31"><highlight class="normal"></highlight><highlight class="preprocessor">#include<sp/>&lt;ariac_msgs/msg/break_beam_status.hpp&gt;</highlight><highlight class="normal"></highlight></codeline>
<codeline lineno="32"><highlight class="normal"></highlight><highlight class="preprocessor">#include<sp/>&lt;ariac_msgs/msg/kitting_task.hpp&gt;</highlight><highlight class="normal"></highlight></codeline>
<codeline lineno="33"><highlight class="normal"></highlight><highlight class="preprocessor">#include<sp/>&lt;ariac_msgs/msg/kit_tray_pose.hpp&gt;</highlight><highlight class="normal"></highlight></codeline>
<codeline lineno="34"><highlight class="normal"></highlight><highlight class="preprocessor">#include<sp/>&lt;ariac_msgs/msg/vacuum_gripper_state.hpp&gt;</highlight><highlight class="normal"></highlight></codeline>
<codeline lineno="35"><highlight class="normal"></highlight><highlight class="preprocessor">#include<sp/>&lt;ariac_msgs/msg/competition_state.hpp&gt;</highlight><highlight class="normal"></highlight></codeline>
<codeline lineno="36"><highlight class="normal"></highlight></codeline>
<codeline lineno="37"><highlight class="normal"></highlight><highlight class="preprocessor">#include<sp/>&lt;ariac_msgs/srv/change_gripper.hpp&gt;</highlight><highlight class="normal"></highlight></codeline>
<codeline lineno="38"><highlight class="normal"></highlight><highlight class="preprocessor">#include<sp/>&lt;ariac_msgs/srv/vacuum_gripper_control.hpp&gt;</highlight><highlight class="normal"></highlight></codeline>
<codeline lineno="39"><highlight class="normal"></highlight><highlight class="preprocessor">#include<sp/>&lt;ariac_msgs/srv/perform_quality_check.hpp&gt;</highlight><highlight class="normal"></highlight></codeline>
<codeline lineno="40"><highlight class="normal"></highlight></codeline>
<codeline lineno="41"><highlight class="normal"></highlight><highlight class="preprocessor">#include<sp/>&lt;std_msgs/msg/bool.hpp&gt;</highlight><highlight class="normal"></highlight></codeline>
<codeline lineno="42"><highlight class="normal"></highlight></codeline>
<codeline lineno="43"><highlight class="normal"></highlight><highlight class="preprocessor">#include<sp/>&lt;competitor_interfaces/msg/floor_robot_task.hpp&gt;</highlight><highlight class="normal"></highlight></codeline>
<codeline lineno="44"><highlight class="normal"></highlight><highlight class="preprocessor">#include<sp/>&lt;competitor_interfaces/msg/completed_order.hpp&gt;</highlight><highlight class="normal"></highlight></codeline>
<codeline lineno="45"><highlight class="normal"></highlight><highlight class="comment">//<sp/>#include<sp/>&lt;competitor_msgs/msg/robots_status.hpp&gt;</highlight><highlight class="normal"></highlight></codeline>
<codeline lineno="46"><highlight class="normal"></highlight></codeline>
<codeline lineno="47"><highlight class="normal"></highlight><highlight class="preprocessor">#include<sp/>&lt;geometry_msgs/msg/pose.hpp&gt;</highlight><highlight class="normal"></highlight></codeline>
<codeline lineno="48"><highlight class="normal"></highlight></codeline>
<codeline lineno="49" refid="classFloorRobot" refkind="compound"><highlight class="normal"></highlight><highlight class="keyword">class<sp/></highlight><highlight class="normal"><ref refid="classFloorRobot" kindref="compound">FloorRobot</ref><sp/>:<sp/></highlight><highlight class="keyword">public</highlight><highlight class="normal"><sp/>rclcpp::Node</highlight></codeline>
<codeline lineno="50"><highlight class="normal">{</highlight></codeline>
<codeline lineno="51"><highlight class="normal"></highlight><highlight class="keyword">public</highlight><highlight class="normal">:</highlight></codeline>
<codeline lineno="53"><highlight class="normal"><sp/><sp/><sp/><sp/><ref refid="classFloorRobot_1a9f59d5385824b89d7fc9a60bbe345283" kindref="member">FloorRobot</ref>();</highlight></codeline>
<codeline lineno="54"><highlight class="normal"></highlight></codeline>
<codeline lineno="55"><highlight class="normal"><sp/><sp/><sp/><sp/>~<ref refid="classFloorRobot" kindref="compound">FloorRobot</ref>();</highlight></codeline>
<codeline lineno="56"><highlight class="normal"></highlight></codeline>
<codeline lineno="57"><highlight class="normal"><sp/><sp/><sp/><sp/></highlight><highlight class="comment">//<sp/>Floor<sp/>Robot<sp/>Public<sp/>Functions</highlight><highlight class="normal"></highlight></codeline>
<codeline lineno="58"><highlight class="normal"><sp/><sp/><sp/><sp/></highlight><highlight class="keywordtype">void</highlight><highlight class="normal"><sp/>FloorRobotSendHome();</highlight></codeline>
<codeline lineno="59"><highlight class="normal"><sp/><sp/><sp/><sp/></highlight><highlight class="keywordtype">bool</highlight><highlight class="normal"><sp/>FloorRobotSetGripperState(</highlight><highlight class="keywordtype">bool</highlight><highlight class="normal"><sp/>enable);</highlight></codeline>
<codeline lineno="60"><highlight class="normal"><sp/><sp/><sp/><sp/></highlight><highlight class="keywordtype">bool</highlight><highlight class="normal"><sp/>FloorRobotChangeGripper(std::string<sp/>station,<sp/>std::string<sp/>gripper_type);</highlight></codeline>
<codeline lineno="61"><highlight class="normal"><sp/><sp/><sp/><sp/></highlight><highlight class="keywordtype">bool</highlight><highlight class="normal"><sp/>FloorRobotPickandPlaceTray(</highlight><highlight class="keywordtype">int</highlight><highlight class="normal"><sp/>tray_id,<sp/></highlight><highlight class="keywordtype">int</highlight><highlight class="normal"><sp/>agv_num);</highlight></codeline>
<codeline lineno="62"><highlight class="normal"><sp/><sp/><sp/><sp/></highlight><highlight class="keywordtype">bool</highlight><highlight class="normal"><sp/>FloorRobotPickBinPart(ariac_msgs::msg::Part<sp/>part_to_pick);</highlight></codeline>
<codeline lineno="63"><highlight class="normal"><sp/><sp/><sp/><sp/></highlight><highlight class="keywordtype">bool</highlight><highlight class="normal"><sp/>FloorRobotPickConveyorPart(ariac_msgs::msg::Part<sp/>part_to_pick);</highlight></codeline>
<codeline lineno="64"><highlight class="normal"><sp/><sp/><sp/><sp/></highlight><highlight class="keywordtype">bool</highlight><highlight class="normal"><sp/>FloorRobotPlacePartOnKitTray(</highlight><highlight class="keywordtype">int</highlight><highlight class="normal"><sp/>agv_num,<sp/></highlight><highlight class="keywordtype">int</highlight><highlight class="normal"><sp/>quadrant);</highlight></codeline>
<codeline lineno="65"><highlight class="normal"></highlight></codeline>
<codeline lineno="66"><highlight class="normal"><sp/><sp/><sp/><sp/></highlight><highlight class="keywordtype">bool</highlight><highlight class="normal"><sp/>KittingPartQualityCheck(ariac_msgs::msg::KittingTask<sp/>task);</highlight></codeline>
<codeline lineno="67"><highlight class="normal"><sp/><sp/><sp/><sp/></highlight><highlight class="keywordtype">bool</highlight><highlight class="normal"><sp/>PrintQualityCheck();</highlight></codeline>
<codeline lineno="68"><highlight class="normal"><sp/><sp/><sp/><sp/></highlight><highlight class="keywordtype">bool</highlight><highlight class="normal"><sp/>FloorRobotPickAGVTrayPart(ariac_msgs::msg::Part<sp/>part_to_pick,<sp/>std::vector&lt;ariac_msgs::msg::PartPose&gt;<sp/>agv_parts,<sp/>geometry_msgs::msg::Pose,<sp/></highlight><highlight class="keywordtype">int</highlight><highlight class="normal"><sp/>agv_num);</highlight></codeline>
<codeline lineno="69"><highlight class="normal"><sp/><sp/><sp/><sp/></highlight><highlight class="keywordtype">bool</highlight><highlight class="normal"><sp/>FloorRobotDisposePart(</highlight><highlight class="keywordtype">int</highlight><highlight class="normal"><sp/>agv_num);</highlight></codeline>
<codeline lineno="70"><highlight class="normal"></highlight></codeline>
<codeline lineno="71"><highlight class="normal"><sp/><sp/><sp/><sp/></highlight><highlight class="keywordtype">bool</highlight><highlight class="normal"><sp/>CompleteOrders();</highlight></codeline>
<codeline lineno="72"><highlight class="normal"><sp/><sp/><sp/><sp/></highlight><highlight class="keywordtype">bool</highlight><highlight class="normal"><sp/>CompleteKittingTask(ariac_msgs::msg::KittingTask<sp/>task);</highlight></codeline>
<codeline lineno="73"><highlight class="normal"><sp/><sp/><sp/><sp/></highlight><highlight class="keywordtype">bool</highlight><highlight class="normal"><sp/>CompleteCombinedTask(ariac_msgs::msg::CombinedTask<sp/>task);</highlight></codeline>
<codeline lineno="74"><highlight class="normal"></highlight></codeline>
<codeline lineno="75"><highlight class="normal"></highlight><highlight class="keyword">private</highlight><highlight class="normal">:</highlight></codeline>
<codeline lineno="76"><highlight class="normal"><sp/><sp/><sp/><sp/></highlight><highlight class="comment">//<sp/>Robot<sp/>Move<sp/>Functions</highlight><highlight class="normal"></highlight></codeline>
<codeline lineno="77"><highlight class="normal"><sp/><sp/><sp/><sp/></highlight><highlight class="keywordtype">bool</highlight><highlight class="normal"><sp/>FloorRobotMovetoTarget();</highlight></codeline>
<codeline lineno="78"><highlight class="normal"><sp/><sp/><sp/><sp/></highlight><highlight class="keywordtype">bool</highlight><highlight class="normal"><sp/>FloorRobotMoveCartesian(std::vector&lt;geometry_msgs::msg::Pose&gt;<sp/>waypoints,<sp/></highlight><highlight class="keywordtype">double</highlight><highlight class="normal"><sp/>vsf,<sp/></highlight><highlight class="keywordtype">double</highlight><highlight class="normal"><sp/>asf);</highlight></codeline>
<codeline lineno="79"><highlight class="normal"><sp/><sp/><sp/><sp/></highlight><highlight class="keywordtype">void</highlight><highlight class="normal"><sp/>FloorRobotWaitForAttach(</highlight><highlight class="keywordtype">double</highlight><highlight class="normal"><sp/>timeout);</highlight></codeline>
<codeline lineno="80"><highlight class="normal"><sp/><sp/><sp/><sp/></highlight><highlight class="keywordtype">void</highlight><highlight class="normal"><sp/>FloorRobotWaitForAttachConveyor(</highlight><highlight class="keywordtype">double</highlight><highlight class="normal"><sp/>timeout);</highlight></codeline>
<codeline lineno="81"><highlight class="normal"></highlight></codeline>
<codeline lineno="82"><highlight class="normal"><sp/><sp/><sp/><sp/>geometry_msgs::msg::Quaternion<sp/>SetRobotOrientation(</highlight><highlight class="keywordtype">double</highlight><highlight class="normal"><sp/>rotation);</highlight></codeline>
<codeline lineno="83"><highlight class="normal"></highlight></codeline>
<codeline lineno="84"><highlight class="normal"><sp/><sp/><sp/><sp/></highlight><highlight class="keywordtype">void</highlight><highlight class="normal"><sp/>LogPose(geometry_msgs::msg::Pose<sp/>p);</highlight></codeline>
<codeline lineno="85"><highlight class="normal"><sp/><sp/><sp/><sp/>geometry_msgs::msg::Pose<sp/>MultiplyPose(geometry_msgs::msg::Pose<sp/>p1,<sp/>geometry_msgs::msg::Pose<sp/>p2);</highlight></codeline>
<codeline lineno="86"><highlight class="normal"><sp/><sp/><sp/><sp/>geometry_msgs::msg::Pose<sp/>BuildPose(</highlight><highlight class="keywordtype">double</highlight><highlight class="normal"><sp/>x,<sp/></highlight><highlight class="keywordtype">double</highlight><highlight class="normal"><sp/>y,<sp/></highlight><highlight class="keywordtype">double</highlight><highlight class="normal"><sp/>z,<sp/>geometry_msgs::msg::Quaternion<sp/>orientation);</highlight></codeline>
<codeline lineno="87"><highlight class="normal"><sp/><sp/><sp/><sp/>geometry_msgs::msg::Pose<sp/>FrameWorldPose(std::string<sp/>frame_id);</highlight></codeline>
<codeline lineno="88"><highlight class="normal"><sp/><sp/><sp/><sp/></highlight><highlight class="keywordtype">double</highlight><highlight class="normal"><sp/>GetYaw(geometry_msgs::msg::Pose<sp/>pose);</highlight></codeline>
<codeline lineno="89"><highlight class="normal"><sp/><sp/><sp/><sp/>geometry_msgs::msg::Quaternion<sp/>QuaternionFromRPY(</highlight><highlight class="keywordtype">double</highlight><highlight class="normal"><sp/>r,<sp/></highlight><highlight class="keywordtype">double</highlight><highlight class="normal"><sp/>p,<sp/></highlight><highlight class="keywordtype">double</highlight><highlight class="normal"><sp/>y);</highlight></codeline>
<codeline lineno="90"><highlight class="normal"></highlight></codeline>
<codeline lineno="91"><highlight class="normal"><sp/><sp/><sp/><sp/></highlight><highlight class="keywordtype">void</highlight><highlight class="normal"><sp/>AddModelToPlanningScene(std::string<sp/>name,<sp/>std::string<sp/>mesh_file,<sp/>geometry_msgs::msg::Pose<sp/>model_pose);</highlight></codeline>
<codeline lineno="92"><highlight class="normal"><sp/><sp/><sp/><sp/></highlight><highlight class="keywordtype">void</highlight><highlight class="normal"><sp/>AddModelsToPlanningScene();</highlight></codeline>
<codeline lineno="93"><highlight class="normal"></highlight></codeline>
<codeline lineno="94"><highlight class="normal"><sp/><sp/><sp/><sp/></highlight><highlight class="comment">//<sp/>MoveIt<sp/>Interfaces</highlight><highlight class="normal"></highlight></codeline>
<codeline lineno="95"><highlight class="normal"><sp/><sp/><sp/><sp/>moveit::planning_interface::MoveGroupInterface<sp/>floor_robot_;</highlight></codeline>
<codeline lineno="96"><highlight class="normal"></highlight></codeline>
<codeline lineno="97"><highlight class="normal"><sp/><sp/><sp/><sp/>moveit::planning_interface::PlanningSceneInterface<sp/>planning_scene_;</highlight></codeline>
<codeline lineno="98"><highlight class="normal"></highlight></codeline>
<codeline lineno="99"><highlight class="normal"><sp/><sp/><sp/><sp/>trajectory_processing::TimeOptimalTrajectoryGeneration<sp/>totg_;</highlight></codeline>
<codeline lineno="100"><highlight class="normal"></highlight></codeline>
<codeline lineno="101"><highlight class="normal"><sp/><sp/><sp/><sp/></highlight><highlight class="comment">//<sp/>TF</highlight><highlight class="normal"></highlight></codeline>
<codeline lineno="102"><highlight class="normal"><sp/><sp/><sp/><sp/>std::unique_ptr&lt;tf2_ros::Buffer&gt;<sp/>tf_buffer<sp/>=<sp/>std::make_unique&lt;tf2_ros::Buffer&gt;(get_clock());</highlight></codeline>
<codeline lineno="103"><highlight class="normal"><sp/><sp/><sp/><sp/>std::shared_ptr&lt;tf2_ros::TransformListener&gt;<sp/>tf_listener<sp/>=<sp/>std::make_shared&lt;tf2_ros::TransformListener&gt;(*tf_buffer);</highlight></codeline>
<codeline lineno="104"><highlight class="normal"></highlight></codeline>
<codeline lineno="105"><highlight class="normal"><sp/><sp/><sp/><sp/></highlight><highlight class="comment">//<sp/>Publishers</highlight></codeline>
<codeline lineno="107" refid="classFloorRobot_1a6b5e005df405da7532c3b159173c9cff" refkind="member"><highlight class="comment"></highlight><highlight class="normal"><sp/><sp/><sp/><sp/>rclcpp::Publisher&lt;competitor_interfaces::msg::CompletedOrder&gt;::SharedPtr<sp/><ref refid="classFloorRobot_1a6b5e005df405da7532c3b159173c9cff" kindref="member">completed_order_pub_</ref>;</highlight></codeline>
<codeline lineno="108"><highlight class="normal"></highlight></codeline>
<codeline lineno="109"><highlight class="normal"><sp/><sp/><sp/><sp/></highlight><highlight class="comment">//<sp/>Subscriptions</highlight><highlight class="normal"></highlight></codeline>
<codeline lineno="110"><highlight class="normal"><sp/><sp/><sp/><sp/>rclcpp::Subscription&lt;ariac_msgs::msg::VacuumGripperState&gt;::SharedPtr<sp/>floor_gripper_state_sub_;</highlight></codeline>
<codeline lineno="111"><highlight class="normal"><sp/><sp/><sp/><sp/>rclcpp::Subscription&lt;ariac_msgs::msg::CompetitionState&gt;::SharedPtr<sp/>competition_state_sub_;</highlight></codeline>
<codeline lineno="112"><highlight class="normal"></highlight></codeline>
<codeline lineno="113"><highlight class="normal"><sp/><sp/><sp/><sp/>rclcpp::Subscription&lt;ariac_msgs::msg::AdvancedLogicalCameraImage&gt;::SharedPtr<sp/>kts1_camera_sub_;</highlight></codeline>
<codeline lineno="114"><highlight class="normal"><sp/><sp/><sp/><sp/>rclcpp::Subscription&lt;ariac_msgs::msg::AdvancedLogicalCameraImage&gt;::SharedPtr<sp/>kts2_camera_sub_;</highlight></codeline>
<codeline lineno="115"><highlight class="normal"><sp/><sp/><sp/><sp/>rclcpp::Subscription&lt;ariac_msgs::msg::AdvancedLogicalCameraImage&gt;::SharedPtr<sp/>left_bins_camera_sub_;</highlight></codeline>
<codeline lineno="116"><highlight class="normal"><sp/><sp/><sp/><sp/>rclcpp::Subscription&lt;ariac_msgs::msg::AdvancedLogicalCameraImage&gt;::SharedPtr<sp/>right_bins_camera_sub_;</highlight></codeline>
<codeline lineno="117"><highlight class="normal"><sp/><sp/><sp/><sp/>rclcpp::Subscription&lt;competitor_interfaces::msg::FloorRobotTask&gt;::SharedPtr<sp/>floor_robot_task_sub_;</highlight></codeline>
<codeline lineno="118"><highlight class="normal"><sp/><sp/><sp/><sp/>rclcpp::Subscription&lt;ariac_msgs::msg::AdvancedLogicalCameraImage&gt;::SharedPtr<sp/>conveyor_camera_sub_;</highlight></codeline>
<codeline lineno="119"><highlight class="normal"><sp/><sp/><sp/><sp/>rclcpp::Subscription&lt;ariac_msgs::msg::BreakBeamStatus&gt;::SharedPtr<sp/>break_beam_sub_;</highlight></codeline>
<codeline lineno="120"><highlight class="normal"></highlight></codeline>
<codeline lineno="121"><highlight class="normal"><sp/><sp/><sp/><sp/>rclcpp::Subscription&lt;ariac_msgs::msg::AdvancedLogicalCameraImage&gt;::SharedPtr<sp/>agv_1_camera_sub;</highlight></codeline>
<codeline lineno="122"><highlight class="normal"><sp/><sp/><sp/><sp/>rclcpp::Subscription&lt;ariac_msgs::msg::AdvancedLogicalCameraImage&gt;::SharedPtr<sp/>agv_2_camera_sub;</highlight></codeline>
<codeline lineno="123"><highlight class="normal"><sp/><sp/><sp/><sp/>rclcpp::Subscription&lt;ariac_msgs::msg::AdvancedLogicalCameraImage&gt;::SharedPtr<sp/>agv_3_camera_sub;</highlight></codeline>
<codeline lineno="124"><highlight class="normal"><sp/><sp/><sp/><sp/>rclcpp::Subscription&lt;ariac_msgs::msg::AdvancedLogicalCameraImage&gt;::SharedPtr<sp/>agv_4_camera_sub;</highlight></codeline>
<codeline lineno="125"><highlight class="normal"></highlight></codeline>
<codeline lineno="126"><highlight class="normal"><sp/><sp/><sp/><sp/></highlight><highlight class="comment">//<sp/>Orders<sp/>List</highlight><highlight class="normal"></highlight></codeline>
<codeline lineno="127"><highlight class="normal"><sp/><sp/><sp/><sp/>competitor_interfaces::msg::FloorRobotTask<sp/>current_order_;</highlight></codeline>
<codeline lineno="128"><highlight class="normal"><sp/><sp/><sp/><sp/>std::vector&lt;competitor_interfaces::msg::FloorRobotTask&gt;<sp/>orders_;</highlight></codeline>
<codeline lineno="129"><highlight class="normal"><sp/><sp/><sp/><sp/></highlight><highlight class="keywordtype">unsigned</highlight><highlight class="normal"><sp/></highlight><highlight class="keywordtype">int</highlight><highlight class="normal"><sp/>competition_state_;</highlight></codeline>
<codeline lineno="130"><highlight class="normal"></highlight></codeline>
<codeline lineno="131"><highlight class="normal"><sp/><sp/><sp/><sp/></highlight><highlight class="comment">//<sp/>Gripper<sp/>State</highlight><highlight class="normal"></highlight></codeline>
<codeline lineno="132"><highlight class="normal"><sp/><sp/><sp/><sp/>ariac_msgs::msg::VacuumGripperState<sp/>floor_gripper_state_;</highlight></codeline>
<codeline lineno="133"><highlight class="normal"><sp/><sp/><sp/><sp/>ariac_msgs::msg::Part<sp/>floor_robot_attached_part_;</highlight></codeline>
<codeline lineno="134"><highlight class="normal"><sp/><sp/><sp/><sp/>ariac_msgs::msg::VacuumGripperState<sp/>ceiling_gripper_state_;</highlight></codeline>
<codeline lineno="135"><highlight class="normal"><sp/><sp/><sp/><sp/>ariac_msgs::msg::Part<sp/>ceiling_robot_attached_part_;</highlight></codeline>
<codeline lineno="136"><highlight class="normal"></highlight></codeline>
<codeline lineno="137"><highlight class="normal"><sp/><sp/><sp/><sp/></highlight><highlight class="comment">//<sp/>Sensor<sp/>poses</highlight><highlight class="normal"></highlight></codeline>
<codeline lineno="138"><highlight class="normal"><sp/><sp/><sp/><sp/>geometry_msgs::msg::Pose<sp/>kts1_camera_pose_;</highlight></codeline>
<codeline lineno="139"><highlight class="normal"><sp/><sp/><sp/><sp/>geometry_msgs::msg::Pose<sp/>kts2_camera_pose_;</highlight></codeline>
<codeline lineno="140"><highlight class="normal"><sp/><sp/><sp/><sp/>geometry_msgs::msg::Pose<sp/>left_bins_camera_pose_;</highlight></codeline>
<codeline lineno="141"><highlight class="normal"><sp/><sp/><sp/><sp/>geometry_msgs::msg::Pose<sp/>right_bins_camera_pose_;</highlight></codeline>
<codeline lineno="142"><highlight class="normal"><sp/><sp/><sp/><sp/>geometry_msgs::msg::Pose<sp/>conveyor_camera_pose_;</highlight></codeline>
<codeline lineno="143"><highlight class="normal"></highlight></codeline>
<codeline lineno="144"><highlight class="normal"><sp/><sp/><sp/><sp/>geometry_msgs::msg::Pose<sp/>agv_1_camera_pose_;</highlight></codeline>
<codeline lineno="145"><highlight class="normal"><sp/><sp/><sp/><sp/>geometry_msgs::msg::Pose<sp/>agv_2_camera_pose_;</highlight></codeline>
<codeline lineno="146"><highlight class="normal"><sp/><sp/><sp/><sp/>geometry_msgs::msg::Pose<sp/>agv_3_camera_pose_;</highlight></codeline>
<codeline lineno="147"><highlight class="normal"><sp/><sp/><sp/><sp/>geometry_msgs::msg::Pose<sp/>agv_4_camera_pose_;</highlight></codeline>
<codeline lineno="148"><highlight class="normal"></highlight></codeline>
<codeline lineno="149"><highlight class="normal"><sp/><sp/><sp/><sp/></highlight><highlight class="comment">//<sp/>Trays</highlight><highlight class="normal"></highlight></codeline>
<codeline lineno="150"><highlight class="normal"><sp/><sp/><sp/><sp/>std::vector&lt;ariac_msgs::msg::KitTrayPose&gt;<sp/>kts1_trays_;</highlight></codeline>
<codeline lineno="151"><highlight class="normal"><sp/><sp/><sp/><sp/>std::vector&lt;ariac_msgs::msg::KitTrayPose&gt;<sp/>kts2_trays_;</highlight></codeline>
<codeline lineno="152"><highlight class="normal"></highlight></codeline>
<codeline lineno="153"><highlight class="normal"><sp/><sp/><sp/><sp/></highlight><highlight class="comment">//<sp/>Bins</highlight><highlight class="normal"></highlight></codeline>
<codeline lineno="154"><highlight class="normal"><sp/><sp/><sp/><sp/>std::vector&lt;ariac_msgs::msg::PartPose&gt;<sp/>left_bins_parts_;</highlight></codeline>
<codeline lineno="155"><highlight class="normal"><sp/><sp/><sp/><sp/>std::vector&lt;ariac_msgs::msg::PartPose&gt;<sp/>right_bins_parts_;</highlight></codeline>
<codeline lineno="156"><highlight class="normal"></highlight></codeline>
<codeline lineno="157"><highlight class="normal"><sp/><sp/><sp/><sp/></highlight><highlight class="comment">//<sp/>Conveyers</highlight><highlight class="normal"></highlight></codeline>
<codeline lineno="158"><highlight class="normal"><sp/><sp/><sp/><sp/>std::vector&lt;ariac_msgs::msg::PartPose&gt;<sp/>conveyor_camera_parts_;</highlight></codeline>
<codeline lineno="159"><highlight class="normal"><sp/><sp/><sp/><sp/>ariac_msgs::msg::PartPose<sp/>current_conveyor_part;</highlight></codeline>
<codeline lineno="160"><highlight class="normal"></highlight></codeline>
<codeline lineno="161"><highlight class="normal"><sp/><sp/><sp/><sp/></highlight><highlight class="comment">//<sp/>AGVs</highlight><highlight class="normal"></highlight></codeline>
<codeline lineno="162"><highlight class="normal"><sp/><sp/><sp/><sp/>std::vector&lt;ariac_msgs::msg::PartPose&gt;<sp/>agv_1_parts_;</highlight></codeline>
<codeline lineno="163"><highlight class="normal"><sp/><sp/><sp/><sp/>std::vector&lt;ariac_msgs::msg::PartPose&gt;<sp/>agv_2_parts_;</highlight></codeline>
<codeline lineno="164"><highlight class="normal"><sp/><sp/><sp/><sp/>std::vector&lt;ariac_msgs::msg::PartPose&gt;<sp/>agv_3_parts_;</highlight></codeline>
<codeline lineno="165"><highlight class="normal"><sp/><sp/><sp/><sp/>std::vector&lt;ariac_msgs::msg::PartPose&gt;<sp/>agv_4_parts_;</highlight></codeline>
<codeline lineno="166"><highlight class="normal"></highlight></codeline>
<codeline lineno="167"><highlight class="normal"><sp/><sp/><sp/><sp/></highlight><highlight class="comment">//<sp/>Callback<sp/>Groups</highlight><highlight class="normal"></highlight></codeline>
<codeline lineno="168"><highlight class="normal"><sp/><sp/><sp/><sp/>rclcpp::CallbackGroup::SharedPtr<sp/>topic_cb_group_;</highlight></codeline>
<codeline lineno="169"><highlight class="normal"></highlight></codeline>
<codeline lineno="170"><highlight class="normal"><sp/><sp/><sp/><sp/></highlight><highlight class="comment">//<sp/>Sensor<sp/>Callbacks</highlight><highlight class="normal"></highlight></codeline>
<codeline lineno="171"><highlight class="normal"><sp/><sp/><sp/><sp/></highlight><highlight class="keywordtype">bool</highlight><highlight class="normal"><sp/>kts1_camera_received_data<sp/>=<sp/></highlight><highlight class="keyword">false</highlight><highlight class="normal">;</highlight></codeline>
<codeline lineno="172"><highlight class="normal"><sp/><sp/><sp/><sp/></highlight><highlight class="keywordtype">bool</highlight><highlight class="normal"><sp/>kts2_camera_received_data<sp/>=<sp/></highlight><highlight class="keyword">false</highlight><highlight class="normal">;</highlight></codeline>
<codeline lineno="173"><highlight class="normal"><sp/><sp/><sp/><sp/></highlight><highlight class="keywordtype">bool</highlight><highlight class="normal"><sp/>left_bins_camera_received_data<sp/>=<sp/></highlight><highlight class="keyword">false</highlight><highlight class="normal">;</highlight></codeline>
<codeline lineno="174"><highlight class="normal"><sp/><sp/><sp/><sp/></highlight><highlight class="keywordtype">bool</highlight><highlight class="normal"><sp/>right_bins_camera_received_data<sp/>=<sp/></highlight><highlight class="keyword">false</highlight><highlight class="normal">;</highlight></codeline>
<codeline lineno="175"><highlight class="normal"><sp/><sp/><sp/><sp/></highlight><highlight class="keywordtype">bool</highlight><highlight class="normal"><sp/>floor_robot_task_received_data_<sp/>=<sp/></highlight><highlight class="keyword">false</highlight><highlight class="normal">;</highlight></codeline>
<codeline lineno="176"><highlight class="normal"><sp/><sp/><sp/><sp/></highlight><highlight class="keywordtype">bool</highlight><highlight class="normal"><sp/>conveyor_camera_received_data_<sp/>=<sp/></highlight><highlight class="keyword">false</highlight><highlight class="normal">;</highlight></codeline>
<codeline lineno="177"><highlight class="normal"><sp/><sp/><sp/><sp/></highlight><highlight class="keywordtype">bool</highlight><highlight class="normal"><sp/>agv_1_camera_received_data<sp/>=<sp/></highlight><highlight class="keyword">false</highlight><highlight class="normal">;</highlight></codeline>
<codeline lineno="178"><highlight class="normal"><sp/><sp/><sp/><sp/></highlight><highlight class="keywordtype">bool</highlight><highlight class="normal"><sp/>agv_2_camera_received_data<sp/>=<sp/></highlight><highlight class="keyword">false</highlight><highlight class="normal">;</highlight></codeline>
<codeline lineno="179"><highlight class="normal"><sp/><sp/><sp/><sp/></highlight><highlight class="keywordtype">bool</highlight><highlight class="normal"><sp/>agv_3_camera_received_data<sp/>=<sp/></highlight><highlight class="keyword">false</highlight><highlight class="normal">;</highlight></codeline>
<codeline lineno="180"><highlight class="normal"><sp/><sp/><sp/><sp/></highlight><highlight class="keywordtype">bool</highlight><highlight class="normal"><sp/>agv_4_camera_received_data<sp/>=<sp/></highlight><highlight class="keyword">false</highlight><highlight class="normal">;</highlight></codeline>
<codeline lineno="181"><highlight class="normal"></highlight></codeline>
<codeline lineno="182"><highlight class="normal"><sp/><sp/><sp/><sp/></highlight><highlight class="comment">//<sp/>check<sp/>if<sp/>conveyor<sp/>is<sp/>detecting<sp/>parts</highlight><highlight class="normal"></highlight></codeline>
<codeline lineno="183"><highlight class="normal"><sp/><sp/><sp/><sp/></highlight><highlight class="keywordtype">bool</highlight><highlight class="normal"><sp/>conveyor_part_detected<sp/>=<sp/></highlight><highlight class="keyword">false</highlight><highlight class="normal">;</highlight></codeline>
<codeline lineno="184"><highlight class="normal"></highlight></codeline>
<codeline lineno="185"><highlight class="normal"><sp/><sp/><sp/><sp/></highlight><highlight class="comment">//<sp/>check<sp/>if<sp/>break<sp/>beam<sp/>is<sp/>detected</highlight><highlight class="normal"></highlight></codeline>
<codeline lineno="186"><highlight class="normal"><sp/><sp/><sp/><sp/></highlight><highlight class="keywordtype">bool</highlight><highlight class="normal"><sp/>break_beam_detected<sp/>=<sp/></highlight><highlight class="keyword">false</highlight><highlight class="normal">;</highlight></codeline>
<codeline lineno="187"><highlight class="normal"></highlight></codeline>
<codeline lineno="188"><highlight class="normal"><sp/><sp/><sp/><sp/></highlight><highlight class="keywordtype">void</highlight><highlight class="normal"><sp/>kts1_camera_cb(</highlight><highlight class="keyword">const</highlight><highlight class="normal"><sp/>ariac_msgs::msg::AdvancedLogicalCameraImage::ConstSharedPtr<sp/>msg);</highlight></codeline>
<codeline lineno="189"><highlight class="normal"><sp/><sp/><sp/><sp/></highlight><highlight class="keywordtype">void</highlight><highlight class="normal"><sp/>kts2_camera_cb(</highlight><highlight class="keyword">const</highlight><highlight class="normal"><sp/>ariac_msgs::msg::AdvancedLogicalCameraImage::ConstSharedPtr<sp/>msg);</highlight></codeline>
<codeline lineno="190"><highlight class="normal"><sp/><sp/><sp/><sp/></highlight><highlight class="keywordtype">void</highlight><highlight class="normal"><sp/>left_bins_camera_cb(</highlight><highlight class="keyword">const</highlight><highlight class="normal"><sp/>ariac_msgs::msg::AdvancedLogicalCameraImage::ConstSharedPtr<sp/>msg);</highlight></codeline>
<codeline lineno="191"><highlight class="normal"><sp/><sp/><sp/><sp/></highlight><highlight class="keywordtype">void</highlight><highlight class="normal"><sp/>right_bins_camera_cb(</highlight><highlight class="keyword">const</highlight><highlight class="normal"><sp/>ariac_msgs::msg::AdvancedLogicalCameraImage::ConstSharedPtr<sp/>msg);</highlight></codeline>
<codeline lineno="192"><highlight class="normal"><sp/><sp/><sp/><sp/></highlight><highlight class="keywordtype">void</highlight><highlight class="normal"><sp/>conveyor_camera_cb(</highlight><highlight class="keyword">const</highlight><highlight class="normal"><sp/>ariac_msgs::msg::AdvancedLogicalCameraImage::ConstSharedPtr<sp/>msg);</highlight></codeline>
<codeline lineno="193"><highlight class="normal"><sp/><sp/><sp/><sp/></highlight><highlight class="keywordtype">void</highlight><highlight class="normal"><sp/>break_beam_cb(</highlight><highlight class="keyword">const</highlight><highlight class="normal"><sp/>ariac_msgs::msg::BreakBeamStatus::ConstSharedPtr<sp/>msg);</highlight></codeline>
<codeline lineno="194"><highlight class="normal"><sp/><sp/><sp/><sp/></highlight></codeline>
<codeline lineno="195"><highlight class="normal"><sp/><sp/><sp/><sp/></highlight><highlight class="keywordtype">void</highlight><highlight class="normal"><sp/>agv_1_camera_cb(</highlight><highlight class="keyword">const</highlight><highlight class="normal"><sp/>ariac_msgs::msg::AdvancedLogicalCameraImage::ConstSharedPtr<sp/>msg);</highlight></codeline>
<codeline lineno="196"><highlight class="normal"><sp/><sp/><sp/><sp/></highlight><highlight class="keywordtype">void</highlight><highlight class="normal"><sp/>agv_2_camera_cb(</highlight><highlight class="keyword">const</highlight><highlight class="normal"><sp/>ariac_msgs::msg::AdvancedLogicalCameraImage::ConstSharedPtr<sp/>msg);</highlight></codeline>
<codeline lineno="197"><highlight class="normal"><sp/><sp/><sp/><sp/></highlight><highlight class="keywordtype">void</highlight><highlight class="normal"><sp/>agv_3_camera_cb(</highlight><highlight class="keyword">const</highlight><highlight class="normal"><sp/>ariac_msgs::msg::AdvancedLogicalCameraImage::ConstSharedPtr<sp/>msg);</highlight></codeline>
<codeline lineno="198"><highlight class="normal"><sp/><sp/><sp/><sp/></highlight><highlight class="keywordtype">void</highlight><highlight class="normal"><sp/>agv_4_camera_cb(</highlight><highlight class="keyword">const</highlight><highlight class="normal"><sp/>ariac_msgs::msg::AdvancedLogicalCameraImage::ConstSharedPtr<sp/>msg);</highlight></codeline>
<codeline lineno="199"><highlight class="normal"></highlight></codeline>
<codeline lineno="200"><highlight class="normal"><sp/><sp/><sp/><sp/></highlight><highlight class="comment">//<sp/>Competition<sp/>state<sp/>callback</highlight><highlight class="normal"></highlight></codeline>
<codeline lineno="201"><highlight class="normal"><sp/><sp/><sp/><sp/></highlight><highlight class="keywordtype">void</highlight><highlight class="normal"><sp/>competition_state_cb(</highlight><highlight class="keyword">const</highlight><highlight class="normal"><sp/>ariac_msgs::msg::CompetitionState::ConstSharedPtr<sp/>msg);</highlight></codeline>
<codeline lineno="202"><highlight class="normal"><sp/><sp/><sp/><sp/></highlight><highlight class="comment">//<sp/>Gripper<sp/>State<sp/>Callback</highlight><highlight class="normal"></highlight></codeline>
<codeline lineno="203"><highlight class="normal"><sp/><sp/><sp/><sp/></highlight><highlight class="keywordtype">void</highlight><highlight class="normal"><sp/>floor_gripper_state_cb(</highlight><highlight class="keyword">const</highlight><highlight class="normal"><sp/>ariac_msgs::msg::VacuumGripperState::ConstSharedPtr<sp/>msg);</highlight></codeline>
<codeline lineno="204"><highlight class="normal"><sp/><sp/><sp/><sp/></highlight><highlight class="comment">//<sp/>Floor<sp/>Robot<sp/>Task<sp/>Callback</highlight><highlight class="normal"></highlight></codeline>
<codeline lineno="205"><highlight class="normal"><sp/><sp/><sp/><sp/></highlight><highlight class="keywordtype">void</highlight><highlight class="normal"><sp/>floor_robot_task_cb(</highlight><highlight class="keyword">const</highlight><highlight class="normal"><sp/>competitor_interfaces::msg::FloorRobotTask::ConstSharedPtr<sp/>msg);</highlight></codeline>
<codeline lineno="206"><highlight class="normal"></highlight></codeline>
<codeline lineno="207"><highlight class="normal"><sp/><sp/><sp/><sp/></highlight><highlight class="comment">//<sp/>ARIAC<sp/>Services</highlight><highlight class="normal"></highlight></codeline>
<codeline lineno="208"><highlight class="normal"><sp/><sp/><sp/><sp/>rclcpp::Client&lt;ariac_msgs::srv::PerformQualityCheck&gt;::SharedPtr<sp/>quality_checker_;</highlight></codeline>
<codeline lineno="209"><highlight class="normal"><sp/><sp/><sp/><sp/>rclcpp::Client&lt;ariac_msgs::srv::ChangeGripper&gt;::SharedPtr<sp/>floor_robot_tool_changer_;</highlight></codeline>
<codeline lineno="210"><highlight class="normal"><sp/><sp/><sp/><sp/>rclcpp::Client&lt;ariac_msgs::srv::VacuumGripperControl&gt;::SharedPtr<sp/>floor_robot_gripper_enable_;</highlight></codeline>
<codeline lineno="211"><highlight class="normal"></highlight></codeline>
<codeline lineno="212"><highlight class="normal"><sp/><sp/><sp/><sp/></highlight><highlight class="comment">//<sp/>Constants</highlight><highlight class="normal"></highlight></codeline>
<codeline lineno="213"><highlight class="normal"><sp/><sp/><sp/><sp/></highlight><highlight class="keywordtype">double</highlight><highlight class="normal"><sp/>kit_tray_thickness_<sp/>=<sp/>0.01;</highlight></codeline>
<codeline lineno="214"><highlight class="normal"><sp/><sp/><sp/><sp/></highlight><highlight class="comment">//<sp/>double<sp/>drop_height_<sp/>=<sp/>0.002;<sp/>//<sp/>original</highlight><highlight class="normal"></highlight></codeline>
<codeline lineno="215"><highlight class="normal"><sp/><sp/><sp/><sp/></highlight><highlight class="keywordtype">double</highlight><highlight class="normal"><sp/>drop_height_<sp/>=<sp/>0.01;</highlight></codeline>
<codeline lineno="216"><highlight class="normal"><sp/><sp/><sp/><sp/></highlight><highlight class="keywordtype">double</highlight><highlight class="normal"><sp/>pick_offset_<sp/>=<sp/>0.003;</highlight></codeline>
<codeline lineno="217"><highlight class="normal"><sp/><sp/><sp/><sp/></highlight><highlight class="keywordtype">double</highlight><highlight class="normal"><sp/>battery_grip_offset_<sp/>=<sp/>-0.05;</highlight></codeline>
<codeline lineno="218"><highlight class="normal"><sp/><sp/><sp/><sp/></highlight></codeline>
<codeline lineno="219"><highlight class="normal"><sp/><sp/><sp/><sp/>std::map&lt;int,<sp/>std::string&gt;<sp/>part_types_<sp/>=<sp/>{</highlight></codeline>
<codeline lineno="220"><highlight class="normal"><sp/><sp/><sp/><sp/><sp/><sp/><sp/><sp/>{ariac_msgs::msg::Part::BATTERY,<sp/></highlight><highlight class="stringliteral">&quot;battery&quot;</highlight><highlight class="normal">},</highlight></codeline>
<codeline lineno="221"><highlight class="normal"><sp/><sp/><sp/><sp/><sp/><sp/><sp/><sp/>{ariac_msgs::msg::Part::PUMP,<sp/></highlight><highlight class="stringliteral">&quot;pump&quot;</highlight><highlight class="normal">},</highlight></codeline>
<codeline lineno="222"><highlight class="normal"><sp/><sp/><sp/><sp/><sp/><sp/><sp/><sp/>{ariac_msgs::msg::Part::REGULATOR,<sp/></highlight><highlight class="stringliteral">&quot;regulator&quot;</highlight><highlight class="normal">},</highlight></codeline>
<codeline lineno="223"><highlight class="normal"><sp/><sp/><sp/><sp/><sp/><sp/><sp/><sp/>{ariac_msgs::msg::Part::SENSOR,<sp/></highlight><highlight class="stringliteral">&quot;sensor&quot;</highlight><highlight class="normal">}};</highlight></codeline>
<codeline lineno="224"><highlight class="normal"></highlight></codeline>
<codeline lineno="225"><highlight class="normal"><sp/><sp/><sp/><sp/>std::map&lt;int,<sp/>std::string&gt;<sp/>part_colors_<sp/>=<sp/>{</highlight></codeline>
<codeline lineno="226"><highlight class="normal"><sp/><sp/><sp/><sp/><sp/><sp/><sp/><sp/>{ariac_msgs::msg::Part::RED,<sp/></highlight><highlight class="stringliteral">&quot;red&quot;</highlight><highlight class="normal">},</highlight></codeline>
<codeline lineno="227"><highlight class="normal"><sp/><sp/><sp/><sp/><sp/><sp/><sp/><sp/>{ariac_msgs::msg::Part::BLUE,<sp/></highlight><highlight class="stringliteral">&quot;blue&quot;</highlight><highlight class="normal">},</highlight></codeline>
<codeline lineno="228"><highlight class="normal"><sp/><sp/><sp/><sp/><sp/><sp/><sp/><sp/>{ariac_msgs::msg::Part::GREEN,<sp/></highlight><highlight class="stringliteral">&quot;green&quot;</highlight><highlight class="normal">},</highlight></codeline>
<codeline lineno="229"><highlight class="normal"><sp/><sp/><sp/><sp/><sp/><sp/><sp/><sp/>{ariac_msgs::msg::Part::ORANGE,<sp/></highlight><highlight class="stringliteral">&quot;orange&quot;</highlight><highlight class="normal">},</highlight></codeline>
<codeline lineno="230"><highlight class="normal"><sp/><sp/><sp/><sp/><sp/><sp/><sp/><sp/>{ariac_msgs::msg::Part::PURPLE,<sp/></highlight><highlight class="stringliteral">&quot;purple&quot;</highlight><highlight class="normal">},</highlight></codeline>
<codeline lineno="231"><highlight class="normal"><sp/><sp/><sp/><sp/>};</highlight></codeline>
<codeline lineno="232"><highlight class="normal"></highlight></codeline>
<codeline lineno="233"><highlight class="normal"></highlight></codeline>
<codeline lineno="234"><highlight class="normal"></highlight></codeline>
<codeline lineno="235"><highlight class="normal"></highlight></codeline>
<codeline lineno="236"><highlight class="normal"><sp/><sp/><sp/><sp/></highlight><highlight class="comment">//<sp/>//<sp/>Map<sp/>AGV<sp/>#<sp/>to<sp/>AGV<sp/>Camera<sp/>Pose</highlight><highlight class="normal"></highlight></codeline>
<codeline lineno="237"><highlight class="normal"><sp/><sp/><sp/><sp/></highlight><highlight class="comment">//<sp/>std::map&lt;int,<sp/>geometry_msgs::msg::Pose&gt;<sp/>agv_num_camera_poses_<sp/>=<sp/></highlight><highlight class="normal"></highlight></codeline>
<codeline lineno="238"><highlight class="normal"><sp/><sp/><sp/><sp/></highlight><highlight class="comment">//<sp/>{</highlight><highlight class="normal"></highlight></codeline>
<codeline lineno="239"><highlight class="normal"><sp/><sp/><sp/><sp/></highlight><highlight class="comment">//<sp/><sp/><sp/><sp/><sp/>{1,<sp/>agv_1_camera_pose_},</highlight><highlight class="normal"></highlight></codeline>
<codeline lineno="240"><highlight class="normal"><sp/><sp/><sp/><sp/></highlight><highlight class="comment">//<sp/><sp/><sp/><sp/><sp/>{2,<sp/>agv_2_camera_pose_},</highlight><highlight class="normal"></highlight></codeline>
<codeline lineno="241"><highlight class="normal"><sp/><sp/><sp/><sp/></highlight><highlight class="comment">//<sp/><sp/><sp/><sp/><sp/>{3,<sp/>agv_3_camera_pose_},</highlight><highlight class="normal"></highlight></codeline>
<codeline lineno="242"><highlight class="normal"><sp/><sp/><sp/><sp/></highlight><highlight class="comment">//<sp/><sp/><sp/><sp/><sp/>{4,<sp/>agv_4_camera_pose_}</highlight><highlight class="normal"></highlight></codeline>
<codeline lineno="243"><highlight class="normal"><sp/><sp/><sp/><sp/></highlight><highlight class="comment">//<sp/>};</highlight><highlight class="normal"></highlight></codeline>
<codeline lineno="244"><highlight class="normal"></highlight></codeline>
<codeline lineno="245"><highlight class="normal"><sp/><sp/><sp/><sp/></highlight><highlight class="comment">//<sp/>//<sp/>Map<sp/>AGV<sp/>#<sp/>to<sp/>AGV<sp/>Parts</highlight><highlight class="normal"></highlight></codeline>
<codeline lineno="246"><highlight class="normal"><sp/><sp/><sp/><sp/></highlight><highlight class="comment">//<sp/>std::map&lt;int,<sp/>std::vector&lt;ariac_msgs::msg::PartPose&gt;<sp/>&gt;<sp/>agv_num_camera_parts_<sp/>=<sp/></highlight><highlight class="normal"></highlight></codeline>
<codeline lineno="247"><highlight class="normal"><sp/><sp/><sp/><sp/></highlight><highlight class="comment">//<sp/>{</highlight><highlight class="normal"></highlight></codeline>
<codeline lineno="248"><highlight class="normal"><sp/><sp/><sp/><sp/></highlight><highlight class="comment">//<sp/><sp/><sp/><sp/><sp/>{1,<sp/>agv_1_parts_},</highlight><highlight class="normal"></highlight></codeline>
<codeline lineno="249"><highlight class="normal"><sp/><sp/><sp/><sp/></highlight><highlight class="comment">//<sp/><sp/><sp/><sp/><sp/>{2,<sp/>agv_2_parts_},</highlight><highlight class="normal"></highlight></codeline>
<codeline lineno="250"><highlight class="normal"><sp/><sp/><sp/><sp/></highlight><highlight class="comment">//<sp/><sp/><sp/><sp/><sp/>{3,<sp/>agv_3_parts_},</highlight><highlight class="normal"></highlight></codeline>
<codeline lineno="251"><highlight class="normal"><sp/><sp/><sp/><sp/></highlight><highlight class="comment">//<sp/><sp/><sp/><sp/><sp/>{4,<sp/>agv_4_parts_}</highlight><highlight class="normal"></highlight></codeline>
<codeline lineno="252"><highlight class="normal"><sp/><sp/><sp/><sp/></highlight><highlight class="comment">//<sp/>};</highlight><highlight class="normal"></highlight></codeline>
<codeline lineno="253"><highlight class="normal"></highlight></codeline>
<codeline lineno="254"><highlight class="normal"><sp/><sp/><sp/><sp/></highlight><highlight class="comment">//<sp/>Part<sp/>heights</highlight><highlight class="normal"></highlight></codeline>
<codeline lineno="255"><highlight class="normal"><sp/><sp/><sp/><sp/>std::map&lt;int,<sp/>double&gt;<sp/>part_heights_<sp/>=<sp/>{</highlight></codeline>
<codeline lineno="256"><highlight class="normal"><sp/><sp/><sp/><sp/><sp/><sp/><sp/><sp/>{ariac_msgs::msg::Part::BATTERY,<sp/>0.04},</highlight></codeline>
<codeline lineno="257"><highlight class="normal"><sp/><sp/><sp/><sp/><sp/><sp/><sp/><sp/>{ariac_msgs::msg::Part::PUMP,<sp/>0.12},</highlight></codeline>
<codeline lineno="258"><highlight class="normal"><sp/><sp/><sp/><sp/><sp/><sp/><sp/><sp/>{ariac_msgs::msg::Part::REGULATOR,<sp/>0.07},</highlight></codeline>
<codeline lineno="259"><highlight class="normal"><sp/><sp/><sp/><sp/><sp/><sp/><sp/><sp/>{ariac_msgs::msg::Part::SENSOR,<sp/>0.07}};</highlight></codeline>
<codeline lineno="260"><highlight class="normal"></highlight></codeline>
<codeline lineno="261"><highlight class="normal"><sp/><sp/><sp/><sp/></highlight><highlight class="comment">//<sp/>Part<sp/>types<sp/>to<sp/>bin</highlight><highlight class="normal"></highlight></codeline>
<codeline lineno="262"><highlight class="normal"><sp/><sp/><sp/><sp/>std::map&lt;int,<sp/>std::string&gt;<sp/>part_types_bin_<sp/>=<sp/>{</highlight></codeline>
<codeline lineno="263"><highlight class="normal"><sp/><sp/><sp/><sp/><sp/><sp/><sp/><sp/>{ariac_msgs::msg::Part::BATTERY,<sp/></highlight><highlight class="stringliteral">&quot;bin2&quot;</highlight><highlight class="normal">},</highlight></codeline>
<codeline lineno="264"><highlight class="normal"><sp/><sp/><sp/><sp/><sp/><sp/><sp/><sp/>{ariac_msgs::msg::Part::PUMP,<sp/></highlight><highlight class="stringliteral">&quot;bin5&quot;</highlight><highlight class="normal">},</highlight></codeline>
<codeline lineno="265"><highlight class="normal"><sp/><sp/><sp/><sp/><sp/><sp/><sp/><sp/>{ariac_msgs::msg::Part::REGULATOR,<sp/></highlight><highlight class="stringliteral">&quot;bin6&quot;</highlight><highlight class="normal">},</highlight></codeline>
<codeline lineno="266"><highlight class="normal"><sp/><sp/><sp/><sp/><sp/><sp/><sp/><sp/>{ariac_msgs::msg::Part::SENSOR,<sp/></highlight><highlight class="stringliteral">&quot;bin1&quot;</highlight><highlight class="normal">}};</highlight></codeline>
<codeline lineno="267"><highlight class="normal"></highlight></codeline>
<codeline lineno="268"><highlight class="normal"><sp/><sp/><sp/><sp/></highlight><highlight class="comment">//<sp/>conveyor<sp/>offset</highlight><highlight class="normal"></highlight></codeline>
<codeline lineno="269"><highlight class="normal"><sp/><sp/><sp/><sp/>std::map&lt;int,<sp/>double&gt;<sp/>conveyer_pick_offset<sp/>=<sp/>{</highlight></codeline>
<codeline lineno="270"><highlight class="normal"><sp/><sp/><sp/><sp/><sp/><sp/><sp/><sp/>{ariac_msgs::msg::Part::PUMP,<sp/>0.05},</highlight></codeline>
<codeline lineno="271"><highlight class="normal"><sp/><sp/><sp/><sp/><sp/><sp/><sp/><sp/>{ariac_msgs::msg::Part::REGULATOR,<sp/>0.01}</highlight></codeline>
<codeline lineno="272"><highlight class="normal"><sp/><sp/><sp/><sp/>};</highlight></codeline>
<codeline lineno="273"><highlight class="normal"></highlight></codeline>
<codeline lineno="274"><highlight class="normal"></highlight></codeline>
<codeline lineno="275"><highlight class="normal"><sp/><sp/><sp/><sp/></highlight><highlight class="comment">//<sp/>Quadrant<sp/>Offsets</highlight><highlight class="normal"></highlight></codeline>
<codeline lineno="276"><highlight class="normal"><sp/><sp/><sp/><sp/>std::map&lt;int,<sp/>std::pair&lt;double,<sp/>double&gt;&gt;<sp/>quad_offsets_<sp/>=<sp/>{</highlight></codeline>
<codeline lineno="277"><highlight class="normal"><sp/><sp/><sp/><sp/><sp/><sp/><sp/><sp/>{ariac_msgs::msg::KittingPart::QUADRANT1,<sp/>std::pair&lt;double,<sp/>double&gt;(-0.08,<sp/>0.12)},</highlight></codeline>
<codeline lineno="278"><highlight class="normal"><sp/><sp/><sp/><sp/><sp/><sp/><sp/><sp/>{ariac_msgs::msg::KittingPart::QUADRANT2,<sp/>std::pair&lt;double,<sp/>double&gt;(0.08,<sp/>0.12)},</highlight></codeline>
<codeline lineno="279"><highlight class="normal"><sp/><sp/><sp/><sp/><sp/><sp/><sp/><sp/>{ariac_msgs::msg::KittingPart::QUADRANT3,<sp/>std::pair&lt;double,<sp/>double&gt;(-0.08,<sp/>-0.12)},</highlight></codeline>
<codeline lineno="280"><highlight class="normal"><sp/><sp/><sp/><sp/><sp/><sp/><sp/><sp/>{ariac_msgs::msg::KittingPart::QUADRANT4,<sp/>std::pair&lt;double,<sp/>double&gt;(0.08,<sp/>-0.12)},</highlight></codeline>
<codeline lineno="281"><highlight class="normal"><sp/><sp/><sp/><sp/>};</highlight></codeline>
<codeline lineno="282"><highlight class="normal"></highlight></codeline>
<codeline lineno="283"><highlight class="normal"><sp/><sp/><sp/><sp/>std::map&lt;std::string,<sp/>double&gt;<sp/>rail_positions_<sp/>=<sp/></highlight></codeline>
<codeline lineno="284"><highlight class="normal"><sp/><sp/><sp/><sp/>{</highlight></codeline>
<codeline lineno="285"><highlight class="normal"><sp/><sp/><sp/><sp/><sp/><sp/><sp/><sp/>{</highlight><highlight class="stringliteral">&quot;agv1&quot;</highlight><highlight class="normal">,<sp/>-4.5},</highlight></codeline>
<codeline lineno="286"><highlight class="normal"><sp/><sp/><sp/><sp/><sp/><sp/><sp/><sp/>{</highlight><highlight class="stringliteral">&quot;agv2&quot;</highlight><highlight class="normal">,<sp/>-1.2},</highlight></codeline>
<codeline lineno="287"><highlight class="normal"><sp/><sp/><sp/><sp/><sp/><sp/><sp/><sp/>{</highlight><highlight class="stringliteral">&quot;agv3&quot;</highlight><highlight class="normal">,<sp/>1.2},</highlight></codeline>
<codeline lineno="288"><highlight class="normal"><sp/><sp/><sp/><sp/><sp/><sp/><sp/><sp/>{</highlight><highlight class="stringliteral">&quot;agv4&quot;</highlight><highlight class="normal">,<sp/>4.5},</highlight></codeline>
<codeline lineno="289"><highlight class="normal"><sp/><sp/><sp/><sp/><sp/><sp/><sp/><sp/>{</highlight><highlight class="stringliteral">&quot;left_bins&quot;</highlight><highlight class="normal">,<sp/>3},</highlight></codeline>
<codeline lineno="290"><highlight class="normal"><sp/><sp/><sp/><sp/><sp/><sp/><sp/><sp/>{</highlight><highlight class="stringliteral">&quot;right_bins&quot;</highlight><highlight class="normal">,<sp/>-3}</highlight></codeline>
<codeline lineno="291"><highlight class="normal"><sp/><sp/><sp/><sp/>};</highlight></codeline>
<codeline lineno="292"><highlight class="normal"></highlight></codeline>
<codeline lineno="293"><highlight class="normal"><sp/><sp/><sp/><sp/></highlight><highlight class="comment">//<sp/>Joint<sp/>value<sp/>targets<sp/>for<sp/>Part<sp/>Disposal</highlight><highlight class="normal"></highlight></codeline>
<codeline lineno="294"><highlight class="normal"><sp/><sp/><sp/><sp/>std::map&lt;std::string,<sp/>double&gt;<sp/>center_disposal_bin_js<sp/>=<sp/>{</highlight></codeline>
<codeline lineno="295"><highlight class="normal"><sp/><sp/><sp/><sp/><sp/><sp/><sp/><sp/>{</highlight><highlight class="stringliteral">&quot;linear_actuator_joint&quot;</highlight><highlight class="normal">,<sp/>0.0},</highlight></codeline>
<codeline lineno="296"><highlight class="normal"><sp/><sp/><sp/><sp/><sp/><sp/><sp/><sp/>{</highlight><highlight class="stringliteral">&quot;floor_shoulder_pan_joint&quot;</highlight><highlight class="normal">,<sp/>0.0},</highlight></codeline>
<codeline lineno="297"><highlight class="normal"><sp/><sp/><sp/><sp/><sp/><sp/><sp/><sp/>{</highlight><highlight class="stringliteral">&quot;floor_shoulder_lift_joint&quot;</highlight><highlight class="normal">,<sp/>-1.17},</highlight></codeline>
<codeline lineno="298"><highlight class="normal"><sp/><sp/><sp/><sp/><sp/><sp/><sp/><sp/>{</highlight><highlight class="stringliteral">&quot;floor_elbow_joint&quot;</highlight><highlight class="normal">,<sp/>1.57},</highlight></codeline>
<codeline lineno="299"><highlight class="normal"><sp/><sp/><sp/><sp/><sp/><sp/><sp/><sp/>{</highlight><highlight class="stringliteral">&quot;floor_wrist_1_joint&quot;</highlight><highlight class="normal">,<sp/>-1.95},</highlight></codeline>
<codeline lineno="300"><highlight class="normal"><sp/><sp/><sp/><sp/><sp/><sp/><sp/><sp/>{</highlight><highlight class="stringliteral">&quot;floor_wrist_2_joint&quot;</highlight><highlight class="normal">,<sp/>-1.57},</highlight></codeline>
<codeline lineno="301"><highlight class="normal"><sp/><sp/><sp/><sp/><sp/><sp/><sp/><sp/>{</highlight><highlight class="stringliteral">&quot;floor_wrist_3_joint&quot;</highlight><highlight class="normal">,<sp/>0.0}</highlight></codeline>
<codeline lineno="302"><highlight class="normal"><sp/><sp/><sp/><sp/>};</highlight></codeline>
<codeline lineno="303"><highlight class="normal"></highlight></codeline>
<codeline lineno="304"><highlight class="normal"><sp/><sp/><sp/><sp/>std::map&lt;std::string,<sp/>double&gt;<sp/>left_disposal_bin_js<sp/>=<sp/>{</highlight></codeline>
<codeline lineno="305"><highlight class="normal"><sp/><sp/><sp/><sp/><sp/><sp/><sp/><sp/>{</highlight><highlight class="stringliteral">&quot;linear_actuator_joint&quot;</highlight><highlight class="normal">,<sp/>4.40},</highlight></codeline>
<codeline lineno="306"><highlight class="normal"><sp/><sp/><sp/><sp/><sp/><sp/><sp/><sp/>{</highlight><highlight class="stringliteral">&quot;floor_shoulder_pan_joint&quot;</highlight><highlight class="normal">,<sp/>2.55},</highlight></codeline>
<codeline lineno="307"><highlight class="normal"><sp/><sp/><sp/><sp/><sp/><sp/><sp/><sp/>{</highlight><highlight class="stringliteral">&quot;floor_shoulder_lift_joint&quot;</highlight><highlight class="normal">,<sp/>-1.45},</highlight></codeline>
<codeline lineno="308"><highlight class="normal"><sp/><sp/><sp/><sp/><sp/><sp/><sp/><sp/>{</highlight><highlight class="stringliteral">&quot;floor_elbow_joint&quot;</highlight><highlight class="normal">,<sp/>1.57},</highlight></codeline>
<codeline lineno="309"><highlight class="normal"><sp/><sp/><sp/><sp/><sp/><sp/><sp/><sp/>{</highlight><highlight class="stringliteral">&quot;floor_wrist_1_joint&quot;</highlight><highlight class="normal">,<sp/>-1.65},</highlight></codeline>
<codeline lineno="310"><highlight class="normal"><sp/><sp/><sp/><sp/><sp/><sp/><sp/><sp/>{</highlight><highlight class="stringliteral">&quot;floor_wrist_2_joint&quot;</highlight><highlight class="normal">,<sp/>-1.57},</highlight></codeline>
<codeline lineno="311"><highlight class="normal"><sp/><sp/><sp/><sp/><sp/><sp/><sp/><sp/>{</highlight><highlight class="stringliteral">&quot;floor_wrist_3_joint&quot;</highlight><highlight class="normal">,<sp/>0.0}</highlight></codeline>
<codeline lineno="312"><highlight class="normal"><sp/><sp/><sp/><sp/>};</highlight></codeline>
<codeline lineno="313"><highlight class="normal"></highlight></codeline>
<codeline lineno="314"><highlight class="normal"><sp/><sp/><sp/><sp/>std::map&lt;std::string,<sp/>double&gt;<sp/>right_disposal_bin_js<sp/>=<sp/>{</highlight></codeline>
<codeline lineno="315"><highlight class="normal"><sp/><sp/><sp/><sp/><sp/><sp/><sp/><sp/>{</highlight><highlight class="stringliteral">&quot;linear_actuator_joint&quot;</highlight><highlight class="normal">,<sp/>-4.40},</highlight></codeline>
<codeline lineno="316"><highlight class="normal"><sp/><sp/><sp/><sp/><sp/><sp/><sp/><sp/>{</highlight><highlight class="stringliteral">&quot;floor_shoulder_pan_joint&quot;</highlight><highlight class="normal">,<sp/>-2.95},</highlight></codeline>
<codeline lineno="317"><highlight class="normal"><sp/><sp/><sp/><sp/><sp/><sp/><sp/><sp/>{</highlight><highlight class="stringliteral">&quot;floor_shoulder_lift_joint&quot;</highlight><highlight class="normal">,<sp/>-1.45},</highlight></codeline>
<codeline lineno="318"><highlight class="normal"><sp/><sp/><sp/><sp/><sp/><sp/><sp/><sp/>{</highlight><highlight class="stringliteral">&quot;floor_elbow_joint&quot;</highlight><highlight class="normal">,<sp/>1.57},</highlight></codeline>
<codeline lineno="319"><highlight class="normal"><sp/><sp/><sp/><sp/><sp/><sp/><sp/><sp/>{</highlight><highlight class="stringliteral">&quot;floor_wrist_1_joint&quot;</highlight><highlight class="normal">,<sp/>-1.65},</highlight></codeline>
<codeline lineno="320"><highlight class="normal"><sp/><sp/><sp/><sp/><sp/><sp/><sp/><sp/>{</highlight><highlight class="stringliteral">&quot;floor_wrist_2_joint&quot;</highlight><highlight class="normal">,<sp/>-1.57},</highlight></codeline>
<codeline lineno="321"><highlight class="normal"><sp/><sp/><sp/><sp/><sp/><sp/><sp/><sp/>{</highlight><highlight class="stringliteral">&quot;floor_wrist_3_joint&quot;</highlight><highlight class="normal">,<sp/>0.0}</highlight></codeline>
<codeline lineno="322"><highlight class="normal"><sp/><sp/><sp/><sp/>};</highlight></codeline>
<codeline lineno="323"><highlight class="normal"></highlight></codeline>
<codeline lineno="324"><highlight class="normal"><sp/><sp/><sp/><sp/></highlight><highlight class="comment">//<sp/>Joint<sp/>value<sp/>targets<sp/>for<sp/>kitting<sp/>stations</highlight><highlight class="normal"></highlight></codeline>
<codeline lineno="325"><highlight class="normal"><sp/><sp/><sp/><sp/>std::map&lt;std::string,<sp/>double&gt;<sp/>floor_kts1_js_<sp/>=<sp/>{</highlight></codeline>
<codeline lineno="326"><highlight class="normal"><sp/><sp/><sp/><sp/><sp/><sp/><sp/><sp/>{</highlight><highlight class="stringliteral">&quot;linear_actuator_joint&quot;</highlight><highlight class="normal">,<sp/>4.0},</highlight></codeline>
<codeline lineno="327"><highlight class="normal"><sp/><sp/><sp/><sp/><sp/><sp/><sp/><sp/>{</highlight><highlight class="stringliteral">&quot;floor_shoulder_pan_joint&quot;</highlight><highlight class="normal">,<sp/>1.57},</highlight></codeline>
<codeline lineno="328"><highlight class="normal"><sp/><sp/><sp/><sp/><sp/><sp/><sp/><sp/>{</highlight><highlight class="stringliteral">&quot;floor_shoulder_lift_joint&quot;</highlight><highlight class="normal">,<sp/>-1.57},</highlight></codeline>
<codeline lineno="329"><highlight class="normal"><sp/><sp/><sp/><sp/><sp/><sp/><sp/><sp/>{</highlight><highlight class="stringliteral">&quot;floor_elbow_joint&quot;</highlight><highlight class="normal">,<sp/>1.57},</highlight></codeline>
<codeline lineno="330"><highlight class="normal"><sp/><sp/><sp/><sp/><sp/><sp/><sp/><sp/>{</highlight><highlight class="stringliteral">&quot;floor_wrist_1_joint&quot;</highlight><highlight class="normal">,<sp/>-1.57},</highlight></codeline>
<codeline lineno="331"><highlight class="normal"><sp/><sp/><sp/><sp/><sp/><sp/><sp/><sp/>{</highlight><highlight class="stringliteral">&quot;floor_wrist_2_joint&quot;</highlight><highlight class="normal">,<sp/>-1.57},</highlight></codeline>
<codeline lineno="332"><highlight class="normal"><sp/><sp/><sp/><sp/><sp/><sp/><sp/><sp/>{</highlight><highlight class="stringliteral">&quot;floor_wrist_3_joint&quot;</highlight><highlight class="normal">,<sp/>0.0}};</highlight></codeline>
<codeline lineno="333"><highlight class="normal"></highlight></codeline>
<codeline lineno="334"><highlight class="normal"><sp/><sp/><sp/><sp/>std::map&lt;std::string,<sp/>double&gt;<sp/>floor_kts2_js_<sp/>=<sp/>{</highlight></codeline>
<codeline lineno="335"><highlight class="normal"><sp/><sp/><sp/><sp/><sp/><sp/><sp/><sp/>{</highlight><highlight class="stringliteral">&quot;linear_actuator_joint&quot;</highlight><highlight class="normal">,<sp/>-4.0},</highlight></codeline>
<codeline lineno="336"><highlight class="normal"><sp/><sp/><sp/><sp/><sp/><sp/><sp/><sp/>{</highlight><highlight class="stringliteral">&quot;floor_shoulder_pan_joint&quot;</highlight><highlight class="normal">,<sp/>-1.57},</highlight></codeline>
<codeline lineno="337"><highlight class="normal"><sp/><sp/><sp/><sp/><sp/><sp/><sp/><sp/>{</highlight><highlight class="stringliteral">&quot;floor_shoulder_lift_joint&quot;</highlight><highlight class="normal">,<sp/>-1.57},</highlight></codeline>
<codeline lineno="338"><highlight class="normal"><sp/><sp/><sp/><sp/><sp/><sp/><sp/><sp/>{</highlight><highlight class="stringliteral">&quot;floor_elbow_joint&quot;</highlight><highlight class="normal">,<sp/>1.57},</highlight></codeline>
<codeline lineno="339"><highlight class="normal"><sp/><sp/><sp/><sp/><sp/><sp/><sp/><sp/>{</highlight><highlight class="stringliteral">&quot;floor_wrist_1_joint&quot;</highlight><highlight class="normal">,<sp/>-1.57},</highlight></codeline>
<codeline lineno="340"><highlight class="normal"><sp/><sp/><sp/><sp/><sp/><sp/><sp/><sp/>{</highlight><highlight class="stringliteral">&quot;floor_wrist_2_joint&quot;</highlight><highlight class="normal">,<sp/>-1.57},</highlight></codeline>
<codeline lineno="341"><highlight class="normal"><sp/><sp/><sp/><sp/><sp/><sp/><sp/><sp/>{</highlight><highlight class="stringliteral">&quot;floor_wrist_3_joint&quot;</highlight><highlight class="normal">,<sp/>0.0}};</highlight></codeline>
<codeline lineno="342"><highlight class="normal">};</highlight></codeline>
    </programlisting>
    <location file="/home/shubh/ariac_ws/src/group5/group5_rwa_3/include/group5_rwa_3/floor_robot_quality.hpp"/>
  </compounddef>
</doxygen>
