<?xml version='1.0' encoding='UTF-8' standalone='no'?>
<doxygenindex xmlns:xsi="http://www.w3.org/2001/XMLSchema-instance" xsi:noNamespaceSchemaLocation="index.xsd" version="1.8.17">
  <compound refid="classgroup5__rwa__3_1_1store__and__submit_1_1AssemblyPartClass" kind="class"><name>group5_rwa_3::store_and_submit::AssemblyPartClass</name>
    <member refid="classgroup5__rwa__3_1_1store__and__submit_1_1AssemblyPartClass_1a67c059d6261e69989887dc1eda914ce9" kind="variable"><name>pose</name></member>
    <member refid="classgroup5__rwa__3_1_1store__and__submit_1_1AssemblyPartClass_1aa4f995b476fad25dc89f99dbf56155da" kind="variable"><name>direction</name></member>
    <member refid="classgroup5__rwa__3_1_1store__and__submit_1_1AssemblyPartClass_1ac2108d3428c1bee13acd091399527c24" kind="function"><name>__init__</name></member>
  </compound>
  <compound refid="classgroup5__rwa__3_1_1store__and__submit_1_1AssemblyTaskClass" kind="class"><name>group5_rwa_3::store_and_submit::AssemblyTaskClass</name>
    <member refid="classgroup5__rwa__3_1_1store__and__submit_1_1AssemblyTaskClass_1a0aa6168fdba1c92b116884ae534337d3" kind="variable"><name>agv_numbers</name></member>
    <member refid="classgroup5__rwa__3_1_1store__and__submit_1_1AssemblyTaskClass_1a03a2b7b2772b4028e94da67f87c532c0" kind="variable"><name>station</name></member>
    <member refid="classgroup5__rwa__3_1_1store__and__submit_1_1AssemblyTaskClass_1abac35b9514e21b113bd26c04f053b6e0" kind="variable"><name>number_of_parts</name></member>
    <member refid="classgroup5__rwa__3_1_1store__and__submit_1_1AssemblyTaskClass_1abd070233a2567d4c9177d61fdf1d83e2" kind="variable"><name>parts</name></member>
    <member refid="classgroup5__rwa__3_1_1store__and__submit_1_1AssemblyTaskClass_1ad1e357a065b3615158e1b29e113d9e3a" kind="function"><name>__init__</name></member>
  </compound>
  <compound refid="classgroup5__rwa__3_1_1part__locations_1_1BinInfoClass" kind="class"><name>group5_rwa_3::part_locations::BinInfoClass</name>
    <member refid="classgroup5__rwa__3_1_1part__locations_1_1BinInfoClass_1a0da315a74c6c99ad37f890da7fbcb6cf" kind="variable"><name>bin_number</name></member>
    <member refid="classgroup5__rwa__3_1_1part__locations_1_1BinInfoClass_1ab231efba29dda9878a1b2d39b13d39b8" kind="variable"><name>number_of_parts</name></member>
    <member refid="classgroup5__rwa__3_1_1part__locations_1_1BinInfoClass_1a490312fc55299ec42763ef5cbef47a5d" kind="variable"><name>parts</name></member>
    <member refid="classgroup5__rwa__3_1_1part__locations_1_1BinInfoClass_1aadb9d97f55ec05ac9d9389ab0e520796" kind="function"><name>__init__</name></member>
  </compound>
  <compound refid="classgroup5__rwa__3_1_1part__locations_1_1BinPartsClass" kind="class"><name>group5_rwa_3::part_locations::BinPartsClass</name>
    <member refid="classgroup5__rwa__3_1_1part__locations_1_1BinPartsClass_1a9fa185da0292528eec8c9d69d4320dee" kind="variable"><name>number_of_bins</name></member>
    <member refid="classgroup5__rwa__3_1_1part__locations_1_1BinPartsClass_1a9fea504895851f4b35756e754125daf9" kind="variable"><name>bins</name></member>
    <member refid="classgroup5__rwa__3_1_1part__locations_1_1BinPartsClass_1a53bdccf9a7c8502b152de04fd1268e4c" kind="function"><name>__init__</name></member>
  </compound>
  <compound refid="classgroup5__rwa__3_1_1store__and__submit_1_1CombinedTaskClass" kind="class"><name>group5_rwa_3::store_and_submit::CombinedTaskClass</name>
    <member refid="classgroup5__rwa__3_1_1store__and__submit_1_1CombinedTaskClass_1aba53a6f7fd900b6973ccbb7aa7502add" kind="variable"><name>station</name></member>
    <member refid="classgroup5__rwa__3_1_1store__and__submit_1_1CombinedTaskClass_1a14df7c82db29acfcb85a52f33831c17e" kind="variable"><name>number_of_parts</name></member>
    <member refid="classgroup5__rwa__3_1_1store__and__submit_1_1CombinedTaskClass_1af8cea530371bad2b588c751b81ebfc22" kind="variable"><name>parts</name></member>
    <member refid="classgroup5__rwa__3_1_1store__and__submit_1_1CombinedTaskClass_1a48c112344e63217a141e2ca7e281246e" kind="function"><name>__init__</name></member>
  </compound>
  <compound refid="classgroup5__rwa__3_1_1part__locations_1_1ConveyerPartsClass" kind="class"><name>group5_rwa_3::part_locations::ConveyerPartsClass</name>
    <member refid="classgroup5__rwa__3_1_1part__locations_1_1ConveyerPartsClass_1ac6d38b7d21de8e4b815f02cedab9ad7a" kind="variable"><name>number_of_parts</name></member>
    <member refid="classgroup5__rwa__3_1_1part__locations_1_1ConveyerPartsClass_1a27fd075d36df2652b2866ac67c3bb357" kind="variable"><name>parts</name></member>
    <member refid="classgroup5__rwa__3_1_1part__locations_1_1ConveyerPartsClass_1a91571d1a51cebf8dca6401bfb2b28d3a" kind="function"><name>__init__</name></member>
  </compound>
  <compound refid="classgroup5__rwa__3_1_1competition__client_1_1EndCompClient" kind="class"><name>group5_rwa_3::competition_client::EndCompClient</name>
    <member refid="classgroup5__rwa__3_1_1competition__client_1_1EndCompClient_1aa77773ecc871f17acb6dc607eca4cbfc" kind="variable"><name>cli</name></member>
    <member refid="classgroup5__rwa__3_1_1competition__client_1_1EndCompClient_1a5098133a4cdfa522d409c9763460f867" kind="variable"><name>req</name></member>
    <member refid="classgroup5__rwa__3_1_1competition__client_1_1EndCompClient_1aa2c7a921cafe9a87c74f1dc9e84cd9b2" kind="variable"><name>future</name></member>
    <member refid="classgroup5__rwa__3_1_1competition__client_1_1EndCompClient_1a85b11b907c4856a091ddeab8b9b22cad" kind="function"><name>__init__</name></member>
    <member refid="classgroup5__rwa__3_1_1competition__client_1_1EndCompClient_1af1a2a5d508a903e715d56aeb10c7ec08" kind="function"><name>send_empty_request</name></member>
  </compound>
  <compound refid="classFloorRobot" kind="class"><name>FloorRobot</name>
    <member refid="classFloorRobot_1af6fe056792450c7ec1baac3d6938f1c5" kind="variable"><name>floor_robot_</name></member>
    <member refid="classFloorRobot_1a56f8ccbcc7de7bef742814cc6505fb65" kind="variable"><name>planning_scene_</name></member>
    <member refid="classFloorRobot_1a9cc77b31ad887fefdff95a18dd526d52" kind="variable"><name>totg_</name></member>
    <member refid="classFloorRobot_1a24d283b5446f0d4e13adfa2cc751b444" kind="variable"><name>tf_buffer</name></member>
    <member refid="classFloorRobot_1aa2f5a29604b09e50b6c27f41f37dd71d" kind="variable"><name>tf_listener</name></member>
    <member refid="classFloorRobot_1a6b5e005df405da7532c3b159173c9cff" kind="variable"><name>completed_order_pub_</name></member>
    <member refid="classFloorRobot_1ab68eb158a5592eec4b0c29d236c04fea" kind="variable"><name>floor_gripper_state_sub_</name></member>
    <member refid="classFloorRobot_1ad889303f32f3ac79de73ab9f01b34610" kind="variable"><name>competition_state_sub_</name></member>
    <member refid="classFloorRobot_1a757cadc894042b8dd66118bad2f0faaa" kind="variable"><name>kts1_camera_sub_</name></member>
    <member refid="classFloorRobot_1aab12590de2e372b63be54826452758bf" kind="variable"><name>kts2_camera_sub_</name></member>
    <member refid="classFloorRobot_1aa90f0f4c909ddb7451a509c259211ec7" kind="variable"><name>left_bins_camera_sub_</name></member>
    <member refid="classFloorRobot_1af15a01acac5f8cb92f733d0627204080" kind="variable"><name>right_bins_camera_sub_</name></member>
    <member refid="classFloorRobot_1a1b616ed13b8c5e9b54e45e569c1f312e" kind="variable"><name>floor_robot_task_sub_</name></member>
    <member refid="classFloorRobot_1aa756bdddd8bd9a9953dc78e56ca77a7b" kind="variable"><name>conveyor_camera_sub_</name></member>
    <member refid="classFloorRobot_1a379b5d49b34463fdcb41d7b6d5ff0f61" kind="variable"><name>break_beam_sub_</name></member>
    <member refid="classFloorRobot_1aeb2ce6eaa2a23b3bc880c6f5950e96e7" kind="variable"><name>agv_1_camera_sub</name></member>
    <member refid="classFloorRobot_1aace32147e5d0f7e8000f7c74dcb8f9f6" kind="variable"><name>agv_2_camera_sub</name></member>
    <member refid="classFloorRobot_1abcbbaf5e7f88130206f7f9b0ce5cdb88" kind="variable"><name>agv_3_camera_sub</name></member>
    <member refid="classFloorRobot_1a8775168b31a13dd5fc33379047246f47" kind="variable"><name>agv_4_camera_sub</name></member>
    <member refid="classFloorRobot_1a3efe771912a29acb106f8e290cec01b2" kind="variable"><name>current_order_</name></member>
    <member refid="classFloorRobot_1af5ff0f7053bb3e76bda68eb3d749666e" kind="variable"><name>orders_</name></member>
    <member refid="classFloorRobot_1af21cdc487d54a815bcbb04b41ec3c899" kind="variable"><name>competition_state_</name></member>
    <member refid="classFloorRobot_1af4dadee79f650bea6210291fdf9e5130" kind="variable"><name>floor_gripper_state_</name></member>
    <member refid="classFloorRobot_1a8d7b7afa87816dda2429443dc0864da8" kind="variable"><name>floor_robot_attached_part_</name></member>
    <member refid="classFloorRobot_1a244c67651ac807957ee5e45932e78116" kind="variable"><name>ceiling_gripper_state_</name></member>
    <member refid="classFloorRobot_1ab6685e831ca1bf927eb30f23566b92ae" kind="variable"><name>ceiling_robot_attached_part_</name></member>
    <member refid="classFloorRobot_1a997f6895c8cde29b68d5470f4b4e4ad5" kind="variable"><name>kts1_camera_pose_</name></member>
    <member refid="classFloorRobot_1a84f300c6c098ea59edbeb1e257a2e21b" kind="variable"><name>kts2_camera_pose_</name></member>
    <member refid="classFloorRobot_1a47ff04afaa1c1b3f87a9ee366d8037f0" kind="variable"><name>left_bins_camera_pose_</name></member>
    <member refid="classFloorRobot_1ac55021ff8b9e0fdbf043183fb3906609" kind="variable"><name>right_bins_camera_pose_</name></member>
    <member refid="classFloorRobot_1a6085892b808350d8a3bca60c61acc6ce" kind="variable"><name>conveyor_camera_pose_</name></member>
    <member refid="classFloorRobot_1af4dd192f365996c4e18d7e21fbb0909d" kind="variable"><name>agv_1_camera_pose_</name></member>
    <member refid="classFloorRobot_1acc9235cab64a64deb8199fc76c8c25a9" kind="variable"><name>agv_2_camera_pose_</name></member>
    <member refid="classFloorRobot_1a6ca553978630d1b6f62ded370251b404" kind="variable"><name>agv_3_camera_pose_</name></member>
    <member refid="classFloorRobot_1ae0d2a4dd33e0f5cf891e38b78c1f97eb" kind="variable"><name>agv_4_camera_pose_</name></member>
    <member refid="classFloorRobot_1adc535a3073515f638eb2a68ba20f2b3f" kind="variable"><name>kts1_trays_</name></member>
    <member refid="classFloorRobot_1aa443abfd48e3ad6b89d42b5e3bd83d2f" kind="variable"><name>kts2_trays_</name></member>
    <member refid="classFloorRobot_1a4cd5f62c0d53e51968d37f5bf36dd789" kind="variable"><name>left_bins_parts_</name></member>
    <member refid="classFloorRobot_1a57d234bd0e705ab6106790116b361381" kind="variable"><name>right_bins_parts_</name></member>
    <member refid="classFloorRobot_1af412f868e603f7aa0c60d2aec973abcf" kind="variable"><name>conveyor_camera_parts_</name></member>
    <member refid="classFloorRobot_1a3d912069b0a3034f9d628ecda9908b67" kind="variable"><name>current_conveyor_part</name></member>
    <member refid="classFloorRobot_1a8ab204ee57b3810ca67d2d4d3604a673" kind="variable"><name>agv_1_parts_</name></member>
    <member refid="classFloorRobot_1af4e240dd8d282ad0c079cbf343f2ad4b" kind="variable"><name>agv_2_parts_</name></member>
    <member refid="classFloorRobot_1a687a1d09447367b93dc1ac687cd8aa1f" kind="variable"><name>agv_3_parts_</name></member>
    <member refid="classFloorRobot_1ae7059914e09f692923ecaa8a27f68f24" kind="variable"><name>agv_4_parts_</name></member>
    <member refid="classFloorRobot_1a14da722ed9b0be41c81cf2136d434310" kind="variable"><name>topic_cb_group_</name></member>
    <member refid="classFloorRobot_1a5c859e58abb22b5700c728fc4465f983" kind="variable"><name>kts1_camera_received_data</name></member>
    <member refid="classFloorRobot_1a4fba5850f92eb2a50c3ab7cf7c0b03e6" kind="variable"><name>kts2_camera_received_data</name></member>
    <member refid="classFloorRobot_1a4b4e0c57c3bf6973817c516798aacf85" kind="variable"><name>left_bins_camera_received_data</name></member>
    <member refid="classFloorRobot_1a31be5362afdccbd5b6cec98491792394" kind="variable"><name>right_bins_camera_received_data</name></member>
    <member refid="classFloorRobot_1a96b47d5a8950bea681764dca9032b9fe" kind="variable"><name>floor_robot_task_received_data_</name></member>
    <member refid="classFloorRobot_1adc8a4ffced099571cbf48d6cc2232da5" kind="variable"><name>conveyor_camera_received_data_</name></member>
    <member refid="classFloorRobot_1a926e2712613ed1c70adc74694d6464ad" kind="variable"><name>agv_1_camera_received_data</name></member>
    <member refid="classFloorRobot_1ab167332770e37df60b78d4996aa493d0" kind="variable"><name>agv_2_camera_received_data</name></member>
    <member refid="classFloorRobot_1ad740e26381ca4875bd6fb8e2d61cede5" kind="variable"><name>agv_3_camera_received_data</name></member>
    <member refid="classFloorRobot_1aa19a4250623ee6f9102a7386a9ce77aa" kind="variable"><name>agv_4_camera_received_data</name></member>
    <member refid="classFloorRobot_1a6ab5013b34c3f605ac86ac25774db8a1" kind="variable"><name>conveyor_part_detected</name></member>
    <member refid="classFloorRobot_1a240651b650fdbb7d24e52367db60f87a" kind="variable"><name>break_beam_detected</name></member>
    <member refid="classFloorRobot_1a2b438a6ef2e8c0a862c16da5d0e3f9a5" kind="variable"><name>quality_checker_</name></member>
    <member refid="classFloorRobot_1a888a0f2b7d88c7a3ef1a7656fbf7c801" kind="variable"><name>floor_robot_tool_changer_</name></member>
    <member refid="classFloorRobot_1ae64f119b73422e57d714a46b8808f5fc" kind="variable"><name>floor_robot_gripper_enable_</name></member>
    <member refid="classFloorRobot_1aa6aad7287b84fc64db673f2021a831de" kind="variable"><name>kit_tray_thickness_</name></member>
    <member refid="classFloorRobot_1a3cb733579fbcb5d6d41057d46cbb3995" kind="variable"><name>drop_height_</name></member>
    <member refid="classFloorRobot_1a0e32b0c01925bfccc3d75f3a4a2f13b2" kind="variable"><name>pick_offset_</name></member>
    <member refid="classFloorRobot_1ae9d221ea8e91d86c145c6eeda6858cd7" kind="variable"><name>battery_grip_offset_</name></member>
    <member refid="classFloorRobot_1af329a8d06b78da70abf36c71aa14f03b" kind="variable"><name>part_types_</name></member>
    <member refid="classFloorRobot_1a44e8242421975319ebcfed124b8f6565" kind="variable"><name>part_colors_</name></member>
    <member refid="classFloorRobot_1a92d4d104942f98f1f5e122761b4e03a0" kind="variable"><name>part_heights_</name></member>
    <member refid="classFloorRobot_1a6e02bcd2ae7f0816353b5568eef126ab" kind="variable"><name>part_types_bin_</name></member>
    <member refid="classFloorRobot_1ab16fe8d724d2f3f0ffe223093b66bf64" kind="variable"><name>conveyer_pick_offset</name></member>
    <member refid="classFloorRobot_1a828d90933acaae29df963795257793a1" kind="variable"><name>quad_offsets_</name></member>
    <member refid="classFloorRobot_1ac89ebb7916ab58b4f9413b880fa392fe" kind="variable"><name>rail_positions_</name></member>
    <member refid="classFloorRobot_1a919c5faf2a7ab7b0e359d609bedbf298" kind="variable"><name>center_disposal_bin_js</name></member>
    <member refid="classFloorRobot_1a8cea1fb9d007ed81dac36ebffc5047a0" kind="variable"><name>left_disposal_bin_js</name></member>
    <member refid="classFloorRobot_1a04eb23718f9f5de19096255d2e674c9c" kind="variable"><name>right_disposal_bin_js</name></member>
    <member refid="classFloorRobot_1ac83a327a0798e69831fa715a950d1994" kind="variable"><name>floor_kts1_js_</name></member>
    <member refid="classFloorRobot_1acc2a286fc645d2d8a086d42ef3b83494" kind="variable"><name>floor_kts2_js_</name></member>
    <member refid="classFloorRobot_1a9f59d5385824b89d7fc9a60bbe345283" kind="function"><name>FloorRobot</name></member>
    <member refid="classFloorRobot_1af1d632b524465c0889109b4e2ced7d08" kind="function"><name>~FloorRobot</name></member>
    <member refid="classFloorRobot_1a62218c3edb634eabed8e32e31344addd" kind="function"><name>FloorRobotSendHome</name></member>
    <member refid="classFloorRobot_1a96db07cacb72492050c616647c091664" kind="function"><name>FloorRobotSetGripperState</name></member>
    <member refid="classFloorRobot_1a80a8b712ed63c8ff3f0e41f9a119c46b" kind="function"><name>FloorRobotChangeGripper</name></member>
    <member refid="classFloorRobot_1a6d1bf92bb07427d034b5b2c7ff56a60a" kind="function"><name>FloorRobotPickandPlaceTray</name></member>
    <member refid="classFloorRobot_1a40beadf700e4426700176895477c39e4" kind="function"><name>FloorRobotPickBinPart</name></member>
    <member refid="classFloorRobot_1afc0765d37e92ca83ec0781f645f55340" kind="function"><name>FloorRobotPickConveyorPart</name></member>
    <member refid="classFloorRobot_1a2c686a80dd98b261785592c65687b8e7" kind="function"><name>FloorRobotPlacePartOnKitTray</name></member>
    <member refid="classFloorRobot_1aa1d48be91f66f0b92817dc133c267916" kind="function"><name>KittingPartQualityCheck</name></member>
    <member refid="classFloorRobot_1a960f12e5f317a2c505113c271dc9c305" kind="function"><name>PrintQualityCheck</name></member>
    <member refid="classFloorRobot_1ad54a432ae93dca1a9e7866fd9e2003d1" kind="function"><name>FloorRobotPickAGVTrayPart</name></member>
    <member refid="classFloorRobot_1a151fae158984abc2485656cd69cad4a3" kind="function"><name>FloorRobotDisposePart</name></member>
    <member refid="classFloorRobot_1a790a5a167dabafdc3bb1a7b92efdf920" kind="function"><name>CompleteOrders</name></member>
    <member refid="classFloorRobot_1a6ca2ecedf94610de195c93f1507fe070" kind="function"><name>CompleteKittingTask</name></member>
    <member refid="classFloorRobot_1ac9cf90456e7b1efabca7118c9a7ffa08" kind="function"><name>CompleteCombinedTask</name></member>
    <member refid="classFloorRobot_1ad93a5afc9bb500e1a5d585c93b00ff57" kind="function"><name>FloorRobotMovetoTarget</name></member>
    <member refid="classFloorRobot_1aa4b51e80f7dc0ef082616b52b35e0803" kind="function"><name>FloorRobotMoveCartesian</name></member>
    <member refid="classFloorRobot_1aeaa123419c66475a891091cf9e3a7a0c" kind="function"><name>FloorRobotWaitForAttach</name></member>
    <member refid="classFloorRobot_1a63cc6b16fee7d4ce2f9d8a549a10758f" kind="function"><name>FloorRobotWaitForAttachConveyor</name></member>
    <member refid="classFloorRobot_1ac815cb76afa269129874c45f3b9e97f1" kind="function"><name>SetRobotOrientation</name></member>
    <member refid="classFloorRobot_1a77711eafe23ece5bdc9f8d49864a4a14" kind="function"><name>LogPose</name></member>
    <member refid="classFloorRobot_1aa198e72bab13612bc84168347833187a" kind="function"><name>MultiplyPose</name></member>
    <member refid="classFloorRobot_1ad9579549be2a7825922740684f6e688c" kind="function"><name>BuildPose</name></member>
    <member refid="classFloorRobot_1a2499625568aed2403327d44b3e83c56b" kind="function"><name>FrameWorldPose</name></member>
    <member refid="classFloorRobot_1ac8e8608fec0b5fa2bfe00925895a369f" kind="function"><name>GetYaw</name></member>
    <member refid="classFloorRobot_1ab71e6cdd70a07d78753e5165d10fd6b7" kind="function"><name>QuaternionFromRPY</name></member>
    <member refid="classFloorRobot_1aa8dcd5dde4cbd1da7c335182862fd1bb" kind="function"><name>AddModelToPlanningScene</name></member>
    <member refid="classFloorRobot_1ae4701bb39811c09ac1efafee8f0846bf" kind="function"><name>AddModelsToPlanningScene</name></member>
    <member refid="classFloorRobot_1a276ebc3030b9137c0bb357a93e360782" kind="function"><name>kts1_camera_cb</name></member>
    <member refid="classFloorRobot_1a466afaedd012e521fdff63f24f74ab43" kind="function"><name>kts2_camera_cb</name></member>
    <member refid="classFloorRobot_1ac8604b31c61eab4b914767ac42f97dcc" kind="function"><name>left_bins_camera_cb</name></member>
    <member refid="classFloorRobot_1adec2c1f0d480f0a8d9afbaa49aba706f" kind="function"><name>right_bins_camera_cb</name></member>
    <member refid="classFloorRobot_1a3b463a77d0218e135060ca038d2ea131" kind="function"><name>conveyor_camera_cb</name></member>
    <member refid="classFloorRobot_1a749645baaeb445d701b2e77fb8c3aa66" kind="function"><name>break_beam_cb</name></member>
    <member refid="classFloorRobot_1ad30ffc6a684239a843f699bf5159c7c1" kind="function"><name>agv_1_camera_cb</name></member>
    <member refid="classFloorRobot_1ab0d500bfd11a5cfbece0754844127e4b" kind="function"><name>agv_2_camera_cb</name></member>
    <member refid="classFloorRobot_1a8904e8cbac386f2f26c2f0ea6ccbde4f" kind="function"><name>agv_3_camera_cb</name></member>
    <member refid="classFloorRobot_1a10a20fa8bc02255f375c09ffe145f884" kind="function"><name>agv_4_camera_cb</name></member>
    <member refid="classFloorRobot_1ab2fa3ca52237fe79da9e9e4e17518ed1" kind="function"><name>competition_state_cb</name></member>
    <member refid="classFloorRobot_1a39e3aeea98552ddff0315abcd9cb354c" kind="function"><name>floor_gripper_state_cb</name></member>
    <member refid="classFloorRobot_1a49b944513d85ee00ffe65be8def7fc24" kind="function"><name>floor_robot_task_cb</name></member>
  </compound>
  <compound refid="classgroup5__rwa__3_1_1store__and__submit_1_1KittingPartClass" kind="class"><name>group5_rwa_3::store_and_submit::KittingPartClass</name>
    <member refid="classgroup5__rwa__3_1_1store__and__submit_1_1KittingPartClass_1a92c80406c72ec66b7d44a0794c8ac975" kind="variable"><name>quadrant</name></member>
    <member refid="classgroup5__rwa__3_1_1store__and__submit_1_1KittingPartClass_1a447c37818639a1914dbd426b283f7652" kind="function"><name>__init__</name></member>
  </compound>
  <compound refid="classgroup5__rwa__3_1_1store__and__submit_1_1KittingTaskClass" kind="class"><name>group5_rwa_3::store_and_submit::KittingTaskClass</name>
    <member refid="classgroup5__rwa__3_1_1store__and__submit_1_1KittingTaskClass_1a97ccd0c1d488613072508fa25e833ec0" kind="variable"><name>agv_number</name></member>
    <member refid="classgroup5__rwa__3_1_1store__and__submit_1_1KittingTaskClass_1ac98e69f5b9e70f3b99d30af8e3f0c83a" kind="variable"><name>tray_id</name></member>
    <member refid="classgroup5__rwa__3_1_1store__and__submit_1_1KittingTaskClass_1a0bf1d84fd243ff06f0e80afa7134b0d8" kind="variable"><name>destination</name></member>
    <member refid="classgroup5__rwa__3_1_1store__and__submit_1_1KittingTaskClass_1a19477f63915d656ce48312ecc0a8606f" kind="variable"><name>number_of_parts</name></member>
    <member refid="classgroup5__rwa__3_1_1store__and__submit_1_1KittingTaskClass_1ac3e188a30e3e703dd069f99a0bc83bb0" kind="variable"><name>parts</name></member>
    <member refid="classgroup5__rwa__3_1_1store__and__submit_1_1KittingTaskClass_1af3fe6d761a15f9064bd35b16a5144d92" kind="function"><name>__init__</name></member>
  </compound>
  <compound refid="classgroup5__rwa__3_1_1store__and__submit_1_1OrderClass" kind="class"><name>group5_rwa_3::store_and_submit::OrderClass</name>
    <member refid="classgroup5__rwa__3_1_1store__and__submit_1_1OrderClass_1a019fe3441f33083f5fbf0b2ceb7e8484" kind="variable"><name>id</name></member>
    <member refid="classgroup5__rwa__3_1_1store__and__submit_1_1OrderClass_1afafe9baa8b5401e6641b20dace465b85" kind="variable"><name>type</name></member>
    <member refid="classgroup5__rwa__3_1_1store__and__submit_1_1OrderClass_1a7526bea5d0266a388ce2b0d09deb99c8" kind="variable"><name>priority</name></member>
    <member refid="classgroup5__rwa__3_1_1store__and__submit_1_1OrderClass_1a09d686f01ceab4d6c5ee3acfbc2041fd" kind="variable"><name>task</name></member>
    <member refid="classgroup5__rwa__3_1_1store__and__submit_1_1OrderClass_1ac902ea8b63d6b8c7690f51e81d4df27b" kind="function"><name>__init__</name></member>
  </compound>
  <compound refid="classgroup5__rwa__3_1_1store__and__submit_1_1PartClass" kind="class"><name>group5_rwa_3::store_and_submit::PartClass</name>
    <member refid="classgroup5__rwa__3_1_1store__and__submit_1_1PartClass_1a9e28f709238fa62e161a6e746473fdbd" kind="variable"><name>part_color</name></member>
    <member refid="classgroup5__rwa__3_1_1store__and__submit_1_1PartClass_1a87d6faac8c363b018fe0a18f05672065" kind="variable"><name>part_type</name></member>
    <member refid="classgroup5__rwa__3_1_1store__and__submit_1_1PartClass_1a1a3c011012332b1e50da21650f0a3481" kind="function"><name>__init__</name></member>
  </compound>
  <compound refid="classgroup5__rwa__3_1_1part__locations_1_1PartLotClass" kind="class"><name>group5_rwa_3::part_locations::PartLotClass</name>
    <member refid="classgroup5__rwa__3_1_1part__locations_1_1PartLotClass_1afcda29ee1ab1cb8121da4ccffa4c0241" kind="variable"><name>quantity</name></member>
    <member refid="classgroup5__rwa__3_1_1part__locations_1_1PartLotClass_1a41dc1876dc3431e11040a028d038a2cb" kind="variable"><name>part</name></member>
    <member refid="classgroup5__rwa__3_1_1part__locations_1_1PartLotClass_1a71c8946d560ac0aee6fc008bb9dd6779" kind="function"><name>__init__</name></member>
  </compound>
  <compound refid="classRobot" kind="class"><name>Robot</name>
    <member refid="classRobot_1a9be67781f6ce3b63eb42e7912bfa29a6" kind="variable"><name>track_bin</name></member>
    <member refid="classRobot_1a5c6b5051a2217201b466bd472a16aacd" kind="variable"><name>client_cb_group_</name></member>
    <member refid="classRobot_1ae9511a014504dc9da9ced93cd3bf2577" kind="variable"><name>topic_cb_group_</name></member>
    <member refid="classRobot_1a1a6a76a2592d3a8a9eb7aa48c5e4f0fd" kind="variable"><name>floor_robot_</name></member>
    <member refid="classRobot_1a2e6b581282b3b6a265ee0dc9cb47daff" kind="variable"><name>ceiling_robot_</name></member>
    <member refid="classRobot_1a61f149971cb42c2c1ce1036248172ac2" kind="variable"><name>planning_scene_</name></member>
    <member refid="classRobot_1a26ff907e16b1a20795ca462cbe5f403e" kind="variable"><name>totg_</name></member>
    <member refid="classRobot_1a70d873c37d0675c83c065a7d8a2de9f2" kind="variable"><name>tf_buffer</name></member>
    <member refid="classRobot_1a99ce9d90b7b030668175f80df8ccdbb5" kind="variable"><name>tf_listener</name></member>
    <member refid="classRobot_1ab49887a310be0956451ea92434b50d97" kind="variable"><name>completed_order_pub_</name></member>
    <member refid="classRobot_1ae76c501f3220ae2be0c0e9a07b446c4e" kind="variable"><name>floor_gripper_state_sub_</name></member>
    <member refid="classRobot_1a24bc72ea7d8cac28041c85fcc824d5f2" kind="variable"><name>ceiling_gripper_state_sub_</name></member>
    <member refid="classRobot_1ab2a2730c6cfa3453a809f6a209db08d3" kind="variable"><name>competition_state_sub_</name></member>
    <member refid="classRobot_1af573be703a161f5be7d8eb510c4d03f8" kind="variable"><name>kts1_camera_sub_</name></member>
    <member refid="classRobot_1aeda645beae73aeed297f54a6e635af4d" kind="variable"><name>kts2_camera_sub_</name></member>
    <member refid="classRobot_1a23df4ff87ba70f74f53c761b50d886b3" kind="variable"><name>left_bins_camera_sub_</name></member>
    <member refid="classRobot_1ac117aaf0fc2de181387d52dcd2149d3e" kind="variable"><name>right_bins_camera_sub_</name></member>
    <member refid="classRobot_1aa2d3bd1bd25ca5e0d1a16686efc4b173" kind="variable"><name>floor_robot_task_sub_</name></member>
    <member refid="classRobot_1a6ce909bbb8491ba3f9809bfcb510e498" kind="variable"><name>conveyor_camera_sub_</name></member>
    <member refid="classRobot_1a13f50516cdeb2e38bc78309a57f0488c" kind="variable"><name>break_beam_sub_</name></member>
    <member refid="classRobot_1a384a3e19a36872d71f629f7c005f0281" kind="variable"><name>step_sub_</name></member>
    <member refid="classRobot_1a1c79b73e5c2b708127b76ccc938435cb" kind="variable"><name>agv_1_camera_sub</name></member>
    <member refid="classRobot_1a9b657d7fb9a86b7da631128d2d6e34a4" kind="variable"><name>agv_2_camera_sub</name></member>
    <member refid="classRobot_1afffa629890d2d72d7095123c82963cd7" kind="variable"><name>agv_3_camera_sub</name></member>
    <member refid="classRobot_1a420e1708bed01dfd1704bb5402d4ae42" kind="variable"><name>agv_4_camera_sub</name></member>
    <member refid="classRobot_1a42748a6befc4d2df0630a5d67b297144" kind="variable"><name>as1_state_sub_</name></member>
    <member refid="classRobot_1addff1479689b5d23a5060fdeffca4b8a" kind="variable"><name>as2_state_sub_</name></member>
    <member refid="classRobot_1aa50b3b918658286cb5798fc3b576fe66" kind="variable"><name>as3_state_sub_</name></member>
    <member refid="classRobot_1ae76f558f0f382c19f1452dedfd4640ce" kind="variable"><name>as4_state_sub_</name></member>
    <member refid="classRobot_1a6201cb33c13ebef38b2fcab420e5aa26" kind="variable"><name>assembly_station_states_</name></member>
    <member refid="classRobot_1a22927bc22edba52b76a8ce00f218eec7" kind="variable"><name>current_order_</name></member>
    <member refid="classRobot_1a4df63963a8435a896c4249edfb628076" kind="variable"><name>orders_</name></member>
    <member refid="classRobot_1a4f1d96b115ae13e82a1110251341df6d" kind="variable"><name>step</name></member>
    <member refid="classRobot_1aae1f0fc6752ff652ffb109794a7bb967" kind="variable"><name>competition_state_</name></member>
    <member refid="classRobot_1ace10e2a69b3a545bef7606e7421d315f" kind="variable"><name>floor_gripper_state_</name></member>
    <member refid="classRobot_1a132d3df63c35c140fe466d21a13dcd40" kind="variable"><name>floor_robot_attached_part_</name></member>
    <member refid="classRobot_1a2dac0ee968efce30f7f74279053ecd28" kind="variable"><name>ceiling_gripper_state_</name></member>
    <member refid="classRobot_1a882edf97a0f53d046b7ac8c7bbbf0ad1" kind="variable"><name>ceiling_robot_attached_part_</name></member>
    <member refid="classRobot_1ac6672e6169b2f6b6dae5f485e92ddcc1" kind="variable"><name>kts1_camera_pose_</name></member>
    <member refid="classRobot_1a026364fdd1ff8becc06d0a5ea3c7700b" kind="variable"><name>kts2_camera_pose_</name></member>
    <member refid="classRobot_1a4cb6314d29df920daf767b742cc852b1" kind="variable"><name>left_bins_camera_pose_</name></member>
    <member refid="classRobot_1a25ca909723ffd68f63cdcd295a5a8f1c" kind="variable"><name>right_bins_camera_pose_</name></member>
    <member refid="classRobot_1aff9e0e8ef1d163c468683dc0e1098154" kind="variable"><name>conveyor_camera_pose_</name></member>
    <member refid="classRobot_1a5c4915943d32007dacd4bd3d087ce7d6" kind="variable"><name>agv_1_camera_pose_</name></member>
    <member refid="classRobot_1ab1ac6898c8c1a7baff7751d84e6cbff2" kind="variable"><name>agv_2_camera_pose_</name></member>
    <member refid="classRobot_1a4a1ab68162a869f354fa484ae8b81b6d" kind="variable"><name>agv_3_camera_pose_</name></member>
    <member refid="classRobot_1a35c12d13f5997ce1aae2993a3a51513d" kind="variable"><name>agv_4_camera_pose_</name></member>
    <member refid="classRobot_1a4d1e957557592a581c5e096f5258b118" kind="variable"><name>kts1_trays_</name></member>
    <member refid="classRobot_1a3df2a173e30ac7b610ec98b88721bca8" kind="variable"><name>kts2_trays_</name></member>
    <member refid="classRobot_1aa6da0706c2df517c05f6a507453eec71" kind="variable"><name>left_bins_parts_</name></member>
    <member refid="classRobot_1a60038232757096dea51a83f6797e4883" kind="variable"><name>right_bins_parts_</name></member>
    <member refid="classRobot_1aca20f6dac41967e133909a282b3a8962" kind="variable"><name>conveyor_camera_parts_</name></member>
    <member refid="classRobot_1a3f72a298b7358b3878dc26d767a3b677" kind="variable"><name>current_conveyor_part</name></member>
    <member refid="classRobot_1a1befe723ca8e9f8f7b4b454889068366" kind="variable"><name>agv_camera_poses_</name></member>
    <member refid="classRobot_1a560b369bf45ac25f787a6397a9b3096d" kind="variable"><name>agv_camera_parts_</name></member>
    <member refid="classRobot_1a36b4fda52cc895e1aea6459c6dc9989a" kind="variable"><name>agv_1_parts_</name></member>
    <member refid="classRobot_1a322da025eb6a8b31d29866abb3e27b9f" kind="variable"><name>agv_2_parts_</name></member>
    <member refid="classRobot_1adc4f6beae4a5617fc5e626d8191dc817" kind="variable"><name>agv_3_parts_</name></member>
    <member refid="classRobot_1a58a25ee5011ab88d7def6b0706bb42b3" kind="variable"><name>agv_4_parts_</name></member>
    <member refid="classRobot_1a19a73bb0f8e482b9fb3b82869cf5726b" kind="variable"><name>kts1_camera_received_data</name></member>
    <member refid="classRobot_1addbac8c89f00f108ee30a676802a729e" kind="variable"><name>kts2_camera_received_data</name></member>
    <member refid="classRobot_1a98c5f59412c25ec88212260b4e5bb341" kind="variable"><name>left_bins_camera_received_data</name></member>
    <member refid="classRobot_1a0f91216a3dc59e3dbf2f3e7fdd8e2c9e" kind="variable"><name>right_bins_camera_received_data</name></member>
    <member refid="classRobot_1abd2d9ca2fc2832f68b32c82485b66372" kind="variable"><name>floor_robot_task_received_data_</name></member>
    <member refid="classRobot_1ade5a9a48ca1f3b572d573d68b94f3c7f" kind="variable"><name>conveyor_camera_received_data_</name></member>
    <member refid="classRobot_1a1c58f386e51a5856bb7fe1069647bc52" kind="variable"><name>agv_1_camera_received_data</name></member>
    <member refid="classRobot_1a2bfd5eda0adfd93a65b27d0e0f2537a3" kind="variable"><name>agv_2_camera_received_data</name></member>
    <member refid="classRobot_1a96e198273e7cd56fdc5bc842ce685678" kind="variable"><name>agv_3_camera_received_data</name></member>
    <member refid="classRobot_1a1879bc2892662ab1867ba6bfab74d7ff" kind="variable"><name>agv_4_camera_received_data</name></member>
    <member refid="classRobot_1ace18d563590ae66b1c2b3a4efedd07ec" kind="variable"><name>conveyor_part_detected</name></member>
    <member refid="classRobot_1aa3e1836d41c7fb8191f3ecb0efb19d5e" kind="variable"><name>break_beam_detected</name></member>
    <member refid="classRobot_1a3137e7c8796899b1275db82dbbcbf25a" kind="variable"><name>conveyor_parts_picked</name></member>
    <member refid="classRobot_1aeed512997d8098ed6b25e5818e9173ad" kind="variable"><name>quality_checker_</name></member>
    <member refid="classRobot_1a78a6bd0ab12a491d39c69d9206db8c2d" kind="variable"><name>pre_assembly_poses_getter_</name></member>
    <member refid="classRobot_1a3b4b643819045d3ec4a0026a12459bde" kind="variable"><name>floor_robot_tool_changer_</name></member>
    <member refid="classRobot_1aa1e79c614122dd2729acb2b5fc307493" kind="variable"><name>floor_robot_gripper_enable_</name></member>
    <member refid="classRobot_1af05a78b9a0b4bb921238fe44a582a2ae" kind="variable"><name>ceiling_robot_gripper_enable_</name></member>
    <member refid="classRobot_1a49d9c5e4d5ae8926edcda24b44524bc1" kind="variable"><name>kit_tray_thickness_</name></member>
    <member refid="classRobot_1a3bd4edfab1f292a98807d23328f9fcf9" kind="variable"><name>drop_height_</name></member>
    <member refid="classRobot_1aa7d462cdfd8ae9f8db2e465c0f3e17bb" kind="variable"><name>pick_offset_</name></member>
    <member refid="classRobot_1ab1804361568dd4e6b15e3aee539446f7" kind="variable"><name>battery_grip_offset_</name></member>
    <member refid="classRobot_1acddff62acc00d53192c19fcf19a4fc56" kind="variable"><name>part_types_</name></member>
    <member refid="classRobot_1a95de5bd57dd37ff7a1f7591484433624" kind="variable"><name>part_colors_</name></member>
    <member refid="classRobot_1a0c5b877fdb3b4f51e94913cb5bbc6559" kind="variable"><name>part_heights_</name></member>
    <member refid="classRobot_1adaada24f629432c80fdca5f341e4efde" kind="variable"><name>part_types_bin_</name></member>
    <member refid="classRobot_1a205dc52073389d47b935a8c7b0bef67e" kind="variable"><name>conveyer_pick_offset</name></member>
    <member refid="classRobot_1a6a7acdd9111dc5a247fdf3b04112bd25" kind="variable"><name>quad_offsets_</name></member>
    <member refid="classRobot_1a7e493aeb3e1f6d730193da26ac918c8f" kind="variable"><name>rail_positions_</name></member>
    <member refid="classRobot_1a87ec4979346c9321fed0af4748aa7f7c" kind="variable"><name>floor_kts1_js_</name></member>
    <member refid="classRobot_1a727318c0dd1a60729f6fe0e92cb1ef45" kind="variable"><name>floor_kts2_js_</name></member>
    <member refid="classRobot_1a152ccfc496d37cc7f0833d75bfb159d9" kind="variable"><name>ceiling_as1_js_</name></member>
    <member refid="classRobot_1ae8a5d334cead1ccab8969eea3febe297" kind="variable"><name>ceiling_as2_js_</name></member>
    <member refid="classRobot_1a22d7d67362faf5402795327ea12d6bc2" kind="variable"><name>ceiling_as3_js_</name></member>
    <member refid="classRobot_1aed3aee7b9777b4e9a34ca5c6c1d95553" kind="variable"><name>ceiling_as4_js_</name></member>
    <member refid="classRobot_1a8b6ebb6bb5cd1b11064cfd83c7a44954" kind="variable"><name>center_disposal_bin_js</name></member>
    <member refid="classRobot_1ae1632ebeb53efd079fe28c01459b5486" kind="variable"><name>left_disposal_bin_js</name></member>
    <member refid="classRobot_1a8162cf0cffd4b02d46fa14dc19bd5826" kind="variable"><name>right_disposal_bin_js</name></member>
    <member refid="classRobot_1a4fc7c70ae20623f05e06f2ecb388b6c4" kind="function"><name>Robot</name></member>
    <member refid="classRobot_1a924320124b09c2f2ac1621aa210d5f38" kind="function"><name>~Robot</name></member>
    <member refid="classRobot_1a49a5a086d236a03d0fbf4eeb0a8f45b6" kind="function"><name>FloorRobotSendHome</name></member>
    <member refid="classRobot_1aa86748698bd0914942a7620966947cbe" kind="function"><name>FloorRobotSetGripperState</name></member>
    <member refid="classRobot_1afb76da94121199683dc764b8612a214c" kind="function"><name>FloorRobotChangeGripper</name></member>
    <member refid="classRobot_1a5b4cb22e3064fa9962d8b07d68db6504" kind="function"><name>FloorRobotPickandPlaceTray</name></member>
    <member refid="classRobot_1a8ade232c1bf54e8ffa971a2b03accdda" kind="function"><name>FloorRobotPickBinPart</name></member>
    <member refid="classRobot_1a4923b552ee096963a9275a10ebf14dfc" kind="function"><name>FloorRobotPickConveyorPart</name></member>
    <member refid="classRobot_1af184acccdd08fdb2e189497ca7dff82c" kind="function"><name>PickUpConveyor</name></member>
    <member refid="classRobot_1a377f02f61f7eede08a3adffe94d8925a" kind="function"><name>FloorRobotPlacePartOnKitTray</name></member>
    <member refid="classRobot_1a4feb070477b8383f93dcc07658d2b4ec" kind="function"><name>CeilingRobotSendHome</name></member>
    <member refid="classRobot_1aca2399d4a1d5b1312c12c9a642e98232" kind="function"><name>CeilingRobotSetGripperState</name></member>
    <member refid="classRobot_1a8a0b61b0eed1e0429791ae1371325147" kind="function"><name>LockAGVTray</name></member>
    <member refid="classRobot_1a85ff1acb09d38e7bc92d22ed3f1e87ea" kind="function"><name>MoveAGV</name></member>
    <member refid="classRobot_1a8b8a2d6955630598506d17031e49bd1c" kind="function"><name>CompleteOrders</name></member>
    <member refid="classRobot_1aa4cac795d5405d2e55619fb7a79787a8" kind="function"><name>CompleteKittingTask</name></member>
    <member refid="classRobot_1a083fd9af064f3a19e3c85bdc991a2f24" kind="function"><name>CompleteAssemblyTask</name></member>
    <member refid="classRobot_1a0da2cec79736349e0e952573e568ceea" kind="function"><name>CompleteCombinedTask</name></member>
    <member refid="classRobot_1af573bfcf65f1eb329ea3713e4d9872da" kind="function"><name>FloorRobotMovetoTarget</name></member>
    <member refid="classRobot_1aa6daba305766910b2bd5a836eca2316c" kind="function"><name>FloorRobotMoveCartesian</name></member>
    <member refid="classRobot_1a7b27d54c051f4dabf39ffe6f54497287" kind="function"><name>FloorRobotWaitForAttach</name></member>
    <member refid="classRobot_1a2dbff8fbbee8f68cc8f25408cce12e53" kind="function"><name>FloorRobotWaitForAttachConveyor</name></member>
    <member refid="classRobot_1aaa12ebab3f0049a43ced2a6c81ae55f1" kind="function"><name>CeilingRobotMovetoTarget</name></member>
    <member refid="classRobot_1a053969f73bba91f1794da742f89dc88c" kind="function"><name>CeilingRobotMoveCartesian</name></member>
    <member refid="classRobot_1a53bca320a404bf5b691e49d6bf6da31b" kind="function"><name>CeilingRobotWaitForAttach</name></member>
    <member refid="classRobot_1a04aeb3c05a6a68cacdc3218d68490b76" kind="function"><name>CeilingRobotWaitForAssemble</name></member>
    <member refid="classRobot_1a2b91afbb9ebd2737e151a1ecb79e0dda" kind="function"><name>CeilingRobotMoveToAssemblyStation</name></member>
    <member refid="classRobot_1a397d3cd18be4452566ffddccf79c4039" kind="function"><name>CeilingRobotPickAGVPart</name></member>
    <member refid="classRobot_1a1b55d7be31819cabcb82c88770245e1a" kind="function"><name>CeilingRobotAssemblePart</name></member>
    <member refid="classRobot_1a45666dd754a5dc3d7b6749ca29ff2729" kind="function"><name>KittingPartQualityCheck</name></member>
    <member refid="classRobot_1ae6808f15936b097f8491ef21957025d0" kind="function"><name>PrintQualityCheck</name></member>
    <member refid="classRobot_1a4d6b35055e2f368802bdd833b31b5565" kind="function"><name>FloorRobotPickAGVTrayPart</name></member>
    <member refid="classRobot_1ad4883c9c373170467ee3b3df95fca6d6" kind="function"><name>FloorRobotDisposePart</name></member>
    <member refid="classRobot_1a2ea79ba88602e9370bbf3fc18f42fba1" kind="function"><name>SetRobotOrientation</name></member>
    <member refid="classRobot_1a15dc33b0638eecc3347b8d00f598c16d" kind="function"><name>LogPose</name></member>
    <member refid="classRobot_1ac8b60b28b0d0988f2956404905fd052a" kind="function"><name>MultiplyPose</name></member>
    <member refid="classRobot_1af84610861b84e570f3e8c74588f77d5b" kind="function"><name>BuildPose</name></member>
    <member refid="classRobot_1a12fdef78c9b25cacc8eb3d9b416a7d2a" kind="function"><name>FrameWorldPose</name></member>
    <member refid="classRobot_1a9d1abbb23dc152a4b54cd3e3884153fb" kind="function"><name>GetYaw</name></member>
    <member refid="classRobot_1aff9243387aafac73a07c9465949f9408" kind="function"><name>QuaternionFromRPY</name></member>
    <member refid="classRobot_1aefebfee4058049dcea8dbbf2403602cb" kind="function"><name>AddModelToPlanningScene</name></member>
    <member refid="classRobot_1a488f2a14ec947731e9a2102aaf4e03ab" kind="function"><name>AddModelsToPlanningScene</name></member>
    <member refid="classRobot_1a1195dbb61468bde6c0ea6cd0d9bbbcb3" kind="function"><name>kts1_camera_cb</name></member>
    <member refid="classRobot_1ab3ef206fbce52a273147575aa9a98ba4" kind="function"><name>kts2_camera_cb</name></member>
    <member refid="classRobot_1abe0f12975fb62956cbe933f7cf3be8ce" kind="function"><name>left_bins_camera_cb</name></member>
    <member refid="classRobot_1ac989a05af2a975a1fb6028598fc8731f" kind="function"><name>right_bins_camera_cb</name></member>
    <member refid="classRobot_1a00aaef78a7941a69bb95fc8ae03fed09" kind="function"><name>conveyor_camera_cb</name></member>
    <member refid="classRobot_1ac5115f3f6f67a7fdade89114bf42a35d" kind="function"><name>break_beam_cb</name></member>
    <member refid="classRobot_1a8a84096e1853f3ecf7481585894b583f" kind="function"><name>competition_state_cb</name></member>
    <member refid="classRobot_1a487663db47dfe504deaf0ae03f333d67" kind="function"><name>floor_gripper_state_cb</name></member>
    <member refid="classRobot_1a632dc2db38654157d8c60b15a83e373c" kind="function"><name>ceiling_gripper_state_cb</name></member>
    <member refid="classRobot_1ac286d2606fac79dc790fc474c9fabf02" kind="function"><name>agv_1_camera_cb</name></member>
    <member refid="classRobot_1a661b4f15329b49077b6b03f3645fdf45" kind="function"><name>agv_2_camera_cb</name></member>
    <member refid="classRobot_1a39c59b7bf095f27bfae87da46e97deaa" kind="function"><name>agv_3_camera_cb</name></member>
    <member refid="classRobot_1a62c41201686f7bebb6159a9e0fb397d5" kind="function"><name>agv_4_camera_cb</name></member>
    <member refid="classRobot_1a2a2c8499c4a561998ce037719db0fa17" kind="function"><name>as1_state_cb</name></member>
    <member refid="classRobot_1adc3ec543fc65a01ad2acc4a9d3d6519b" kind="function"><name>as2_state_cb</name></member>
    <member refid="classRobot_1aedd1d75826651273087ce7525ecd945e" kind="function"><name>as3_state_cb</name></member>
    <member refid="classRobot_1ae88d3b84d848a24537026ba0d53e3947" kind="function"><name>as4_state_cb</name></member>
    <member refid="classRobot_1a4db092f6e2f84698a4baed03f9637145" kind="function"><name>floor_robot_task_cb</name></member>
    <member refid="classRobot_1aa576a815ddd11e35a861a57cef1ad382" kind="function"><name>step_task_cb</name></member>
  </compound>
  <compound refid="structTrackBin_1_1Slot" kind="struct"><name>TrackBin::Slot</name>
    <member refid="structTrackBin_1_1Slot_1aa1e2789103c92f6c40d47e92043a5726" kind="variable"><name>status</name></member>
    <member refid="structTrackBin_1_1Slot_1a589ca90870e829abd145f20489ab35c8" kind="variable"><name>x</name></member>
    <member refid="structTrackBin_1_1Slot_1a7f1e3c981d09d830f95658144efbb16c" kind="variable"><name>y</name></member>
  </compound>
  <compound refid="classgroup5__rwa__3_1_1competition__client_1_1StartCompClient" kind="class"><name>group5_rwa_3::competition_client::StartCompClient</name>
    <member refid="classgroup5__rwa__3_1_1competition__client_1_1StartCompClient_1a473f2d44e7bed63559f807cc096e2382" kind="variable"><name>cli</name></member>
    <member refid="classgroup5__rwa__3_1_1competition__client_1_1StartCompClient_1a8993e332a8ad56fb16886b8cce8eda22" kind="variable"><name>req</name></member>
    <member refid="classgroup5__rwa__3_1_1competition__client_1_1StartCompClient_1a85739a82d05e9248c351543453768ef7" kind="variable"><name>future</name></member>
    <member refid="classgroup5__rwa__3_1_1competition__client_1_1StartCompClient_1a3797f049859515fff4345c819de88cc4" kind="function"><name>__init__</name></member>
    <member refid="classgroup5__rwa__3_1_1competition__client_1_1StartCompClient_1aad2b6ea135121a07d5c3a59b38a6b17e" kind="function"><name>send_empty_request</name></member>
  </compound>
  <compound refid="classgroup5__rwa__3_1_1submit__order__nodes_1_1SubmitOrderClient" kind="class"><name>group5_rwa_3::submit_order_nodes::SubmitOrderClient</name>
    <member refid="classgroup5__rwa__3_1_1submit__order__nodes_1_1SubmitOrderClient_1aef42a3d18ec6cf8c9f1724d78f5e5f8b" kind="variable"><name>cli</name></member>
    <member refid="classgroup5__rwa__3_1_1submit__order__nodes_1_1SubmitOrderClient_1a4915882abd7ae5bd0b34ae2b7ef259af" kind="variable"><name>req</name></member>
    <member refid="classgroup5__rwa__3_1_1submit__order__nodes_1_1SubmitOrderClient_1a75bcfa86b4201d258487aa16973dd133" kind="variable"><name>future</name></member>
    <member refid="classgroup5__rwa__3_1_1submit__order__nodes_1_1SubmitOrderClient_1aa5049d0700e485d4c381a9cb3d3fc2b9" kind="function"><name>__init__</name></member>
    <member refid="classgroup5__rwa__3_1_1submit__order__nodes_1_1SubmitOrderClient_1ae636751bd1197c5b96cc53186aff0e30" kind="function"><name>send_request</name></member>
  </compound>
  <compound refid="classgroup5__rwa__3_1_1submit__order__nodes_1_1SubmitStatePublisher" kind="class"><name>group5_rwa_3::submit_order_nodes::SubmitStatePublisher</name>
    <member refid="classgroup5__rwa__3_1_1submit__order__nodes_1_1SubmitStatePublisher_1a57d11086f671794d5654a547449a2739" kind="variable"><name>data</name></member>
    <member refid="classgroup5__rwa__3_1_1submit__order__nodes_1_1SubmitStatePublisher_1a14aefa0197a18fc60d26c87416d9dee0" kind="variable"><name>publisher_</name></member>
    <member refid="classgroup5__rwa__3_1_1submit__order__nodes_1_1SubmitStatePublisher_1a7fea7ba202302b1c588849bbe31579a0" kind="variable"><name>timer</name></member>
    <member refid="classgroup5__rwa__3_1_1submit__order__nodes_1_1SubmitStatePublisher_1a4287a19a3e93c6038f5e06680c281076" kind="function"><name>__init__</name></member>
    <member refid="classgroup5__rwa__3_1_1submit__order__nodes_1_1SubmitStatePublisher_1a16e413cb5175fc49b94664ec84a0b7fa" kind="function"><name>update_data</name></member>
    <member refid="classgroup5__rwa__3_1_1submit__order__nodes_1_1SubmitStatePublisher_1a03a43dcb5ce49eb88596b0aca8a6aeae" kind="function"><name>timer_callback</name></member>
  </compound>
  <compound refid="classTrackBin" kind="class"><name>TrackBin</name>
    <member refid="classTrackBin_1affef1c6939ab15c03f7c576ae0ab7dc5" kind="variable"><name>slot_status</name></member>
    <member refid="classTrackBin_1a8ce6b1fdc973c26b95c3462d55286610" kind="function"><name>TrackBin</name></member>
    <member refid="classTrackBin_1aa1761b7f605404f9779c45ab7f52eb6b" kind="function"><name>empty_left_slot_status</name></member>
    <member refid="classTrackBin_1aabc0bf5382a317779a7f1e775ddae6c2" kind="function"><name>empty_right_slot_status</name></member>
    <member refid="classTrackBin_1a912dfdb26c2c1a0edaadf1945b66d339" kind="function"><name>update_left_slot_status</name></member>
    <member refid="classTrackBin_1a74ac43dc1f314f9e58b70b1599a15eba" kind="function"><name>update_right_slot_status</name></member>
    <member refid="classTrackBin_1a2988012958ab9547d4842c4599f7a692" kind="function"><name>get_place_pose</name></member>
    <member refid="classTrackBin_1af8ad58444b3680a727dd3dec1a4664d7" kind="function"><name>print_slot_status</name></member>
  </compound>
  <compound refid="namespacegroup5__rwa__3" kind="namespace"><name>group5_rwa_3</name>
  </compound>
  <compound refid="namespacegroup5__rwa__3_1_1competition__client" kind="namespace"><name>group5_rwa_3::competition_client</name>
    <member refid="competition__client_8py_1a53dee63c438e764cc43a15e8ff52648c" kind="variable"><name>__author__</name></member>
    <member refid="competition__client_8py_1afab74f81deb471c57e40af4082f92898" kind="variable"><name>__maintainer__</name></member>
  </compound>
  <compound refid="namespacegroup5__rwa__3_1_1part__locations" kind="namespace"><name>group5_rwa_3::part_locations</name>
  </compound>
  <compound refid="namespacegroup5__rwa__3_1_1store__and__submit" kind="namespace"><name>group5_rwa_3::store_and_submit</name>
    <member refid="store__and__submit_8py_1a37322ac1f8c70374a280f0e33b70cfdd" kind="variable"><name>__author__</name></member>
    <member refid="store__and__submit_8py_1adc41f8ca3060aee7de55c51769772766" kind="variable"><name>__maintainer__</name></member>
  </compound>
  <compound refid="namespacegroup5__rwa__3_1_1submit__order__nodes" kind="namespace"><name>group5_rwa_3::submit_order_nodes</name>
    <member refid="submit__order__nodes_8py_1a73268e7fa6e20003a792abdbd5ed0c92" kind="variable"><name>__author__</name></member>
    <member refid="submit__order__nodes_8py_1ad78408f28dceb23ceb0708cdfc8bfce3" kind="variable"><name>__maintainer__</name></member>
  </compound>
  <compound refid="____init_____8py" kind="file"><name>__init__.py</name>
  </compound>
  <compound refid="competition__client_8py" kind="file"><name>competition_client.py</name>
  </compound>
  <compound refid="floor__robot_8hpp" kind="file"><name>floor_robot.hpp</name>
  </compound>
  <compound refid="floor__robot__quality_8hpp" kind="file"><name>floor_robot_quality.hpp</name>
  </compound>
  <compound refid="part__locations_8py" kind="file"><name>part_locations.py</name>
  </compound>
  <compound refid="store__and__submit_8py" kind="file"><name>store_and_submit.py</name>
  </compound>
  <compound refid="submit__order__nodes_8py" kind="file"><name>submit_order_nodes.py</name>
  </compound>
  <compound refid="track__bin_8hpp" kind="file"><name>track_bin.hpp</name>
  </compound>
  <compound refid="dir_58c6be232a4dbb4bceb2c7c04ee23771" kind="dir"><name>/home/shubh/ariac_ws</name>
  </compound>
  <compound refid="dir_583d7efe43376ece9fd1d72227760085" kind="dir"><name>/home/shubh/ariac_ws/src/group5</name>
  </compound>
  <compound refid="dir_6a7a8b081b7ce8c21a40be1a3e2b780e" kind="dir"><name>/home/shubh/ariac_ws/src/group5/group5_rwa_3</name>
  </compound>
  <compound refid="dir_af3c1ef654f736f83cd526ae007bdd71" kind="dir"><name>/home/shubh/ariac_ws/src/group5/group5_rwa_3/include/group5_rwa_3</name>
  </compound>
  <compound refid="dir_cb535dfc09a535e18ddfebd1dd801c44" kind="dir"><name>/home/shubh/ariac_ws/src/group5/group5_rwa_3/include</name>
  </compound>
  <compound refid="dir_d472ed29bfdc885df23b8567ef8db6ef" kind="dir"><name>/home/shubh/ariac_ws/src</name>
  </compound>
</doxygenindex>
