<?xml version='1.0' encoding='UTF-8' standalone='no'?>
<doxygen xmlns:xsi="http://www.w3.org/2001/XMLSchema-instance" xsi:noNamespaceSchemaLocation="compound.xsd" version="1.8.17">
  <compounddef id="namespacegroup5__rwa__3_1_1store__and__submit" kind="namespace" language="Python">
    <compoundname>group5_rwa_3::store_and_submit</compoundname>
    <innerclass refid="classgroup5__rwa__3_1_1store__and__submit_1_1AssemblyPartClass" prot="public">group5_rwa_3::store_and_submit::AssemblyPartClass</innerclass>
    <innerclass refid="classgroup5__rwa__3_1_1store__and__submit_1_1AssemblyTaskClass" prot="public">group5_rwa_3::store_and_submit::AssemblyTaskClass</innerclass>
    <innerclass refid="classgroup5__rwa__3_1_1store__and__submit_1_1CombinedTaskClass" prot="public">group5_rwa_3::store_and_submit::CombinedTaskClass</innerclass>
    <innerclass refid="classgroup5__rwa__3_1_1store__and__submit_1_1KittingPartClass" prot="public">group5_rwa_3::store_and_submit::KittingPartClass</innerclass>
    <innerclass refid="classgroup5__rwa__3_1_1store__and__submit_1_1KittingTaskClass" prot="public">group5_rwa_3::store_and_submit::KittingTaskClass</innerclass>
    <innerclass refid="classgroup5__rwa__3_1_1store__and__submit_1_1OrderClass" prot="public">group5_rwa_3::store_and_submit::OrderClass</innerclass>
    <innerclass refid="classgroup5__rwa__3_1_1store__and__submit_1_1PartClass" prot="public">group5_rwa_3::store_and_submit::PartClass</innerclass>
      <sectiondef kind="var">
      <memberdef kind="variable" id="store__and__submit_8py_1a37322ac1f8c70374a280f0e33b70cfdd" prot="private" static="no" mutable="no">
        <type>string</type>
        <definition>string group5_rwa_3::store_and_submit.__author__</definition>
        <argsstring></argsstring>
        <name>__author__</name>
        <initializer>=  &apos;jaisharm@umd.edu (jai)&apos;</initializer>
        <briefdescription>
        </briefdescription>
        <detaileddescription>
        </detaileddescription>
        <inbodydescription>
        </inbodydescription>
        <location file="/home/shubh/ariac_ws/src/group5/group5_rwa_3/include/group5_rwa_3/store_and_submit.py" line="3" column="1" bodyfile="/home/shubh/ariac_ws/src/group5/group5_rwa_3/include/group5_rwa_3/store_and_submit.py" bodystart="3" bodyend="-1"/>
      </memberdef>
      <memberdef kind="variable" id="store__and__submit_8py_1adc41f8ca3060aee7de55c51769772766" prot="private" static="no" mutable="no">
        <type>string</type>
        <definition>string group5_rwa_3::store_and_submit.__maintainer__</definition>
        <argsstring></argsstring>
        <name>__maintainer__</name>
        <initializer>=  &apos;jaisharm@umd.edu (jai)&apos;</initializer>
        <briefdescription>
        </briefdescription>
        <detaileddescription>
        </detaileddescription>
        <inbodydescription>
        </inbodydescription>
        <location file="/home/shubh/ariac_ws/src/group5/group5_rwa_3/include/group5_rwa_3/store_and_submit.py" line="4" column="1" bodyfile="/home/shubh/ariac_ws/src/group5/group5_rwa_3/include/group5_rwa_3/store_and_submit.py" bodystart="4" bodyend="-1"/>
      </memberdef>
      </sectiondef>
    <briefdescription>
    </briefdescription>
    <detaileddescription>
    </detaileddescription>
    <location file="/home/shubh/ariac_ws/src/group5/group5_rwa_3/include/group5_rwa_3/store_and_submit.py" line="1" column="1"/>
  </compounddef>
</doxygen>
