<?xml version='1.0' encoding='UTF-8' standalone='no'?>
<doxygen xmlns:xsi="http://www.w3.org/2001/XMLSchema-instance" xsi:noNamespaceSchemaLocation="compound.xsd" version="1.8.17">
  <compounddef id="namespacegroup5__rwa__3_1_1submit__order__nodes" kind="namespace" language="Python">
    <compoundname>group5_rwa_3::submit_order_nodes</compoundname>
    <innerclass refid="classgroup5__rwa__3_1_1submit__order__nodes_1_1SubmitOrderClient" prot="public">group5_rwa_3::submit_order_nodes::SubmitOrderClient</innerclass>
    <innerclass refid="classgroup5__rwa__3_1_1submit__order__nodes_1_1SubmitStatePublisher" prot="public">group5_rwa_3::submit_order_nodes::SubmitStatePublisher</innerclass>
      <sectiondef kind="var">
      <memberdef kind="variable" id="submit__order__nodes_8py_1a73268e7fa6e20003a792abdbd5ed0c92" prot="private" static="no" mutable="no">
        <type>string</type>
        <definition>string group5_rwa_3::submit_order_nodes.__author__</definition>
        <argsstring></argsstring>
        <name>__author__</name>
        <initializer>=  &apos;jaisharm@umd.edu (jai)&apos;</initializer>
        <briefdescription>
        </briefdescription>
        <detaileddescription>
        </detaileddescription>
        <inbodydescription>
        </inbodydescription>
        <location file="/home/shubh/ariac_ws/src/group5/group5_rwa_3/include/group5_rwa_3/submit_order_nodes.py" line="2" column="1" bodyfile="/home/shubh/ariac_ws/src/group5/group5_rwa_3/include/group5_rwa_3/submit_order_nodes.py" bodystart="2" bodyend="-1"/>
      </memberdef>
      <memberdef kind="variable" id="submit__order__nodes_8py_1ad78408f28dceb23ceb0708cdfc8bfce3" prot="private" static="no" mutable="no">
        <type>string</type>
        <definition>string group5_rwa_3::submit_order_nodes.__maintainer__</definition>
        <argsstring></argsstring>
        <name>__maintainer__</name>
        <initializer>=  &apos;jaisharm@umd.edu (jai)&apos;</initializer>
        <briefdescription>
        </briefdescription>
        <detaileddescription>
        </detaileddescription>
        <inbodydescription>
        </inbodydescription>
        <location file="/home/shubh/ariac_ws/src/group5/group5_rwa_3/include/group5_rwa_3/submit_order_nodes.py" line="3" column="1" bodyfile="/home/shubh/ariac_ws/src/group5/group5_rwa_3/include/group5_rwa_3/submit_order_nodes.py" bodystart="3" bodyend="-1"/>
      </memberdef>
      </sectiondef>
    <briefdescription>
    </briefdescription>
    <detaileddescription>
    </detaileddescription>
    <location file="/home/shubh/ariac_ws/src/group5/group5_rwa_3/include/group5_rwa_3/submit_order_nodes.py" line="1" column="1"/>
  </compounddef>
</doxygen>
