<?xml version='1.0' encoding='UTF-8' standalone='no'?>
<doxygen xmlns:xsi="http://www.w3.org/2001/XMLSchema-instance" xsi:noNamespaceSchemaLocation="compound.xsd" version="1.8.17">
  <compounddef id="namespacegroup5__rwa__3_1_1part__locations" kind="namespace" language="Python">
    <compoundname>group5_rwa_3::part_locations</compoundname>
    <innerclass refid="classgroup5__rwa__3_1_1part__locations_1_1BinInfoClass" prot="public">group5_rwa_3::part_locations::BinInfoClass</innerclass>
    <innerclass refid="classgroup5__rwa__3_1_1part__locations_1_1BinPartsClass" prot="public">group5_rwa_3::part_locations::BinPartsClass</innerclass>
    <innerclass refid="classgroup5__rwa__3_1_1part__locations_1_1ConveyerPartsClass" prot="public">group5_rwa_3::part_locations::ConveyerPartsClass</innerclass>
    <innerclass refid="classgroup5__rwa__3_1_1part__locations_1_1PartLotClass" prot="public">group5_rwa_3::part_locations::PartLotClass</innerclass>
    <briefdescription>
    </briefdescription>
    <detaileddescription>
<para><verbatim>Holds classes useful to identfying and storing parts in the workcell
Potential Part Locations:
    - Bins
    - Conveyors
    - AGVs
</verbatim> </para>
    </detaileddescription>
    <location file="/home/shubh/ariac_ws/src/group5/group5_rwa_3/include/group5_rwa_3/part_locations.py" line="1" column="1"/>
  </compounddef>
</doxygen>
