<?xml version='1.0' encoding='UTF-8' standalone='no'?>
<doxygen xmlns:xsi="http://www.w3.org/2001/XMLSchema-instance" xsi:noNamespaceSchemaLocation="compound.xsd" version="1.8.17">
  <compounddef id="namespacegroup5__rwa__3" kind="namespace" language="Python">
    <compoundname>group5_rwa_3</compoundname>
    <innernamespace refid="namespacegroup5__rwa__3_1_1competition__client">group5_rwa_3::competition_client</innernamespace>
    <innernamespace refid="namespacegroup5__rwa__3_1_1part__locations">group5_rwa_3::part_locations</innernamespace>
    <innernamespace refid="namespacegroup5__rwa__3_1_1store__and__submit">group5_rwa_3::store_and_submit</innernamespace>
    <innernamespace refid="namespacegroup5__rwa__3_1_1submit__order__nodes">group5_rwa_3::submit_order_nodes</innernamespace>
    <briefdescription>
    </briefdescription>
    <detaileddescription>
    </detaileddescription>
    <location file="/home/shubh/ariac_ws/src/group5/group5_rwa_3/include/group5_rwa_3/__init__.py" line="1" column="1"/>
  </compounddef>
</doxygen>
