<?xml version='1.0' encoding='UTF-8' standalone='no'?>
<doxygen xmlns:xsi="http://www.w3.org/2001/XMLSchema-instance" xsi:noNamespaceSchemaLocation="compound.xsd" version="1.8.17">
  <compounddef id="namespacegroup5__rwa__3_1_1competition__client" kind="namespace" language="Python">
    <compoundname>group5_rwa_3::competition_client</compoundname>
    <innerclass refid="classgroup5__rwa__3_1_1competition__client_1_1EndCompClient" prot="public">group5_rwa_3::competition_client::EndCompClient</innerclass>
    <innerclass refid="classgroup5__rwa__3_1_1competition__client_1_1StartCompClient" prot="public">group5_rwa_3::competition_client::StartCompClient</innerclass>
      <sectiondef kind="var">
      <memberdef kind="variable" id="competition__client_8py_1a53dee63c438e764cc43a15e8ff52648c" prot="private" static="no" mutable="no">
        <type>string</type>
        <definition>string group5_rwa_3::competition_client.__author__</definition>
        <argsstring></argsstring>
        <name>__author__</name>
        <initializer>=  &apos;jaisharm@umd.edu (jai)&apos;</initializer>
        <briefdescription>
        </briefdescription>
        <detaileddescription>
        </detaileddescription>
        <inbodydescription>
        </inbodydescription>
        <location file="/home/shubh/ariac_ws/src/group5/group5_rwa_3/include/group5_rwa_3/competition_client.py" line="3" column="1" bodyfile="/home/shubh/ariac_ws/src/group5/group5_rwa_3/include/group5_rwa_3/competition_client.py" bodystart="3" bodyend="-1"/>
      </memberdef>
      <memberdef kind="variable" id="competition__client_8py_1afab74f81deb471c57e40af4082f92898" prot="private" static="no" mutable="no">
        <type>string</type>
        <definition>string group5_rwa_3::competition_client.__maintainer__</definition>
        <argsstring></argsstring>
        <name>__maintainer__</name>
        <initializer>=  &apos;jaisharm@umd.edu (jai)&apos;</initializer>
        <briefdescription>
        </briefdescription>
        <detaileddescription>
        </detaileddescription>
        <inbodydescription>
        </inbodydescription>
        <location file="/home/shubh/ariac_ws/src/group5/group5_rwa_3/include/group5_rwa_3/competition_client.py" line="4" column="1" bodyfile="/home/shubh/ariac_ws/src/group5/group5_rwa_3/include/group5_rwa_3/competition_client.py" bodystart="4" bodyend="-1"/>
      </memberdef>
      </sectiondef>
    <briefdescription>
    </briefdescription>
    <detaileddescription>
    </detaileddescription>
    <location file="/home/shubh/ariac_ws/src/group5/group5_rwa_3/include/group5_rwa_3/competition_client.py" line="1" column="1"/>
  </compounddef>
</doxygen>
