<?xml version='1.0' encoding='UTF-8' standalone='no'?>
<doxygen xmlns:xsi="http://www.w3.org/2001/XMLSchema-instance" xsi:noNamespaceSchemaLocation="compound.xsd" version="1.8.17">
  <compounddef id="part__locations_8py" kind="file" language="Python">
    <compoundname>part_locations.py</compoundname>
    <innerclass refid="classgroup5__rwa__3_1_1part__locations_1_1BinPartsClass" prot="public">group5_rwa_3::part_locations::BinPartsClass</innerclass>
    <innerclass refid="classgroup5__rwa__3_1_1part__locations_1_1BinInfoClass" prot="public">group5_rwa_3::part_locations::BinInfoClass</innerclass>
    <innerclass refid="classgroup5__rwa__3_1_1part__locations_1_1PartLotClass" prot="public">group5_rwa_3::part_locations::PartLotClass</innerclass>
    <innerclass refid="classgroup5__rwa__3_1_1part__locations_1_1ConveyerPartsClass" prot="public">group5_rwa_3::part_locations::ConveyerPartsClass</innerclass>
    <innernamespace refid="namespacegroup5__rwa__3_1_1part__locations">group5_rwa_3::part_locations</innernamespace>
    <briefdescription>
    </briefdescription>
    <detaileddescription>
    </detaileddescription>
    <programlisting>
<codeline lineno="1" refid="namespacegroup5__rwa__3_1_1part__locations" refkind="compound"><highlight class="comment">#!/usr/bin/env<sp/>python3</highlight><highlight class="normal"></highlight></codeline>
<codeline lineno="2"><highlight class="normal"></highlight></codeline>
<codeline lineno="3"><highlight class="normal"></highlight><highlight class="stringliteral">&quot;&quot;&quot;</highlight></codeline>
<codeline lineno="4"><highlight class="stringliteral">Holds<sp/>classes<sp/>useful<sp/>to<sp/>identfying<sp/>and<sp/>storing<sp/>parts<sp/>in<sp/>the<sp/>workcell</highlight></codeline>
<codeline lineno="5"><highlight class="stringliteral">Potential<sp/>Part<sp/>Locations:</highlight></codeline>
<codeline lineno="6"><highlight class="stringliteral"><sp/><sp/><sp/><sp/>-<sp/>Bins</highlight></codeline>
<codeline lineno="7"><highlight class="stringliteral"><sp/><sp/><sp/><sp/>-<sp/>Conveyors</highlight></codeline>
<codeline lineno="8"><highlight class="stringliteral"><sp/><sp/><sp/><sp/>-<sp/>AGVs</highlight></codeline>
<codeline lineno="9"><highlight class="stringliteral">&quot;&quot;&quot;</highlight><highlight class="normal"></highlight></codeline>
<codeline lineno="10"><highlight class="normal"></highlight></codeline>
<codeline lineno="11"><highlight class="normal"></highlight><highlight class="keyword">from</highlight><highlight class="normal"><sp/>ariac_msgs.msg<sp/></highlight><highlight class="keyword">import</highlight><highlight class="normal"><sp/>BinParts,<sp/>BinInfo,<sp/>PartLot,<sp/>ConveyorParts</highlight></codeline>
<codeline lineno="12"><highlight class="normal"></highlight><highlight class="keyword">from</highlight><highlight class="normal"><sp/><ref refid="namespacegroup5__rwa__3_1_1store__and__submit" kindref="compound">group5_rwa_3.store_and_submit</ref><sp/></highlight><highlight class="keyword">import</highlight><highlight class="normal"><sp/>PartClass</highlight></codeline>
<codeline lineno="13"><highlight class="normal"></highlight></codeline>
<codeline lineno="14" refid="classgroup5__rwa__3_1_1part__locations_1_1BinPartsClass" refkind="compound"><highlight class="normal"></highlight><highlight class="keyword">class<sp/></highlight><highlight class="normal"><ref refid="classgroup5__rwa__3_1_1part__locations_1_1BinPartsClass" kindref="compound">BinPartsClass</ref>:</highlight></codeline>
<codeline lineno="15"><highlight class="normal"><sp/><sp/><sp/><sp/></highlight><highlight class="keyword">def<sp/></highlight><highlight class="normal">__init__(self,<sp/>msg:BinParts):</highlight></codeline>
<codeline lineno="16"><highlight class="normal"><sp/><sp/><sp/><sp/><sp/><sp/><sp/><sp/>self.<ref refid="classgroup5__rwa__3_1_1part__locations_1_1BinPartsClass_1a9fa185da0292528eec8c9d69d4320dee" kindref="member">number_of_bins</ref><sp/>=<sp/>len(msg.bins)</highlight></codeline>
<codeline lineno="17"><highlight class="normal"><sp/><sp/><sp/><sp/><sp/><sp/><sp/><sp/>self.<ref refid="classgroup5__rwa__3_1_1part__locations_1_1BinPartsClass_1a9fea504895851f4b35756e754125daf9" kindref="member">bins</ref><sp/>=<sp/>[]</highlight></codeline>
<codeline lineno="18"><highlight class="normal"><sp/><sp/><sp/><sp/><sp/><sp/><sp/><sp/></highlight><highlight class="keywordflow">for</highlight><highlight class="normal"><sp/>i<sp/></highlight><highlight class="keywordflow">in</highlight><highlight class="normal"><sp/>range(self.<ref refid="classgroup5__rwa__3_1_1part__locations_1_1BinPartsClass_1a9fa185da0292528eec8c9d69d4320dee" kindref="member">number_of_bins</ref>):</highlight></codeline>
<codeline lineno="19"><highlight class="normal"><sp/><sp/><sp/><sp/><sp/><sp/><sp/><sp/><sp/><sp/><sp/><sp/>self.<ref refid="classgroup5__rwa__3_1_1part__locations_1_1BinPartsClass_1a9fea504895851f4b35756e754125daf9" kindref="member">bins</ref>.append(<ref refid="classgroup5__rwa__3_1_1part__locations_1_1BinInfoClass" kindref="compound">BinInfoClass</ref>(msg.bins[i]))</highlight></codeline>
<codeline lineno="20"><highlight class="normal"><sp/><sp/><sp/><sp/><sp/><sp/><sp/><sp/></highlight></codeline>
<codeline lineno="21" refid="classgroup5__rwa__3_1_1part__locations_1_1BinInfoClass" refkind="compound"><highlight class="normal"></highlight><highlight class="keyword">class<sp/></highlight><highlight class="normal"><ref refid="classgroup5__rwa__3_1_1part__locations_1_1BinInfoClass" kindref="compound">BinInfoClass</ref>:</highlight></codeline>
<codeline lineno="22"><highlight class="normal"><sp/><sp/><sp/><sp/></highlight><highlight class="keyword">def<sp/></highlight><highlight class="normal">__init__(self,<sp/>msg:BinInfo):</highlight></codeline>
<codeline lineno="23"><highlight class="normal"><sp/><sp/><sp/><sp/><sp/><sp/><sp/><sp/>self.<ref refid="classgroup5__rwa__3_1_1part__locations_1_1BinInfoClass_1a0da315a74c6c99ad37f890da7fbcb6cf" kindref="member">bin_number</ref><sp/>=<sp/>msg.bin_number</highlight></codeline>
<codeline lineno="24"><highlight class="normal"><sp/><sp/><sp/><sp/><sp/><sp/><sp/><sp/>self.<ref refid="classgroup5__rwa__3_1_1part__locations_1_1BinInfoClass_1ab231efba29dda9878a1b2d39b13d39b8" kindref="member">number_of_parts</ref><sp/>=<sp/>len(msg.parts)</highlight></codeline>
<codeline lineno="25"><highlight class="normal"><sp/><sp/><sp/><sp/><sp/><sp/><sp/><sp/>self.<ref refid="classgroup5__rwa__3_1_1part__locations_1_1BinInfoClass_1a490312fc55299ec42763ef5cbef47a5d" kindref="member">parts</ref><sp/>=<sp/>[]</highlight></codeline>
<codeline lineno="26"><highlight class="normal"><sp/><sp/><sp/><sp/><sp/><sp/><sp/><sp/></highlight><highlight class="keywordflow">for</highlight><highlight class="normal"><sp/>i<sp/></highlight><highlight class="keywordflow">in</highlight><highlight class="normal"><sp/>range(self.<ref refid="classgroup5__rwa__3_1_1part__locations_1_1BinInfoClass_1ab231efba29dda9878a1b2d39b13d39b8" kindref="member">number_of_parts</ref>):</highlight></codeline>
<codeline lineno="27"><highlight class="normal"><sp/><sp/><sp/><sp/><sp/><sp/><sp/><sp/><sp/><sp/><sp/><sp/>self.<ref refid="classgroup5__rwa__3_1_1part__locations_1_1BinInfoClass_1a490312fc55299ec42763ef5cbef47a5d" kindref="member">parts</ref>.append(<ref refid="classgroup5__rwa__3_1_1part__locations_1_1PartLotClass" kindref="compound">PartLotClass</ref>(msg.parts[i]))</highlight></codeline>
<codeline lineno="28"><highlight class="normal"></highlight></codeline>
<codeline lineno="29" refid="classgroup5__rwa__3_1_1part__locations_1_1PartLotClass" refkind="compound"><highlight class="normal"></highlight><highlight class="keyword">class<sp/></highlight><highlight class="normal"><ref refid="classgroup5__rwa__3_1_1part__locations_1_1PartLotClass" kindref="compound">PartLotClass</ref>:</highlight></codeline>
<codeline lineno="30"><highlight class="normal"><sp/><sp/><sp/><sp/></highlight><highlight class="keyword">def<sp/></highlight><highlight class="normal">__init__(self,<sp/>msg:PartLot):</highlight></codeline>
<codeline lineno="31"><highlight class="normal"><sp/><sp/><sp/><sp/><sp/><sp/><sp/><sp/>self.<ref refid="classgroup5__rwa__3_1_1part__locations_1_1PartLotClass_1afcda29ee1ab1cb8121da4ccffa4c0241" kindref="member">quantity</ref><sp/>=<sp/>msg.quantity</highlight></codeline>
<codeline lineno="32"><highlight class="normal"><sp/><sp/><sp/><sp/><sp/><sp/><sp/><sp/>self.<ref refid="classgroup5__rwa__3_1_1part__locations_1_1PartLotClass_1a41dc1876dc3431e11040a028d038a2cb" kindref="member">part</ref><sp/>=<sp/><ref refid="classgroup5__rwa__3_1_1store__and__submit_1_1PartClass" kindref="compound">PartClass</ref>(msg.part)</highlight></codeline>
<codeline lineno="33"><highlight class="normal"></highlight></codeline>
<codeline lineno="34" refid="classgroup5__rwa__3_1_1part__locations_1_1ConveyerPartsClass" refkind="compound"><highlight class="normal"></highlight><highlight class="keyword">class<sp/></highlight><highlight class="normal"><ref refid="classgroup5__rwa__3_1_1part__locations_1_1ConveyerPartsClass" kindref="compound">ConveyerPartsClass</ref>:</highlight></codeline>
<codeline lineno="35"><highlight class="normal"><sp/><sp/><sp/><sp/></highlight><highlight class="keyword">def<sp/></highlight><highlight class="normal">__init__(self,<sp/>msg:ConveyorParts):</highlight></codeline>
<codeline lineno="36"><highlight class="normal"><sp/><sp/><sp/><sp/><sp/><sp/><sp/><sp/>self.<ref refid="classgroup5__rwa__3_1_1part__locations_1_1ConveyerPartsClass_1ac6d38b7d21de8e4b815f02cedab9ad7a" kindref="member">number_of_parts</ref><sp/>=<sp/>len(msg.parts)</highlight></codeline>
<codeline lineno="37"><highlight class="normal"><sp/><sp/><sp/><sp/><sp/><sp/><sp/><sp/>self.<ref refid="classgroup5__rwa__3_1_1part__locations_1_1ConveyerPartsClass_1a27fd075d36df2652b2866ac67c3bb357" kindref="member">parts</ref><sp/>=<sp/>[]</highlight></codeline>
<codeline lineno="38"><highlight class="normal"><sp/><sp/><sp/><sp/><sp/><sp/><sp/><sp/></highlight><highlight class="keywordflow">for</highlight><highlight class="normal"><sp/>i<sp/></highlight><highlight class="keywordflow">in</highlight><highlight class="normal"><sp/>range(self.<ref refid="classgroup5__rwa__3_1_1part__locations_1_1ConveyerPartsClass_1ac6d38b7d21de8e4b815f02cedab9ad7a" kindref="member">number_of_parts</ref>):</highlight></codeline>
<codeline lineno="39"><highlight class="normal"><sp/><sp/><sp/><sp/><sp/><sp/><sp/><sp/><sp/><sp/><sp/><sp/>self.<ref refid="classgroup5__rwa__3_1_1part__locations_1_1ConveyerPartsClass_1a27fd075d36df2652b2866ac67c3bb357" kindref="member">parts</ref>.append(<ref refid="classgroup5__rwa__3_1_1part__locations_1_1PartLotClass" kindref="compound">PartLotClass</ref>(msg.parts[i]))</highlight></codeline>
    </programlisting>
    <location file="/home/shubh/ariac_ws/src/group5/group5_rwa_3/include/group5_rwa_3/part_locations.py"/>
  </compounddef>
</doxygen>
