<?xml version='1.0' encoding='UTF-8' standalone='no'?>
<doxygen xmlns:xsi="http://www.w3.org/2001/XMLSchema-instance" xsi:noNamespaceSchemaLocation="compound.xsd" version="1.8.17">
  <compounddef id="store__and__submit_8py" kind="file" language="Python">
    <compoundname>store_and_submit.py</compoundname>
    <innerclass refid="classgroup5__rwa__3_1_1store__and__submit_1_1PartClass" prot="public">group5_rwa_3::store_and_submit::PartClass</innerclass>
    <innerclass refid="classgroup5__rwa__3_1_1store__and__submit_1_1AssemblyPartClass" prot="public">group5_rwa_3::store_and_submit::AssemblyPartClass</innerclass>
    <innerclass refid="classgroup5__rwa__3_1_1store__and__submit_1_1KittingPartClass" prot="public">group5_rwa_3::store_and_submit::KittingPartClass</innerclass>
    <innerclass refid="classgroup5__rwa__3_1_1store__and__submit_1_1AssemblyTaskClass" prot="public">group5_rwa_3::store_and_submit::AssemblyTaskClass</innerclass>
    <innerclass refid="classgroup5__rwa__3_1_1store__and__submit_1_1KittingTaskClass" prot="public">group5_rwa_3::store_and_submit::KittingTaskClass</innerclass>
    <innerclass refid="classgroup5__rwa__3_1_1store__and__submit_1_1CombinedTaskClass" prot="public">group5_rwa_3::store_and_submit::CombinedTaskClass</innerclass>
    <innerclass refid="classgroup5__rwa__3_1_1store__and__submit_1_1OrderClass" prot="public">group5_rwa_3::store_and_submit::OrderClass</innerclass>
    <innernamespace refid="namespacegroup5__rwa__3_1_1store__and__submit">group5_rwa_3::store_and_submit</innernamespace>
    <briefdescription>
    </briefdescription>
    <detaileddescription>
    </detaileddescription>
    <programlisting>
<codeline lineno="1"><highlight class="comment">#!/usr/bin/env<sp/>python3</highlight><highlight class="normal"></highlight></codeline>
<codeline lineno="2"><highlight class="normal"></highlight></codeline>
<codeline lineno="3"><highlight class="normal">__author__<sp/>=<sp/></highlight><highlight class="stringliteral">&apos;jaisharm@umd.edu<sp/>(jai)&apos;</highlight><highlight class="normal"></highlight></codeline>
<codeline lineno="4"><highlight class="normal">__maintainer__<sp/>=<sp/></highlight><highlight class="stringliteral">&apos;jaisharm@umd.edu<sp/>(jai)&apos;</highlight><highlight class="normal"></highlight></codeline>
<codeline lineno="5"><highlight class="normal"></highlight></codeline>
<codeline lineno="6"><highlight class="normal"></highlight><highlight class="stringliteral">&quot;&quot;&quot;</highlight></codeline>
<codeline lineno="7"><highlight class="stringliteral">Holds<sp/>Classes<sp/>Relevant<sp/></highlight></codeline>
<codeline lineno="8"><highlight class="stringliteral"><sp/><sp/><sp/><sp/>-<sp/>Task<sp/>Type:<sp/></highlight></codeline>
<codeline lineno="9"><highlight class="stringliteral"><sp/><sp/><sp/><sp/><sp/><sp/><sp/><sp/>-<sp/>Kitting</highlight></codeline>
<codeline lineno="10"><highlight class="stringliteral"><sp/><sp/><sp/><sp/><sp/><sp/><sp/><sp/>-<sp/>Assembly</highlight></codeline>
<codeline lineno="11"><highlight class="stringliteral"><sp/><sp/><sp/><sp/><sp/><sp/><sp/><sp/>-<sp/>Combined<sp/>Orders</highlight></codeline>
<codeline lineno="12"><highlight class="stringliteral"><sp/><sp/><sp/><sp/>-<sp/>Parts<sp/></highlight></codeline>
<codeline lineno="13"><highlight class="stringliteral">&quot;&quot;&quot;</highlight><highlight class="normal"></highlight></codeline>
<codeline lineno="14"><highlight class="normal"></highlight></codeline>
<codeline lineno="15"><highlight class="normal"></highlight></codeline>
<codeline lineno="16"><highlight class="normal"></highlight></codeline>
<codeline lineno="17" refid="classgroup5__rwa__3_1_1store__and__submit_1_1PartClass" refkind="compound"><highlight class="normal"></highlight><highlight class="keyword">class<sp/></highlight><highlight class="normal"><ref refid="classgroup5__rwa__3_1_1store__and__submit_1_1PartClass" kindref="compound">PartClass</ref>():</highlight></codeline>
<codeline lineno="18"><highlight class="normal"><sp/><sp/><sp/><sp/></highlight><highlight class="stringliteral">&quot;&quot;&quot;This<sp/>is<sp/>a<sp/>Parent<sp/>class.<sp/>Since,<sp/>each<sp/>of<sp/>the<sp/>order<sp/>has<sp/>attribute<sp/></highlight></codeline>
<codeline lineno="19"><highlight class="stringliteral"><sp/><sp/><sp/><sp/><sp/><sp/><sp/>color<sp/>and<sp/>type<sp/>we<sp/>made<sp/>this<sp/>as<sp/>parent<sp/>class</highlight></codeline>
<codeline lineno="20"><highlight class="stringliteral"><sp/><sp/><sp/><sp/>&quot;&quot;&quot;</highlight><highlight class="normal"></highlight></codeline>
<codeline lineno="21"><highlight class="normal"><sp/><sp/><sp/><sp/></highlight><highlight class="keyword">def<sp/></highlight><highlight class="normal">__init__(self,<sp/>msg):</highlight></codeline>
<codeline lineno="22"><highlight class="normal"><sp/><sp/><sp/><sp/><sp/><sp/><sp/><sp/>self.<ref refid="classgroup5__rwa__3_1_1store__and__submit_1_1PartClass_1a9e28f709238fa62e161a6e746473fdbd" kindref="member">part_color</ref><sp/>=<sp/>msg.color</highlight></codeline>
<codeline lineno="23"><highlight class="normal"><sp/><sp/><sp/><sp/><sp/><sp/><sp/><sp/>self.<ref refid="classgroup5__rwa__3_1_1store__and__submit_1_1PartClass_1a87d6faac8c363b018fe0a18f05672065" kindref="member">part_type</ref><sp/>=<sp/>msg.type<sp/></highlight></codeline>
<codeline lineno="24"><highlight class="normal"><sp/></highlight></codeline>
<codeline lineno="25" refid="classgroup5__rwa__3_1_1store__and__submit_1_1AssemblyPartClass" refkind="compound"><highlight class="normal"></highlight><highlight class="keyword">class<sp/></highlight><highlight class="normal"><ref refid="classgroup5__rwa__3_1_1store__and__submit_1_1AssemblyPartClass" kindref="compound">AssemblyPartClass</ref>(<ref refid="classgroup5__rwa__3_1_1store__and__submit_1_1PartClass" kindref="compound">PartClass</ref>):</highlight></codeline>
<codeline lineno="26"><highlight class="normal"><sp/><sp/><sp/><sp/></highlight><highlight class="stringliteral">&quot;&quot;&quot;<sp/>Inherit<sp/>PartClass<sp/>and<sp/>create<sp/>a<sp/>new<sp/>class<sp/>for<sp/>Assembly<sp/>order,<sp/></highlight></codeline>
<codeline lineno="27"><highlight class="stringliteral"><sp/><sp/><sp/><sp/><sp/><sp/><sp/><sp/>The<sp/>same<sp/>class<sp/>can<sp/>be<sp/>reused<sp/>for<sp/>the<sp/>Combined<sp/>order</highlight></codeline>
<codeline lineno="28"><highlight class="stringliteral"><sp/><sp/><sp/><sp/>&quot;&quot;&quot;</highlight><highlight class="normal"></highlight></codeline>
<codeline lineno="29"><highlight class="normal"><sp/><sp/><sp/><sp/></highlight><highlight class="keyword">def<sp/></highlight><highlight class="normal">__init__(self,<sp/>msg):</highlight></codeline>
<codeline lineno="30"><highlight class="normal"><sp/><sp/><sp/><sp/><sp/><sp/><sp/><sp/>super().__init__(msg.part)</highlight></codeline>
<codeline lineno="31"><highlight class="normal"><sp/><sp/><sp/><sp/><sp/><sp/><sp/><sp/>self.<ref refid="classgroup5__rwa__3_1_1store__and__submit_1_1AssemblyPartClass_1a67c059d6261e69989887dc1eda914ce9" kindref="member">pose</ref><sp/>=<sp/>msg.assembled_pose</highlight></codeline>
<codeline lineno="32"><highlight class="normal"><sp/><sp/><sp/><sp/><sp/><sp/><sp/><sp/>self.<ref refid="classgroup5__rwa__3_1_1store__and__submit_1_1AssemblyPartClass_1aa4f995b476fad25dc89f99dbf56155da" kindref="member">direction</ref><sp/>=<sp/>msg.install_direction</highlight></codeline>
<codeline lineno="33"><highlight class="normal"></highlight></codeline>
<codeline lineno="34" refid="classgroup5__rwa__3_1_1store__and__submit_1_1KittingPartClass" refkind="compound"><highlight class="normal"></highlight><highlight class="keyword">class<sp/></highlight><highlight class="normal"><ref refid="classgroup5__rwa__3_1_1store__and__submit_1_1KittingPartClass" kindref="compound">KittingPartClass</ref>(<ref refid="classgroup5__rwa__3_1_1store__and__submit_1_1PartClass" kindref="compound">PartClass</ref>):</highlight></codeline>
<codeline lineno="35"><highlight class="normal"><sp/><sp/><sp/><sp/></highlight><highlight class="stringliteral">&quot;&quot;&quot;<sp/>Inherit<sp/>PartClass<sp/>and<sp/>create<sp/>a<sp/>new<sp/>class<sp/>for<sp/>Kitting<sp/>order,<sp/></highlight></codeline>
<codeline lineno="36"><highlight class="stringliteral"><sp/><sp/><sp/><sp/>&quot;&quot;&quot;</highlight><highlight class="normal"></highlight></codeline>
<codeline lineno="37"><highlight class="normal"><sp/><sp/><sp/><sp/></highlight><highlight class="keyword">def<sp/></highlight><highlight class="normal">__init__(self,<sp/>msg):</highlight></codeline>
<codeline lineno="38"><highlight class="normal"><sp/><sp/><sp/><sp/><sp/><sp/><sp/><sp/>super().__init__(msg.part)</highlight></codeline>
<codeline lineno="39"><highlight class="normal"><sp/><sp/><sp/><sp/><sp/><sp/><sp/><sp/>self.<ref refid="classgroup5__rwa__3_1_1store__and__submit_1_1KittingPartClass_1a92c80406c72ec66b7d44a0794c8ac975" kindref="member">quadrant</ref><sp/>=<sp/>msg.quadrant<sp/></highlight></codeline>
<codeline lineno="40"><highlight class="normal"></highlight></codeline>
<codeline lineno="41"><highlight class="normal"></highlight></codeline>
<codeline lineno="42"><highlight class="normal"></highlight></codeline>
<codeline lineno="43" refid="classgroup5__rwa__3_1_1store__and__submit_1_1AssemblyTaskClass" refkind="compound"><highlight class="normal"></highlight><highlight class="keyword">class<sp/></highlight><highlight class="normal"><ref refid="classgroup5__rwa__3_1_1store__and__submit_1_1AssemblyTaskClass" kindref="compound">AssemblyTaskClass</ref>():<sp/><sp/></highlight></codeline>
<codeline lineno="44"><highlight class="normal"><sp/><sp/><sp/><sp/></highlight><highlight class="stringliteral">&quot;&quot;&quot;<sp/>Class<sp/>For<sp/>Assembly<sp/>Tasks&quot;&quot;&quot;</highlight><highlight class="normal"></highlight></codeline>
<codeline lineno="45"><highlight class="normal"><sp/><sp/><sp/><sp/></highlight><highlight class="keyword">def<sp/></highlight><highlight class="normal">__init__(self,<sp/>msg):</highlight></codeline>
<codeline lineno="46"><highlight class="normal"><sp/><sp/><sp/><sp/><sp/><sp/><sp/><sp/>self.<ref refid="classgroup5__rwa__3_1_1store__and__submit_1_1AssemblyTaskClass_1a0aa6168fdba1c92b116884ae534337d3" kindref="member">agv_numbers</ref><sp/>=<sp/>msg.agv_numbers</highlight></codeline>
<codeline lineno="47"><highlight class="normal"><sp/><sp/><sp/><sp/><sp/><sp/><sp/><sp/>self.<ref refid="classgroup5__rwa__3_1_1store__and__submit_1_1AssemblyTaskClass_1a03a2b7b2772b4028e94da67f87c532c0" kindref="member">station</ref><sp/>=<sp/>msg.station</highlight></codeline>
<codeline lineno="48"><highlight class="normal"><sp/><sp/><sp/><sp/><sp/><sp/><sp/><sp/>self.<ref refid="classgroup5__rwa__3_1_1store__and__submit_1_1AssemblyTaskClass_1abac35b9514e21b113bd26c04f053b6e0" kindref="member">number_of_parts</ref><sp/>=<sp/>len(msg.parts)</highlight></codeline>
<codeline lineno="49"><highlight class="normal"><sp/><sp/><sp/><sp/><sp/><sp/><sp/><sp/>self.<ref refid="classgroup5__rwa__3_1_1store__and__submit_1_1AssemblyTaskClass_1abd070233a2567d4c9177d61fdf1d83e2" kindref="member">parts</ref><sp/>=<sp/>[]</highlight></codeline>
<codeline lineno="50"><highlight class="normal"><sp/><sp/><sp/><sp/><sp/><sp/><sp/><sp/></highlight><highlight class="keywordflow">for</highlight><highlight class="normal"><sp/>i<sp/></highlight><highlight class="keywordflow">in</highlight><highlight class="normal"><sp/>range(self.<ref refid="classgroup5__rwa__3_1_1store__and__submit_1_1AssemblyTaskClass_1abac35b9514e21b113bd26c04f053b6e0" kindref="member">number_of_parts</ref>):</highlight></codeline>
<codeline lineno="51"><highlight class="normal"><sp/><sp/><sp/><sp/><sp/><sp/><sp/><sp/><sp/><sp/><sp/><sp/>self.<ref refid="classgroup5__rwa__3_1_1store__and__submit_1_1AssemblyTaskClass_1abd070233a2567d4c9177d61fdf1d83e2" kindref="member">parts</ref>.append(<ref refid="classgroup5__rwa__3_1_1store__and__submit_1_1AssemblyPartClass" kindref="compound">AssemblyPartClass</ref>(msg.parts[i]))</highlight></codeline>
<codeline lineno="52"><highlight class="normal"></highlight></codeline>
<codeline lineno="53" refid="classgroup5__rwa__3_1_1store__and__submit_1_1KittingTaskClass" refkind="compound"><highlight class="normal"></highlight><highlight class="keyword">class<sp/></highlight><highlight class="normal"><ref refid="classgroup5__rwa__3_1_1store__and__submit_1_1KittingTaskClass" kindref="compound">KittingTaskClass</ref>():</highlight></codeline>
<codeline lineno="54"><highlight class="normal"><sp/><sp/><sp/><sp/></highlight><highlight class="stringliteral">&quot;&quot;&quot;<sp/>Class<sp/>For<sp/>Kitting<sp/>Tasks&quot;&quot;&quot;</highlight><highlight class="normal"></highlight></codeline>
<codeline lineno="55"><highlight class="normal"><sp/><sp/><sp/><sp/></highlight><highlight class="keyword">def<sp/></highlight><highlight class="normal">__init__(self,<sp/>msg):</highlight></codeline>
<codeline lineno="56"><highlight class="normal"><sp/><sp/><sp/><sp/><sp/><sp/><sp/><sp/>self.<ref refid="classgroup5__rwa__3_1_1store__and__submit_1_1KittingTaskClass_1a97ccd0c1d488613072508fa25e833ec0" kindref="member">agv_number</ref><sp/>=<sp/>msg.agv_number</highlight></codeline>
<codeline lineno="57"><highlight class="normal"><sp/><sp/><sp/><sp/><sp/><sp/><sp/><sp/>self.<ref refid="classgroup5__rwa__3_1_1store__and__submit_1_1KittingTaskClass_1ac98e69f5b9e70f3b99d30af8e3f0c83a" kindref="member">tray_id</ref><sp/>=<sp/>msg.tray_id</highlight></codeline>
<codeline lineno="58"><highlight class="normal"><sp/><sp/><sp/><sp/><sp/><sp/><sp/><sp/>self.<ref refid="classgroup5__rwa__3_1_1store__and__submit_1_1KittingTaskClass_1a0bf1d84fd243ff06f0e80afa7134b0d8" kindref="member">destination</ref><sp/>=<sp/>msg.destination</highlight></codeline>
<codeline lineno="59"><highlight class="normal"><sp/><sp/><sp/><sp/><sp/><sp/><sp/><sp/>self.<ref refid="classgroup5__rwa__3_1_1store__and__submit_1_1KittingTaskClass_1a19477f63915d656ce48312ecc0a8606f" kindref="member">number_of_parts</ref><sp/>=<sp/>len(msg.parts)</highlight></codeline>
<codeline lineno="60"><highlight class="normal"><sp/><sp/><sp/><sp/><sp/><sp/><sp/><sp/>self.<ref refid="classgroup5__rwa__3_1_1store__and__submit_1_1KittingTaskClass_1ac3e188a30e3e703dd069f99a0bc83bb0" kindref="member">parts</ref><sp/>=<sp/>[]</highlight></codeline>
<codeline lineno="61"><highlight class="normal"><sp/><sp/><sp/><sp/><sp/><sp/><sp/><sp/></highlight><highlight class="keywordflow">for</highlight><highlight class="normal"><sp/>i<sp/></highlight><highlight class="keywordflow">in</highlight><highlight class="normal"><sp/>range(self.<ref refid="classgroup5__rwa__3_1_1store__and__submit_1_1KittingTaskClass_1a19477f63915d656ce48312ecc0a8606f" kindref="member">number_of_parts</ref>):</highlight></codeline>
<codeline lineno="62"><highlight class="normal"><sp/><sp/><sp/><sp/><sp/><sp/><sp/><sp/><sp/><sp/><sp/><sp/>self.<ref refid="classgroup5__rwa__3_1_1store__and__submit_1_1KittingTaskClass_1ac3e188a30e3e703dd069f99a0bc83bb0" kindref="member">parts</ref>.append(<ref refid="classgroup5__rwa__3_1_1store__and__submit_1_1KittingPartClass" kindref="compound">KittingPartClass</ref>(msg.parts[i]))</highlight></codeline>
<codeline lineno="63"><highlight class="normal"></highlight></codeline>
<codeline lineno="64" refid="classgroup5__rwa__3_1_1store__and__submit_1_1CombinedTaskClass" refkind="compound"><highlight class="normal"></highlight><highlight class="keyword">class<sp/></highlight><highlight class="normal"><ref refid="classgroup5__rwa__3_1_1store__and__submit_1_1CombinedTaskClass" kindref="compound">CombinedTaskClass</ref>():<sp/></highlight></codeline>
<codeline lineno="65"><highlight class="normal"><sp/><sp/><sp/><sp/></highlight><highlight class="stringliteral">&quot;&quot;&quot;<sp/>Class<sp/>For<sp/>Combined<sp/>Tasks&quot;&quot;&quot;</highlight><highlight class="normal"></highlight></codeline>
<codeline lineno="66"><highlight class="normal"><sp/><sp/><sp/><sp/></highlight><highlight class="keyword">def<sp/></highlight><highlight class="normal">__init__(self,<sp/>msg):</highlight></codeline>
<codeline lineno="67"><highlight class="normal"><sp/><sp/><sp/><sp/><sp/><sp/><sp/><sp/>self.<ref refid="classgroup5__rwa__3_1_1store__and__submit_1_1CombinedTaskClass_1aba53a6f7fd900b6973ccbb7aa7502add" kindref="member">station</ref><sp/>=<sp/>msg.station</highlight></codeline>
<codeline lineno="68"><highlight class="normal"><sp/><sp/><sp/><sp/><sp/><sp/><sp/><sp/>self.<ref refid="classgroup5__rwa__3_1_1store__and__submit_1_1CombinedTaskClass_1a14df7c82db29acfcb85a52f33831c17e" kindref="member">number_of_parts</ref><sp/>=<sp/>len(msg.parts)</highlight></codeline>
<codeline lineno="69"><highlight class="normal"><sp/><sp/><sp/><sp/><sp/><sp/><sp/><sp/>self.<ref refid="classgroup5__rwa__3_1_1store__and__submit_1_1CombinedTaskClass_1af8cea530371bad2b588c751b81ebfc22" kindref="member">parts</ref><sp/>=<sp/>[]</highlight></codeline>
<codeline lineno="70"><highlight class="normal"><sp/><sp/><sp/><sp/><sp/><sp/><sp/><sp/></highlight><highlight class="keywordflow">for</highlight><highlight class="normal"><sp/>i<sp/></highlight><highlight class="keywordflow">in</highlight><highlight class="normal"><sp/>range(self.<ref refid="classgroup5__rwa__3_1_1store__and__submit_1_1CombinedTaskClass_1a14df7c82db29acfcb85a52f33831c17e" kindref="member">number_of_parts</ref>):</highlight></codeline>
<codeline lineno="71"><highlight class="normal"><sp/><sp/><sp/><sp/><sp/><sp/><sp/><sp/><sp/><sp/><sp/><sp/>self.<ref refid="classgroup5__rwa__3_1_1store__and__submit_1_1CombinedTaskClass_1af8cea530371bad2b588c751b81ebfc22" kindref="member">parts</ref>.append(<ref refid="classgroup5__rwa__3_1_1store__and__submit_1_1AssemblyPartClass" kindref="compound">AssemblyPartClass</ref>(msg.parts[i]))</highlight></codeline>
<codeline lineno="72"><highlight class="normal"></highlight></codeline>
<codeline lineno="73"><highlight class="normal"></highlight></codeline>
<codeline lineno="74"><highlight class="normal"></highlight></codeline>
<codeline lineno="75" refid="classgroup5__rwa__3_1_1store__and__submit_1_1OrderClass" refkind="compound"><highlight class="normal"></highlight><highlight class="keyword">class<sp/></highlight><highlight class="normal"><ref refid="classgroup5__rwa__3_1_1store__and__submit_1_1OrderClass" kindref="compound">OrderClass</ref>():</highlight></codeline>
<codeline lineno="76"><highlight class="normal"><sp/><sp/><sp/><sp/></highlight><highlight class="stringliteral">&quot;&quot;&quot;<sp/>Order<sp/>class<sp/>checks<sp/>the<sp/>order<sp/>type<sp/>and<sp/>creates<sp/>the<sp/>instances<sp/>for<sp/>each<sp/>order<sp/>type&quot;&quot;&quot;</highlight><highlight class="normal"></highlight></codeline>
<codeline lineno="77"><highlight class="normal"><sp/><sp/><sp/><sp/></highlight><highlight class="keyword">def<sp/></highlight><highlight class="normal">__init__(self,<sp/>msg):</highlight></codeline>
<codeline lineno="78"><highlight class="normal"><sp/><sp/><sp/><sp/><sp/><sp/><sp/><sp/>self.<ref refid="classgroup5__rwa__3_1_1store__and__submit_1_1OrderClass_1a019fe3441f33083f5fbf0b2ceb7e8484" kindref="member">id</ref><sp/>=<sp/>msg.id</highlight></codeline>
<codeline lineno="79"><highlight class="normal"><sp/><sp/><sp/><sp/><sp/><sp/><sp/><sp/>self.<ref refid="classgroup5__rwa__3_1_1store__and__submit_1_1OrderClass_1afafe9baa8b5401e6641b20dace465b85" kindref="member">type</ref><sp/>=<sp/>msg.type</highlight></codeline>
<codeline lineno="80"><highlight class="normal"><sp/><sp/><sp/><sp/><sp/><sp/><sp/><sp/>self.<ref refid="classgroup5__rwa__3_1_1store__and__submit_1_1OrderClass_1a7526bea5d0266a388ce2b0d09deb99c8" kindref="member">priority</ref><sp/>=<sp/>msg.priority</highlight></codeline>
<codeline lineno="81"><highlight class="normal"><sp/><sp/><sp/><sp/><sp/><sp/><sp/><sp/></highlight><highlight class="keywordflow">if</highlight><highlight class="normal"><sp/>self.<ref refid="classgroup5__rwa__3_1_1store__and__submit_1_1OrderClass_1afafe9baa8b5401e6641b20dace465b85" kindref="member">type</ref><sp/>==<sp/>msg.KITTING:</highlight></codeline>
<codeline lineno="82"><highlight class="normal"><sp/><sp/><sp/><sp/><sp/><sp/><sp/><sp/><sp/><sp/><sp/><sp/>self.<ref refid="classgroup5__rwa__3_1_1store__and__submit_1_1OrderClass_1a09d686f01ceab4d6c5ee3acfbc2041fd" kindref="member">task</ref><sp/>=<sp/><ref refid="classgroup5__rwa__3_1_1store__and__submit_1_1KittingTaskClass" kindref="compound">KittingTaskClass</ref>(msg.kitting_task)</highlight></codeline>
<codeline lineno="83"><highlight class="normal"><sp/><sp/><sp/><sp/><sp/><sp/><sp/><sp/><sp/><sp/><sp/><sp/></highlight></codeline>
<codeline lineno="84"><highlight class="normal"><sp/><sp/><sp/><sp/><sp/><sp/><sp/><sp/></highlight><highlight class="keywordflow">elif</highlight><highlight class="normal"><sp/>self.<ref refid="classgroup5__rwa__3_1_1store__and__submit_1_1OrderClass_1afafe9baa8b5401e6641b20dace465b85" kindref="member">type</ref><sp/>==<sp/>msg.ASSEMBLY:</highlight></codeline>
<codeline lineno="85"><highlight class="normal"><sp/><sp/><sp/><sp/><sp/><sp/><sp/><sp/><sp/><sp/><sp/><sp/>self.<ref refid="classgroup5__rwa__3_1_1store__and__submit_1_1OrderClass_1a09d686f01ceab4d6c5ee3acfbc2041fd" kindref="member">task</ref><sp/>=<sp/><ref refid="classgroup5__rwa__3_1_1store__and__submit_1_1AssemblyTaskClass" kindref="compound">AssemblyTaskClass</ref>(msg.assembly_task)</highlight></codeline>
<codeline lineno="86"><highlight class="normal"><sp/><sp/><sp/><sp/><sp/><sp/><sp/><sp/></highlight><highlight class="keywordflow">elif</highlight><highlight class="normal"><sp/>self.<ref refid="classgroup5__rwa__3_1_1store__and__submit_1_1OrderClass_1afafe9baa8b5401e6641b20dace465b85" kindref="member">type</ref><sp/>==<sp/>msg.COMBINED:</highlight></codeline>
<codeline lineno="87"><highlight class="normal"><sp/><sp/><sp/><sp/><sp/><sp/><sp/><sp/><sp/><sp/><sp/><sp/>self.<ref refid="classgroup5__rwa__3_1_1store__and__submit_1_1OrderClass_1a09d686f01ceab4d6c5ee3acfbc2041fd" kindref="member">task</ref><sp/>=<sp/><ref refid="classgroup5__rwa__3_1_1store__and__submit_1_1CombinedTaskClass" kindref="compound">CombinedTaskClass</ref>(msg.combined_task)</highlight></codeline>
<codeline lineno="88"><highlight class="normal"><sp/><sp/><sp/><sp/><sp/><sp/><sp/><sp/></highlight><highlight class="keywordflow">else</highlight><highlight class="normal">:</highlight></codeline>
<codeline lineno="89"><highlight class="normal"><sp/><sp/><sp/><sp/><sp/><sp/><sp/><sp/><sp/><sp/><sp/><sp/></highlight><highlight class="keywordflow">pass</highlight><highlight class="normal"></highlight></codeline>
    </programlisting>
    <location file="/home/shubh/ariac_ws/src/group5/group5_rwa_3/include/group5_rwa_3/store_and_submit.py"/>
  </compounddef>
</doxygen>
