<?xml version='1.0' encoding='UTF-8' standalone='no'?>
<doxygen xmlns:xsi="http://www.w3.org/2001/XMLSchema-instance" xsi:noNamespaceSchemaLocation="compound.xsd" version="1.8.17">
  <compounddef id="structTrackBin_1_1Slot" kind="struct" language="C++" prot="public">
    <compoundname>TrackBin::Slot</compoundname>
      <sectiondef kind="public-attrib">
      <memberdef kind="variable" id="structTrackBin_1_1Slot_1aa1e2789103c92f6c40d47e92043a5726" prot="public" static="no" mutable="no">
        <type>std::string</type>
        <definition>std::string TrackBin::Slot::status</definition>
        <argsstring></argsstring>
        <name>status</name>
        <briefdescription>
        </briefdescription>
        <detaileddescription>
        </detaileddescription>
        <inbodydescription>
        </inbodydescription>
        <location file="/home/shubh/ariac_ws/src/group5/group5_rwa_3/include/group5_rwa_3/track_bin.hpp" line="10" column="17" bodyfile="/home/shubh/ariac_ws/src/group5/group5_rwa_3/include/group5_rwa_3/track_bin.hpp" bodystart="10" bodyend="-1"/>
      </memberdef>
      <memberdef kind="variable" id="structTrackBin_1_1Slot_1a589ca90870e829abd145f20489ab35c8" prot="public" static="no" mutable="no">
        <type>double</type>
        <definition>double TrackBin::Slot::x</definition>
        <argsstring></argsstring>
        <name>x</name>
        <briefdescription>
        </briefdescription>
        <detaileddescription>
        </detaileddescription>
        <inbodydescription>
        </inbodydescription>
        <location file="/home/shubh/ariac_ws/src/group5/group5_rwa_3/include/group5_rwa_3/track_bin.hpp" line="11" column="12" bodyfile="/home/shubh/ariac_ws/src/group5/group5_rwa_3/include/group5_rwa_3/track_bin.hpp" bodystart="11" bodyend="-1"/>
      </memberdef>
      <memberdef kind="variable" id="structTrackBin_1_1Slot_1a7f1e3c981d09d830f95658144efbb16c" prot="public" static="no" mutable="no">
        <type>double</type>
        <definition>double TrackBin::Slot::y</definition>
        <argsstring></argsstring>
        <name>y</name>
        <briefdescription>
        </briefdescription>
        <detaileddescription>
        </detaileddescription>
        <inbodydescription>
        </inbodydescription>
        <location file="/home/shubh/ariac_ws/src/group5/group5_rwa_3/include/group5_rwa_3/track_bin.hpp" line="12" column="12" bodyfile="/home/shubh/ariac_ws/src/group5/group5_rwa_3/include/group5_rwa_3/track_bin.hpp" bodystart="12" bodyend="-1"/>
      </memberdef>
      </sectiondef>
    <briefdescription>
    </briefdescription>
    <detaileddescription>
    </detaileddescription>
    <location file="/home/shubh/ariac_ws/src/group5/group5_rwa_3/include/group5_rwa_3/track_bin.hpp" line="9" column="14" bodyfile="/home/shubh/ariac_ws/src/group5/group5_rwa_3/include/group5_rwa_3/track_bin.hpp" bodystart="9" bodyend="13"/>
    <listofallmembers>
      <member refid="structTrackBin_1_1Slot_1aa1e2789103c92f6c40d47e92043a5726" prot="public" virt="non-virtual"><scope>TrackBin::Slot</scope><name>status</name></member>
      <member refid="structTrackBin_1_1Slot_1a589ca90870e829abd145f20489ab35c8" prot="public" virt="non-virtual"><scope>TrackBin::Slot</scope><name>x</name></member>
      <member refid="structTrackBin_1_1Slot_1a7f1e3c981d09d830f95658144efbb16c" prot="public" virt="non-virtual"><scope>TrackBin::Slot</scope><name>y</name></member>
    </listofallmembers>
  </compounddef>
</doxygen>
