<?xml version='1.0' encoding='UTF-8' standalone='no'?>
<doxygen xmlns:xsi="http://www.w3.org/2001/XMLSchema-instance" xsi:noNamespaceSchemaLocation="compound.xsd" version="1.8.17">
  <compounddef id="submit__order__nodes_8py" kind="file" language="Python">
    <compoundname>submit_order_nodes.py</compoundname>
    <innerclass refid="classgroup5__rwa__3_1_1submit__order__nodes_1_1SubmitOrderClient" prot="public">group5_rwa_3::submit_order_nodes::SubmitOrderClient</innerclass>
    <innerclass refid="classgroup5__rwa__3_1_1submit__order__nodes_1_1SubmitStatePublisher" prot="public">group5_rwa_3::submit_order_nodes::SubmitStatePublisher</innerclass>
    <innernamespace refid="namespacegroup5__rwa__3_1_1submit__order__nodes">group5_rwa_3::submit_order_nodes</innernamespace>
    <briefdescription>
    </briefdescription>
    <detaileddescription>
    </detaileddescription>
    <programlisting>
<codeline lineno="1"><highlight class="comment">#!/usr/bin/env<sp/>python3</highlight><highlight class="normal"></highlight></codeline>
<codeline lineno="2"><highlight class="normal">__author__<sp/>=<sp/></highlight><highlight class="stringliteral">&apos;jaisharm@umd.edu<sp/>(jai)&apos;</highlight><highlight class="normal"></highlight></codeline>
<codeline lineno="3"><highlight class="normal">__maintainer__<sp/>=<sp/></highlight><highlight class="stringliteral">&apos;jaisharm@umd.edu<sp/>(jai)&apos;</highlight><highlight class="normal"></highlight></codeline>
<codeline lineno="4"><highlight class="normal"></highlight></codeline>
<codeline lineno="5"><highlight class="normal"></highlight><highlight class="keyword">import</highlight><highlight class="normal"><sp/>rclpy</highlight></codeline>
<codeline lineno="6"><highlight class="normal"></highlight><highlight class="keyword">from</highlight><highlight class="normal"><sp/>rclpy.node<sp/></highlight><highlight class="keyword">import</highlight><highlight class="normal"><sp/>Node</highlight></codeline>
<codeline lineno="7"><highlight class="normal"></highlight><highlight class="keyword">from</highlight><highlight class="normal"><sp/>std_msgs.msg<sp/></highlight><highlight class="keyword">import</highlight><highlight class="normal"><sp/>Bool</highlight></codeline>
<codeline lineno="8"><highlight class="normal"></highlight><highlight class="keyword">from</highlight><highlight class="normal"><sp/>ariac_msgs.srv<sp/></highlight><highlight class="keyword">import</highlight><highlight class="normal"><sp/>SubmitOrder<sp/><sp/></highlight></codeline>
<codeline lineno="9"><highlight class="normal"></highlight></codeline>
<codeline lineno="10" refid="classgroup5__rwa__3_1_1submit__order__nodes_1_1SubmitOrderClient" refkind="compound"><highlight class="normal"></highlight><highlight class="keyword">class<sp/></highlight><highlight class="normal"><ref refid="classgroup5__rwa__3_1_1submit__order__nodes_1_1SubmitOrderClient" kindref="compound">SubmitOrderClient</ref>(Node):</highlight></codeline>
<codeline lineno="11"><highlight class="normal"><sp/><sp/><sp/><sp/></highlight><highlight class="stringliteral">&quot;&quot;&quot;</highlight></codeline>
<codeline lineno="12"><highlight class="stringliteral"><sp/><sp/><sp/><sp/>Client<sp/>class<sp/>-<sp/>Submits<sp/>Order<sp/>ID<sp/>on<sp/>the<sp/>ROS<sp/>Topic<sp/>&apos;/ariac/submit_order&apos;</highlight></codeline>
<codeline lineno="13"><highlight class="stringliteral"><sp/><sp/><sp/><sp/>&quot;&quot;&quot;</highlight><highlight class="normal"></highlight></codeline>
<codeline lineno="14"><highlight class="normal"><sp/><sp/><sp/><sp/></highlight></codeline>
<codeline lineno="15"><highlight class="normal"><sp/><sp/><sp/><sp/></highlight><highlight class="comment">#<sp/>initialization</highlight><highlight class="normal"></highlight></codeline>
<codeline lineno="16"><highlight class="normal"><sp/><sp/><sp/><sp/></highlight><highlight class="keyword">def<sp/></highlight><highlight class="normal">__init__(self):</highlight></codeline>
<codeline lineno="17"><highlight class="normal"><sp/><sp/><sp/><sp/><sp/><sp/><sp/><sp/>super().__init__(</highlight><highlight class="stringliteral">&apos;sub_order_client&apos;</highlight><highlight class="normal">)</highlight></codeline>
<codeline lineno="18"><highlight class="normal"><sp/><sp/><sp/><sp/><sp/><sp/><sp/><sp/>self.<ref refid="classgroup5__rwa__3_1_1submit__order__nodes_1_1SubmitOrderClient_1aef42a3d18ec6cf8c9f1724d78f5e5f8b" kindref="member">cli</ref><sp/>=<sp/>self.create_client(SubmitOrder,<sp/></highlight><highlight class="stringliteral">&apos;/ariac/submit_order&apos;</highlight><highlight class="normal">)</highlight></codeline>
<codeline lineno="19"><highlight class="normal"><sp/><sp/><sp/><sp/><sp/><sp/><sp/><sp/></highlight><highlight class="keywordflow">while</highlight><highlight class="normal"><sp/></highlight><highlight class="keywordflow">not</highlight><highlight class="normal"><sp/>self.<ref refid="classgroup5__rwa__3_1_1submit__order__nodes_1_1SubmitOrderClient_1aef42a3d18ec6cf8c9f1724d78f5e5f8b" kindref="member">cli</ref>.wait_for_service(timeout_sec=1.0):<sp/></highlight></codeline>
<codeline lineno="20"><highlight class="normal"><sp/><sp/><sp/><sp/><sp/><sp/><sp/><sp/><sp/><sp/><sp/><sp/>self.get_logger().info(</highlight><highlight class="stringliteral">&apos;service<sp/>not<sp/>available,<sp/>waiting<sp/>again...&apos;</highlight><highlight class="normal">)</highlight></codeline>
<codeline lineno="21"><highlight class="normal"><sp/><sp/><sp/><sp/><sp/><sp/><sp/><sp/>self.<ref refid="classgroup5__rwa__3_1_1submit__order__nodes_1_1SubmitOrderClient_1a4915882abd7ae5bd0b34ae2b7ef259af" kindref="member">req</ref><sp/>=<sp/>SubmitOrder.Request()</highlight></codeline>
<codeline lineno="22"><highlight class="normal"></highlight></codeline>
<codeline lineno="23"><highlight class="normal"><sp/><sp/><sp/><sp/></highlight><highlight class="comment">#<sp/>sent<sp/>request<sp/>to<sp/>ros<sp/>service</highlight><highlight class="normal"></highlight></codeline>
<codeline lineno="24"><highlight class="normal"><sp/><sp/><sp/><sp/></highlight><highlight class="keyword">def<sp/></highlight><highlight class="normal">send_request(self,<sp/>id):</highlight></codeline>
<codeline lineno="25"><highlight class="normal"><sp/><sp/><sp/><sp/><sp/><sp/><sp/><sp/>self.<ref refid="classgroup5__rwa__3_1_1submit__order__nodes_1_1SubmitOrderClient_1a4915882abd7ae5bd0b34ae2b7ef259af" kindref="member">req</ref>.order_id<sp/>=<sp/>id</highlight></codeline>
<codeline lineno="26"><highlight class="normal"><sp/><sp/><sp/><sp/><sp/><sp/><sp/><sp/>self.<ref refid="classgroup5__rwa__3_1_1submit__order__nodes_1_1SubmitOrderClient_1a75bcfa86b4201d258487aa16973dd133" kindref="member">future</ref><sp/>=<sp/>self.<ref refid="classgroup5__rwa__3_1_1submit__order__nodes_1_1SubmitOrderClient_1aef42a3d18ec6cf8c9f1724d78f5e5f8b" kindref="member">cli</ref>.call_async(self.<ref refid="classgroup5__rwa__3_1_1submit__order__nodes_1_1SubmitOrderClient_1a4915882abd7ae5bd0b34ae2b7ef259af" kindref="member">req</ref>)</highlight></codeline>
<codeline lineno="27"><highlight class="normal"><sp/><sp/><sp/><sp/><sp/><sp/><sp/><sp/>rclpy.spin_until_future_complete(self,<sp/>self.<ref refid="classgroup5__rwa__3_1_1submit__order__nodes_1_1SubmitOrderClient_1a75bcfa86b4201d258487aa16973dd133" kindref="member">future</ref>)</highlight></codeline>
<codeline lineno="28"><highlight class="normal"><sp/><sp/><sp/><sp/><sp/><sp/><sp/><sp/></highlight><highlight class="keywordflow">return</highlight><highlight class="normal"><sp/>self.<ref refid="classgroup5__rwa__3_1_1submit__order__nodes_1_1SubmitOrderClient_1a75bcfa86b4201d258487aa16973dd133" kindref="member">future</ref>.result()</highlight></codeline>
<codeline lineno="29"><highlight class="normal"></highlight></codeline>
<codeline lineno="30"><highlight class="normal"></highlight></codeline>
<codeline lineno="31" refid="classgroup5__rwa__3_1_1submit__order__nodes_1_1SubmitStatePublisher" refkind="compound"><highlight class="normal"></highlight><highlight class="keyword">class<sp/></highlight><highlight class="normal"><ref refid="classgroup5__rwa__3_1_1submit__order__nodes_1_1SubmitStatePublisher" kindref="compound">SubmitStatePublisher</ref>(Node):</highlight></codeline>
<codeline lineno="32"><highlight class="normal"><sp/><sp/><sp/><sp/></highlight><highlight class="stringliteral">&quot;&quot;&quot;</highlight></codeline>
<codeline lineno="33"><highlight class="stringliteral"><sp/><sp/><sp/><sp/>Publisher<sp/>class<sp/>-<sp/>Publishes<sp/>submission<sp/>state<sp/>(True/False)<sp/>on<sp/>ROS<sp/>TOPIC<sp/>/submit_state</highlight></codeline>
<codeline lineno="34"><highlight class="stringliteral"><sp/><sp/><sp/><sp/>&quot;&quot;&quot;</highlight><highlight class="normal"></highlight></codeline>
<codeline lineno="35"><highlight class="normal"><sp/><sp/><sp/><sp/></highlight></codeline>
<codeline lineno="36"><highlight class="normal"><sp/><sp/><sp/><sp/></highlight><highlight class="comment">#<sp/>initialization</highlight><highlight class="normal"></highlight></codeline>
<codeline lineno="37"><highlight class="normal"><sp/><sp/><sp/><sp/></highlight><highlight class="keyword">def<sp/></highlight><highlight class="normal">__init__(self,<sp/>data):</highlight></codeline>
<codeline lineno="38"><highlight class="normal"><sp/><sp/><sp/><sp/><sp/><sp/><sp/><sp/>super().__init__(</highlight><highlight class="stringliteral">&apos;submit_state_publisher&apos;</highlight><highlight class="normal">)</highlight></codeline>
<codeline lineno="39"><highlight class="normal"><sp/><sp/><sp/><sp/><sp/><sp/><sp/><sp/>self.<ref refid="classgroup5__rwa__3_1_1submit__order__nodes_1_1SubmitStatePublisher_1a57d11086f671794d5654a547449a2739" kindref="member">data</ref><sp/>=<sp/>data</highlight></codeline>
<codeline lineno="40"><highlight class="normal"><sp/><sp/><sp/><sp/><sp/><sp/><sp/><sp/>self.<ref refid="classgroup5__rwa__3_1_1submit__order__nodes_1_1SubmitStatePublisher_1a14aefa0197a18fc60d26c87416d9dee0" kindref="member">publisher_</ref><sp/>=<sp/>self.create_publisher(Bool,<sp/></highlight><highlight class="stringliteral">&apos;submit_state&apos;</highlight><highlight class="normal">,<sp/>10)</highlight></codeline>
<codeline lineno="41"><highlight class="normal"><sp/><sp/><sp/><sp/><sp/><sp/><sp/><sp/>timer_period<sp/>=<sp/>0.5<sp/><sp/></highlight><highlight class="comment">#<sp/>seconds</highlight><highlight class="normal"></highlight></codeline>
<codeline lineno="42"><highlight class="normal"><sp/><sp/><sp/><sp/><sp/><sp/><sp/><sp/>self.<ref refid="classgroup5__rwa__3_1_1submit__order__nodes_1_1SubmitStatePublisher_1a7fea7ba202302b1c588849bbe31579a0" kindref="member">timer</ref><sp/>=<sp/>self.create_timer(timer_period,<sp/>self.<ref refid="classgroup5__rwa__3_1_1submit__order__nodes_1_1SubmitStatePublisher_1a03a43dcb5ce49eb88596b0aca8a6aeae" kindref="member">timer_callback</ref>)</highlight></codeline>
<codeline lineno="43"><highlight class="normal"></highlight></codeline>
<codeline lineno="44"><highlight class="normal"><sp/><sp/><sp/><sp/></highlight><highlight class="comment">#<sp/>update<sp/>topic<sp/>data</highlight><highlight class="normal"></highlight></codeline>
<codeline lineno="45"><highlight class="normal"><sp/><sp/><sp/><sp/></highlight><highlight class="keyword">def<sp/></highlight><highlight class="normal">update_data(self,<sp/>data_update):</highlight></codeline>
<codeline lineno="46"><highlight class="normal"><sp/><sp/><sp/><sp/><sp/><sp/><sp/><sp/>self.<ref refid="classgroup5__rwa__3_1_1submit__order__nodes_1_1SubmitStatePublisher_1a57d11086f671794d5654a547449a2739" kindref="member">data</ref><sp/>=<sp/>data_update</highlight></codeline>
<codeline lineno="47"><highlight class="normal"></highlight></codeline>
<codeline lineno="48"><highlight class="normal"><sp/><sp/><sp/><sp/></highlight><highlight class="comment">#<sp/>callback<sp/>function<sp/>for<sp/>publishing<sp/>submit_state<sp/>topic</highlight><highlight class="normal"></highlight></codeline>
<codeline lineno="49"><highlight class="normal"><sp/><sp/><sp/><sp/></highlight><highlight class="keyword">def<sp/></highlight><highlight class="normal">timer_callback(self):</highlight></codeline>
<codeline lineno="50"><highlight class="normal"><sp/><sp/><sp/><sp/><sp/><sp/><sp/><sp/>msg<sp/>=<sp/>Bool()</highlight></codeline>
<codeline lineno="51"><highlight class="normal"><sp/><sp/><sp/><sp/><sp/><sp/><sp/><sp/>msg.data<sp/>=<sp/>self.<ref refid="classgroup5__rwa__3_1_1submit__order__nodes_1_1SubmitStatePublisher_1a57d11086f671794d5654a547449a2739" kindref="member">data</ref></highlight></codeline>
<codeline lineno="52"><highlight class="normal"><sp/><sp/><sp/><sp/><sp/><sp/><sp/><sp/>self.<ref refid="classgroup5__rwa__3_1_1submit__order__nodes_1_1SubmitStatePublisher_1a14aefa0197a18fc60d26c87416d9dee0" kindref="member">publisher_</ref>.publish(msg)</highlight></codeline>
<codeline lineno="53"><highlight class="normal"><sp/><sp/><sp/><sp/><sp/><sp/><sp/><sp/></highlight></codeline>
    </programlisting>
    <location file="/home/shubh/ariac_ws/src/group5/group5_rwa_3/include/group5_rwa_3/submit_order_nodes.py"/>
  </compounddef>
</doxygen>
